input_position,input_index,id_type,id_value,result_position,figi,ticker,name,exch_code,market_sector,security_type,security_type_2,security_description,composite_figi,share_class_figi,provider_warning,provider_error
0,0,TICKER,MRVL,0.0,BBG002JV5037,MRVL,MAVEN RENOVAR VCT PLC,PO,Equity,Closed-End Fund,Mutual Fund,MRVL,BBG000QXL3L5,BBG001SH8BP9,,
0,0,TICKER,MRVL,1.0,BBG006T7B0B4,MRVL,MAVEN RENOVAR VCT PLC,B3,Equity,Closed-End Fund,Mutual Fund,MRVL,BBG006T7B097,BBG001SH8BP9,,
0,0,TICKER,MRVL,2.0,BBG006TBD390,MRVL,MAVEN RENOVAR VCT PLC,L3,Equity,Closed-End Fund,Mutual Fund,MRVL,BBG006TBD381,BBG001SH8BP9,,
0,0,TICKER,MRVL,3.0,BBG00MXMTC99,MRVL,MARVEL BIOSCIENCES CORP,CN,Equity,Common Stock,Common Stock,MRVL,BBG00MXMTC99,BBG00MXMTCB6,,
0,0,TICKER,MRVL,4.0,BBG00NGL3MV9,MRVL,MARVEL BIOSCIENCES CORP,CV,Equity,Common Stock,Common Stock,MRVL,BBG00MXMTC99,BBG00MXMTCB6,,
0,0,TICKER,MRVL,5.0,BBG00NGL3MZ5,MRVL,MARVEL BIOSCIENCES CORP,CJ,Equity,Common Stock,Common Stock,MRVL,BBG00MXMTC99,BBG00MXMTCB6,,
0,0,TICKER,MRVL,6.0,BBG00NGL3N56,MRVL,MARVEL BIOSCIENCES CORP,TV,Equity,Common Stock,Common Stock,MRVL,BBG00MXMTC99,BBG00MXMTCB6,,
0,0,TICKER,MRVL,7.0,BBG00NGL3N83,MRVL,MARVEL BIOSCIENCES CORP,TN,Equity,Common Stock,Common Stock,MRVL,BBG00MXMTC99,BBG00MXMTCB6,,
0,0,TICKER,MRVL,8.0,BBG00NGL3N92,MRVL,MARVEL BIOSCIENCES CORP,TG,Equity,Common Stock,Common Stock,MRVL,BBG00MXMTC99,BBG00MXMTCB6,,
0,0,TICKER,MRVL,9.0,BBG00NGL3NB9,MRVL,MARVEL BIOSCIENCES CORP,TK,Equity,Common Stock,Common Stock,MRVL,BBG00MXMTC99,BBG00MXMTCB6,,
0,0,TICKER,MRVL,10.0,BBG00NGL3NC8,MRVL,MARVEL BIOSCIENCES CORP,TW,Equity,Common Stock,Common Stock,MRVL,BBG00MXMTC99,BBG00MXMTCB6,,
0,0,TICKER,MRVL,11.0,BBG00NGL3NH3,MRVL,MARVEL BIOSCIENCES CORP,DV,Equity,Common Stock,Common Stock,MRVL,BBG00MXMTC99,BBG00MXMTCB6,,
0,0,TICKER,MRVL,12.0,BBG00NGL3NJ1,MRVL,MARVEL BIOSCIENCES CORP,DS,Equity,Common Stock,Common Stock,MRVL,BBG00MXMTC99,BBG00MXMTCB6,,
0,0,TICKER,MRVL,13.0,BBG00NGL3NM7,MRVL,MARVEL BIOSCIENCES CORP,DG,Equity,Common Stock,Common Stock,MRVL,BBG00MXMTC99,BBG00MXMTCB6,,
0,0,TICKER,MRVL,14.0,BBG00NGL3NP4,MRVL,MARVEL BIOSCIENCES CORP,QF,Equity,Common Stock,Common Stock,MRVL,BBG00MXMTC99,BBG00MXMTCB6,,
0,0,TICKER,MRVL,15.0,BBG00NGL3NQ3,MRVL,MARVEL BIOSCIENCES CORP,QH,Equity,Common Stock,Common Stock,MRVL,BBG00MXMTC99,BBG00MXMTCB6,,
0,0,TICKER,MRVL,16.0,BBG00NGL3NT0,MRVL,MARVEL BIOSCIENCES CORP,DK,Equity,Common Stock,Common Stock,MRVL,BBG00MXMTC99,BBG00MXMTCB6,,
0,0,TICKER,MRVL,17.0,BBG00NGL3P06,MRVL,MARVEL BIOSCIENCES CORP,QG,Equity,Common Stock,Common Stock,MRVL,BBG00MXMTC99,BBG00MXMTCB6,,
0,0,TICKER,MRVL,18.0,BBG00ZXBJ153,MRVL,MARVELL TECHNOLOGY INC,US,Equity,Common Stock,Common Stock,MRVL,BBG00ZXBJ153,BBG00ZXBJ162,,
0,0,TICKER,MRVL,19.0,BBG01076BZ98,MRVL,MARVELL TECHNOLOGY INC,UA,Equity,Common Stock,Common Stock,MRVL,BBG00ZXBJ153,BBG00ZXBJ162,,
0,0,TICKER,MRVL,20.0,BBG01076BZB5,MRVL,MARVELL TECHNOLOGY INC,UC,Equity,Common Stock,Common Stock,MRVL,BBG00ZXBJ153,BBG00ZXBJ162,,
0,0,TICKER,MRVL,21.0,BBG01076BZD3,MRVL,MARVELL TECHNOLOGY INC,UN,Equity,Common Stock,Common Stock,MRVL,BBG00ZXBJ153,BBG00ZXBJ162,,
0,0,TICKER,MRVL,22.0,BBG01076BZF1,MRVL,MARVELL TECHNOLOGY INC,UP,Equity,Common Stock,Common Stock,MRVL,BBG00ZXBJ153,BBG00ZXBJ162,,
0,0,TICKER,MRVL,23.0,BBG01076BZH9,MRVL,MARVELL TECHNOLOGY INC,UB,Equity,Common Stock,Common Stock,MRVL,BBG00ZXBJ153,BBG00ZXBJ162,,
0,0,TICKER,MRVL,24.0,BBG01076BZK5,MRVL,MARVELL TECHNOLOGY INC,UM,Equity,Common Stock,Common Stock,MRVL,BBG00ZXBJ153,BBG00ZXBJ162,,
0,0,TICKER,MRVL,25.0,BBG01076BZL4,MRVL,MARVELL TECHNOLOGY INC,UX,Equity,Common Stock,Common Stock,MRVL,BBG00ZXBJ153,BBG00ZXBJ162,,
0,0,TICKER,MRVL,26.0,BBG01076BZS7,MRVL,MARVELL TECHNOLOGY INC,UD,Equity,Common Stock,Common Stock,MRVL,BBG00ZXBJ153,BBG00ZXBJ162,,
0,0,TICKER,MRVL,27.0,BBG01076BZW2,MRVL,MARVELL TECHNOLOGY INC,UW,Equity,Common Stock,Common Stock,MRVL,BBG00ZXBJ153,BBG00ZXBJ162,,
0,0,TICKER,MRVL,28.0,BBG01076BZX1,MRVL,MARVELL TECHNOLOGY INC,UF,Equity,Common Stock,Common Stock,MRVL,BBG00ZXBJ153,BBG00ZXBJ162,,
0,0,TICKER,MRVL,29.0,BBG01076BZZ9,MRVL,MARVELL TECHNOLOGY INC,VY,Equity,Common Stock,Common Stock,MRVL,BBG00ZXBJ153,BBG00ZXBJ162,,
0,0,TICKER,MRVL,30.0,BBG01076C003,MRVL,MARVELL TECHNOLOGY INC,VJ,Equity,Common Stock,Common Stock,MRVL,BBG00ZXBJ153,BBG00ZXBJ162,,
0,0,TICKER,MRVL,31.0,BBG01076C021,MRVL,MARVELL TECHNOLOGY INC,VK,Equity,Common Stock,Common Stock,MRVL,BBG00ZXBJ153,BBG00ZXBJ162,,
0,0,TICKER,MRVL,32.0,BBG01076C030,MRVL,MARVELL TECHNOLOGY INC,VF,Equity,Common Stock,Common Stock,MRVL,BBG00ZXBJ153,BBG00ZXBJ162,,
0,0,TICKER,MRVL,33.0,BBG01076C058,MRVL,MARVELL TECHNOLOGY INC,VL,Equity,Common Stock,Common Stock,MRVL,BBG00ZXBJ153,BBG00ZXBJ162,,
0,0,TICKER,MRVL,34.0,BBG01076C067,MRVL,MARVELL TECHNOLOGY INC,VP,Equity,Common Stock,Common Stock,MRVL,BBG00ZXBJ153,BBG00ZXBJ162,,
0,0,TICKER,MRVL,35.0,BBG01076C085,MRVL,MARVELL TECHNOLOGY INC,VG,Equity,Common Stock,Common Stock,MRVL,BBG00ZXBJ153,BBG00ZXBJ162,,
0,0,TICKER,MRVL,36.0,BBG011ZTKBB5,MRVL,MARVELL TECHNOLOGY INC,SW,Equity,Common Stock,Common Stock,MRVL,BBG011ZTKBB5,BBG00ZXBJ162,,
0,0,TICKER,MRVL,37.0,BBG011ZTKBD3,MRVL,MARVELL TECHNOLOGY INC,SE,Equity,Common Stock,Common Stock,MRVL,BBG011ZTKBB5,BBG00ZXBJ162,,
0,0,TICKER,MRVL,38.0,BBG011ZTKBJ7,MRVL,MARVELL TECHNOLOGY INC,BW,Equity,Common Stock,Common Stock,MRVL,BBG011ZTKBB5,BBG00ZXBJ162,,
0,0,TICKER,MRVL,39.0,BBG019LPMP55,MRVL,MARVEL BIOSCIENCES CORP,BF,Equity,Common Stock,Common Stock,MRVL,BBG00MXMTC99,BBG00MXMTCB6,,
0,0,TICKER,MRVL,40.0,BBG01C3NDDX9,MRVL,MARVELL TECHNOLOGY INC,AV,Equity,Common Stock,Common Stock,MRVL,BBG01C3NDDW0,BBG00ZXBJ162,,
0,0,TICKER,MRVL,41.0,BBG01J14TP73,MRVL,MARVEL BIOSCIENCES CORP,HD,Equity,Common Stock,Common Stock,MRVL,BBG00MXMTC99,BBG00MXMTCB6,,
0,0,TICKER,MRVL,42.0,BBG01J15JZ42,MRVL,MARVEL BIOSCIENCES CORP,HX,Equity,Common Stock,Common Stock,MRVL,BBG00MXMTC99,BBG00MXMTCB6,,
0,0,TICKER,MRVL,43.0,BBG01M5Z7713,MRVL,MARVELL TECHNOLOGY IN-CEDEAR,AR,Equity,CEDEAR,Depositary Receipt,MRVL,BBG01M5Z7713,BBG01M5Z7759,,
0,0,TICKER,MRVL,44.0,BBG01M5Z7722,MRVL,MARVELL TECHNOLOGY IN-CEDEAR,AF,Equity,CEDEAR,Depositary Receipt,MRVL,BBG01M5Z7713,BBG01M5Z7759,,
0,0,TICKER,MRVL,45.0,BBG01TV77SL3,MRVL,MAVEN RENOVAR VCT PLC,L1,Equity,Closed-End Fund,Mutual Fund,MRVL,BBG01TV77SK4,BBG001SH8BP9,,
0,0,TICKER,MRVL,46.0,BBG01V7ZH8F3,MRVL,MARVELL TECHNOLOGY INC,OC,Equity,Common Stock,Common Stock,MRVL,BBG00ZXBJ153,BBG00ZXBJ162,,
0,0,TICKER,MRVL,47.0,BBG01X4MS805,MRVL,MARVELL TECHNOLOGY INC,OD,Equity,Common Stock,Common Stock,MRVL,BBG00ZXBJ153,BBG00ZXBJ162,,
0,0,TICKER,MRVL,48.0,BBG021C06S94,MRVL,MARVELL TECHNOLOGY INC,VT,Equity,Common Stock,Common Stock,MRVL,BBG00ZXBJ153,BBG00ZXBJ162,,
0,0,TICKER,MRVL,49.0,BBG024YR9S29,MRVL,MARVELL TECHNOLOGY INC,ER,Equity,Common Stock,Common Stock,MRVL,BBG024YR9S10,BBG00ZXBJ162,,
1,1,TICKER,NVDA,0.0,BBG000BBJQV0,NVDA,NVIDIA CORP,US,Equity,Common Stock,Common Stock,NVDA,BBG000BBJQV0,BBG001S5TZJ6,,
1,1,TICKER,NVDA,1.0,BBG000BBJR84,NVDA,NVIDIA CORP,UA,Equity,Common Stock,Common Stock,NVDA,BBG000BBJQV0,BBG001S5TZJ6,,
1,1,TICKER,NVDA,2.0,BBG000BBJRH4,NVDA,NVIDIA CORP,UC,Equity,Common Stock,Common Stock,NVDA,BBG000BBJQV0,BBG001S5TZJ6,,
1,1,TICKER,NVDA,3.0,BBG000BBJS55,NVDA,NVIDIA CORP,UN,Equity,Common Stock,Common Stock,NVDA,BBG000BBJQV0,BBG001S5TZJ6,,
1,1,TICKER,NVDA,4.0,BBG000BBJSH2,NVDA,NVIDIA CORP,UP,Equity,Common Stock,Common Stock,NVDA,BBG000BBJQV0,BBG001S5TZJ6,,
1,1,TICKER,NVDA,5.0,BBG000BBJTN3,NVDA,NVIDIA CORP,UB,Equity,Common Stock,Common Stock,NVDA,BBG000BBJQV0,BBG001S5TZJ6,,
1,1,TICKER,NVDA,6.0,BBG000BBJW29,NVDA,NVIDIA CORP,UM,Equity,Common Stock,Common Stock,NVDA,BBG000BBJQV0,BBG001S5TZJ6,,
1,1,TICKER,NVDA,7.0,BBG000BBJWW6,NVDA,NVIDIA CORP,UX,Equity,Common Stock,Common Stock,NVDA,BBG000BBJQV0,BBG001S5TZJ6,,
1,1,TICKER,NVDA,8.0,BBG000BBJZK2,NVDA,NVIDIA CORP,UD,Equity,Common Stock,Common Stock,NVDA,BBG000BBJQV0,BBG001S5TZJ6,,
1,1,TICKER,NVDA,9.0,BBG000BBK0R0,NVDA,NVIDIA CORP,UW,Equity,Common Stock,Common Stock,NVDA,BBG000BBJQV0,BBG001S5TZJ6,,
1,1,TICKER,NVDA,10.0,BBG000BBK1P0,NVDA,NVIDIA CORP,UF,Equity,Common Stock,Common Stock,NVDA,BBG000BBJQV0,BBG001S5TZJ6,,
1,1,TICKER,NVDA,11.0,BBG000BBK1W2,NVDA,NVIDIA CORP,VY,Equity,Common Stock,Common Stock,NVDA,BBG000BBJQV0,BBG001S5TZJ6,,
1,1,TICKER,NVDA,12.0,BBG000BBK2B3,NVDA,NVIDIA CORP,VJ,Equity,Common Stock,Common Stock,NVDA,BBG000BBJQV0,BBG001S5TZJ6,,
1,1,TICKER,NVDA,13.0,BBG000BBK2J5,NVDA,NVIDIA CORP,VK,Equity,Common Stock,Common Stock,NVDA,BBG000BBJQV0,BBG001S5TZJ6,,
1,1,TICKER,NVDA,14.0,BBG006TLSPV8,NVDA,NVIDIA CORP,SW,Equity,Common Stock,Common Stock,NVDA,BBG006TLSPV8,BBG001S5TZJ6,,
1,1,TICKER,NVDA,15.0,BBG006TLSPX6,NVDA,NVIDIA CORP,SE,Equity,Common Stock,Common Stock,NVDA,BBG006TLSPV8,BBG001S5TZJ6,,
1,1,TICKER,NVDA,16.0,BBG006TLSQ19,NVDA,NVIDIA CORP,BW,Equity,Common Stock,Common Stock,NVDA,BBG006TLSPV8,BBG001S5TZJ6,,
1,1,TICKER,NVDA,17.0,BBG00DJCXPK0,NVDA,NVIDIA CORP,VF,Equity,Common Stock,Common Stock,NVDA,BBG000BBJQV0,BBG001S5TZJ6,,
1,1,TICKER,NVDA,18.0,BBG00GQ6S7X0,NVDA,NVIDIA CORP,AV,Equity,Common Stock,Common Stock,NVDA,BBG00GQ6S7W1,BBG001S5TZJ6,,
1,1,TICKER,NVDA,19.0,BBG00JLYBYQ5,NVDA,NVIDIA CORP,,M-Mkt,U.S. CP,CP,NVDA CP,,,,
1,1,TICKER,NVDA,20.0,BBG00JLYBYR4,NVDA,NVIDIA CORP,,M-Mkt,U.S. INT BEAR CP,CP,NVDA CPIB,,,,
1,1,TICKER,NVDA,21.0,BBG00P81VXC3,NVDA,NVIDIA CORP-CEDEAR,AR,Equity,CEDEAR,Depositary Receipt,NVDA,BBG00P81VXC3,BBG00P81VXJ6,,
1,1,TICKER,NVDA,22.0,BBG00P81VXD2,NVDA,NVIDIA CORP-CEDEAR,AF,Equity,CEDEAR,Depositary Receipt,NVDA,BBG00P81VXC3,BBG00P81VXJ6,,
1,1,TICKER,NVDA,23.0,BBG00PXNQS61,NVDA,NVIDIA CORP,PE,Equity,Common Stock,Common Stock,NVDA,BBG00PXNQS52,BBG001S5TZJ6,,
1,1,TICKER,NVDA,24.0,BBG00SXJPX19,NVDA,NVIDIA CORP,,M-Mkt,EURO MTN,MTN,NVDA EMTN,,,,
1,1,TICKER,NVDA,25.0,BBG00THD4DZ8,NVDA,NVIDIA CORP,VL,Equity,Common Stock,Common Stock,NVDA,BBG000BBJQV0,BBG001S5TZJ6,,
1,1,TICKER,NVDA,26.0,BBG00X1L86Z9,NVDA,NVIDIA CORP,VG,Equity,Common Stock,Common Stock,NVDA,BBG000BBJQV0,BBG001S5TZJ6,,
1,1,TICKER,NVDA,27.0,BBG00X1PPJ01,NVDA,NVIDIA CORP,VP,Equity,Common Stock,Common Stock,NVDA,BBG000BBJQV0,BBG001S5TZJ6,,
1,1,TICKER,NVDA,28.0,BBG01496JBK0,NVDA,NVIDIA CORP,UZ,Equity,Common Stock,Common Stock,NVDA,BBG01496JBJ2,BBG001S5TZJ6,,
1,1,TICKER,NVDA,29.0,BBG01496JBM8,NVDA,NVIDIA CORP,OU,Equity,Common Stock,Common Stock,NVDA,BBG01496JBJ2,BBG001S5TZJ6,,
1,1,TICKER,NVDA,30.0,BBG01496JBN7,NVDA,NVIDIA CORP,QU,Equity,Common Stock,Common Stock,NVDA,BBG01496JBJ2,BBG001S5TZJ6,,
1,1,TICKER,NVDA,31.0,BBG014T46N03,NVDA,NVIDIA CORP-CDR,CN,Equity,Canadian DR,Depositary Receipt,NVDA,BBG014T46N03,BBG014T46P17,,
1,1,TICKER,NVDA,32.0,BBG014T46N21,NVDA,NVIDIA CORP-CDR,CT,Equity,Canadian DR,Depositary Receipt,NVDA,BBG014T46N03,BBG014T46P17,,
1,1,TICKER,NVDA,33.0,BBG014T46N76,NVDA,NVIDIA CORP-CDR,CJ,Equity,Canadian DR,Depositary Receipt,NVDA,BBG014T46N03,BBG014T46P17,,
1,1,TICKER,NVDA,34.0,BBG014T46N94,NVDA,NVIDIA CORP-CDR,TR,Equity,Canadian DR,Depositary Receipt,NVDA,BBG014T46N03,BBG014T46P17,,
1,1,TICKER,NVDA,35.0,BBG014T46NC0,NVDA,NVIDIA CORP-CDR,TX,Equity,Canadian DR,Depositary Receipt,NVDA,BBG014T46N03,BBG014T46P17,,
1,1,TICKER,NVDA,36.0,BBG014T46ND9,NVDA,NVIDIA CORP-CDR,TA,Equity,Canadian DR,Depositary Receipt,NVDA,BBG014T46N03,BBG014T46P17,,
1,1,TICKER,NVDA,37.0,BBG014T46NG6,NVDA,NVIDIA CORP-CDR,TG,Equity,Canadian DR,Depositary Receipt,NVDA,BBG014T46N03,BBG014T46P17,,
1,1,TICKER,NVDA,38.0,BBG014T46NH5,NVDA,NVIDIA CORP-CDR,TK,Equity,Canadian DR,Depositary Receipt,NVDA,BBG014T46N03,BBG014T46P17,,
1,1,TICKER,NVDA,39.0,BBG014T46NJ3,NVDA,NVIDIA CORP-CDR,TW,Equity,Canadian DR,Depositary Receipt,NVDA,BBG014T46N03,BBG014T46P17,,
1,1,TICKER,NVDA,40.0,BBG014T46NP6,NVDA,NVIDIA CORP-CDR,DT,Equity,Canadian DR,Depositary Receipt,NVDA,BBG014T46N03,BBG014T46P17,,
1,1,TICKER,NVDA,41.0,BBG014T46NQ5,NVDA,NVIDIA CORP-CDR,DG,Equity,Canadian DR,Depositary Receipt,NVDA,BBG014T46N03,BBG014T46P17,,
1,1,TICKER,NVDA,42.0,BBG014T46NR4,NVDA,NVIDIA CORP-CDR,QF,Equity,Canadian DR,Depositary Receipt,NVDA,BBG014T46N03,BBG014T46P17,,
1,1,TICKER,NVDA,43.0,BBG014T46NS3,NVDA,NVIDIA CORP-CDR,QH,Equity,Canadian DR,Depositary Receipt,NVDA,BBG014T46N03,BBG014T46P17,,
1,1,TICKER,NVDA,44.0,BBG014T46NT2,NVDA,NVIDIA CORP-CDR,DJ,Equity,Canadian DR,Depositary Receipt,NVDA,BBG014T46N03,BBG014T46P17,,
1,1,TICKER,NVDA,45.0,BBG014T46P08,NVDA,NVIDIA CORP-CDR,QG,Equity,Canadian DR,Depositary Receipt,NVDA,BBG014T46N03,BBG014T46P17,,
1,1,TICKER,NVDA,46.0,BBG019LPP5T0,NVDA,NVIDIA CORP-CDR,BF,Equity,Canadian DR,Depositary Receipt,NVDA,BBG014T46N03,BBG014T46P17,,
1,1,TICKER,NVDA,47.0,BBG01J14W4M9,NVDA,NVIDIA CORP-CDR,HD,Equity,Canadian DR,Depositary Receipt,NVDA,BBG014T46N03,BBG014T46P17,,
1,1,TICKER,NVDA,48.0,BBG01J15LFH9,NVDA,NVIDIA CORP-CDR,HX,Equity,Canadian DR,Depositary Receipt,NVDA,BBG014T46N03,BBG014T46P17,,
1,1,TICKER,NVDA,49.0,BBG01NX6K372,NVDA,NVIDIA CORP,PW,Equity,Common Stock,Common Stock,NVDA,BBG01NX6K363,BBG001S5TZJ6,,
1,1,TICKER,NVDA,50.0,BBG01QSBFN90,NVDA,NVIDIA CORP,CI,Equity,Common Stock,Common Stock,NVDA,BBG01QSBFN90,BBG001S5TZJ6,,
1,1,TICKER,NVDA,51.0,BBG01QSBFNB7,NVDA,NVIDIA CORP,CC,Equity,Common Stock,Common Stock,NVDA,BBG01QSBFN90,BBG001S5TZJ6,,
1,1,TICKER,NVDA,52.0,BBG01V7W1VS2,NVDA,NVIDIA CORP,OC,Equity,Common Stock,Common Stock,NVDA,BBG000BBJQV0,BBG001S5TZJ6,,
1,1,TICKER,NVDA,53.0,BBG01X4JBV18,NVDA,NVIDIA CORP,OD,Equity,Common Stock,Common Stock,NVDA,BBG000BBJQV0,BBG001S5TZJ6,,
1,1,TICKER,NVDA,54.0,BBG021C17HJ4,NVDA,NVIDIA CORP,VT,Equity,Common Stock,Common Stock,NVDA,BBG000BBJQV0,BBG001S5TZJ6,,
1,1,TICKER,NVDA,55.0,BBG024Y1ZS45,NVDA,NVIDIA CORP,ER,Equity,Common Stock,Common Stock,NVDA,BBG024Y1ZS36,BBG001S5TZJ6,,
2,2,TICKER,6669,0.0,BBG00J4ZF054,6669,WIWYNN CORP,TT (Taiwan Stock Exchange),Equity,Common Stock,Common Stock,6669,BBG00J4ZF036,BBG00J4ZF090,,
2,2,TICKER,6669,1.0,BBG0123Q7KQ3,6669,ACOTEC SCIENTIFIC HOLDINGS L,HK,Equity,Common Stock,Common Stock,6669,BBG00ZQYS2M0,BBG00ZQYS2P7,,
2,2,TICKER,6669,2.0,BBG0250812Q4,6669,WIWYNN CORP,ER,Equity,Common Stock,Common Stock,6669,BBG0250812N7,BBG00J4ZF090,,
3,3,TICKER,VWS,0.0,BBG000BJBK53,VWS,VESTAS WIND SYSTEMS A/S,DC,Equity,Common Stock,Common Stock,VWS,BBG000BJBJM7,BBG001S7TVH3,,
3,3,TICKER,VWS,1.0,BBG000MT3Q37,VWS,VESTAS WIND SYSTEMS A/S,EO,Equity,Common Stock,Common Stock,VWS,BBG000MT3Q37,BBG001S7TVH3,,
3,3,TICKER,VWS,2.0,BBG000MT3S88,VWS,VESTAS WIND SYSTEMS A/S,XH,Equity,Common Stock,Common Stock,VWS,BBG000MT3Q37,BBG001S7TVH3,,
3,3,TICKER,VWS,3.0,BBG000MT3ST5,VWS,VESTAS WIND SYSTEMS A/S,XC,Equity,Common Stock,Common Stock,VWS,BBG000MT3Q37,BBG001S7TVH3,,
3,3,TICKER,VWS,4.0,BBG000MT3TG7,VWS,VESTAS WIND SYSTEMS A/S,XF,Equity,Common Stock,Common Stock,VWS,BBG000MT3Q37,BBG001S7TVH3,,
3,3,TICKER,VWS,5.0,BBG000MT3TX8,VWS,VESTAS WIND SYSTEMS A/S,XE,Equity,Common Stock,Common Stock,VWS,BBG000MT3Q37,BBG001S7TVH3,,
3,3,TICKER,VWS,6.0,BBG000MT3VQ1,VWS,VESTAS WIND SYSTEMS A/S,XJ,Equity,Common Stock,Common Stock,VWS,BBG000MT3Q37,BBG001S7TVH3,,
3,3,TICKER,VWS,7.0,BBG000MT3VW4,VWS,VESTAS WIND SYSTEMS A/S,XL,Equity,Common Stock,Common Stock,VWS,BBG000MT3Q37,BBG001S7TVH3,,
3,3,TICKER,VWS,8.0,BBG000MT3W07,VWS,VESTAS WIND SYSTEMS A/S,XG,Equity,Common Stock,Common Stock,VWS,BBG000MT3Q37,BBG001S7TVH3,,
3,3,TICKER,VWS,9.0,BBG000MT3WS7,VWS,VESTAS WIND SYSTEMS A/S,XO,Equity,Common Stock,Common Stock,VWS,BBG000MT3Q37,BBG001S7TVH3,,
3,3,TICKER,VWS,10.0,BBG000MT3YZ5,VWS,VESTAS WIND SYSTEMS A/S,XA,Equity,Common Stock,Common Stock,VWS,BBG000MT3Q37,BBG001S7TVH3,,
3,3,TICKER,VWS,11.0,BBG000MT3Z91,VWS,VESTAS WIND SYSTEMS A/S,E1,Equity,Common Stock,Common Stock,VWS,BBG000MT3Q37,BBG001S7TVH3,,
3,3,TICKER,VWS,12.0,BBG000MT40W1,VWS,VESTAS WIND SYSTEMS A/S,XW,Equity,Common Stock,Common Stock,VWS,BBG000MT3Q37,BBG001S7TVH3,,
3,3,TICKER,VWS,13.0,BBG000MT41S4,VWS,VESTAS WIND SYSTEMS A/S,EU,Equity,Common Stock,Common Stock,VWS,BBG000MT4168,BBG001S7TVH3,,
3,3,TICKER,VWS,14.0,BBG00591JM25,VWS,VESTAS WIND SYSTEMS A/S,XV,Equity,Common Stock,Common Stock,VWS,BBG000MT3Q37,BBG001S7TVH3,,
3,3,TICKER,VWS,15.0,BBG006TLX2X1,VWS,VESTAS WIND SYSTEMS A/S,SW,Equity,Common Stock,Common Stock,VWS,BBG006TLX2X1,BBG001S7TVH3,,
3,3,TICKER,VWS,16.0,BBG006TLX332,VWS,VESTAS WIND SYSTEMS A/S,BW,Equity,Common Stock,Common Stock,VWS,BBG006TLX2X1,BBG001S7TVH3,,
3,3,TICKER,VWS,17.0,BBG00FP4X2T8,VWS,VIET NAM WATER SANITATION AN,VN,Equity,Common Stock,Common Stock,VWS,BBG00FP4X2T8,BBG00FP4X2Y2,,
3,3,TICKER,VWS,18.0,BBG00FP4X2X3,VWS,VIET NAM WATER SANITATION AN,VU,Equity,Common Stock,Common Stock,VWS,BBG00FP4X2T8,BBG00FP4X2Y2,,
3,3,TICKER,VWS,19.0,BBG00JN7G7W9,VWS,VESTAS WIND SYSTEMS A/S,XX,Equity,Common Stock,Common Stock,VWS,BBG000MT3Q37,BBG001S7TVH3,,
3,3,TICKER,VWS,20.0,BBG00KDZJQQ7,VWS,VESTAS WIND SYSTEMS A/S,AV,Equity,Common Stock,Common Stock,VWS,BBG00KDZJQP8,BBG001S7TVH3,,
3,3,TICKER,VWS,21.0,BBG00PPY9C79,VWS,VESTAS WIND SYSTEMS A/S,EP,Equity,Common Stock,Common Stock,VWS,BBG00PPY9C60,BBG001S7TVH3,,
3,3,TICKER,VWS,22.0,BBG00PPY9CB4,VWS,VESTAS WIND SYSTEMS A/S,EZ,Equity,Common Stock,Common Stock,VWS,BBG00PPY9C97,BBG001S7TVH3,,
3,3,TICKER,VWS,23.0,BBG00Q5MPCS4,VWS,VESTAS WIND SYSTEMS A/S,X2,Equity,Common Stock,Common Stock,VWS,BBG000MT3Q37,BBG001S7TVH3,,
3,3,TICKER,VWS,24.0,BBG00QFY8YQ0,VWS,VESTAS WIND SYSTEMS A/S,X1,Equity,Common Stock,Common Stock,,BBG000MT3Q37,BBG001S7TVH3,,
3,3,TICKER,VWS,25.0,BBG00YJ7G5S0,VWS,VESTAS WIND SYSTEMS A/S,X9,Equity,Common Stock,Common Stock,VWS,BBG00YJ7G5R1,BBG001S7TVH3,,
3,3,TICKER,VWS,26.0,BBG024XZVTV3,VWS,VESTAS WIND SYSTEMS A/S,ER,Equity,Common Stock,Common Stock,VWS,BBG024XZVTT6,BBG001S7TVH3,,
4,4,TICKER,BMY,0.0,BBG000D8KNJ4,BMY,BLOOMSBURY PUBLISHING PLC,LN,Equity,Common Stock,Common Stock,BMY,BBG000D8JLD6,BBG001S865P4,,
4,4,TICKER,BMY,1.0,BBG000DQLV23,BMY,BRISTOL-MYERS SQUIBB CO,US,Equity,Common Stock,Common Stock,BMY,BBG000DQLV23,BBG001S8N8J6,,
4,4,TICKER,BMY,2.0,BBG000DQLVD1,BMY,BRISTOL-MYERS SQUIBB CO,UA,Equity,Common Stock,Common Stock,BMY,BBG000DQLV23,BBG001S8N8J6,,
4,4,TICKER,BMY,3.0,BBG000DQLVP8,BMY,BRISTOL-MYERS SQUIBB CO,UC,Equity,Common Stock,Common Stock,BMY,BBG000DQLV23,BBG001S8N8J6,,
4,4,TICKER,BMY,4.0,BBG000DQLWT2,BMY,BRISTOL-MYERS SQUIBB CO,UN,Equity,Common Stock,Common Stock,BMY,BBG000DQLV23,BBG001S8N8J6,,
4,4,TICKER,BMY,5.0,BBG000DQLXR2,BMY,BRISTOL-MYERS SQUIBB CO,UP,Equity,Common Stock,Common Stock,BMY,BBG000DQLV23,BBG001S8N8J6,,
4,4,TICKER,BMY,6.0,BBG000DQLYS9,BMY,BRISTOL-MYERS SQUIBB CO,UB,Equity,Common Stock,Common Stock,BMY,BBG000DQLV23,BBG001S8N8J6,,
4,4,TICKER,BMY,7.0,BBG000DQLZ97,BMY,BRISTOL-MYERS SQUIBB CO,UT,Equity,Common Stock,Common Stock,BMY,BBG000DQLV23,BBG001S8N8J6,,
4,4,TICKER,BMY,8.0,BBG000DQM048,BMY,BRISTOL-MYERS SQUIBB CO,UM,Equity,Common Stock,Common Stock,BMY,BBG000DQLV23,BBG001S8N8J6,,
4,4,TICKER,BMY,9.0,BBG000DQM0H4,BMY,BRISTOL-MYERS SQUIBB CO,UX,Equity,Common Stock,Common Stock,BMY,BBG000DQLV23,BBG001S8N8J6,,
4,4,TICKER,BMY,10.0,BBG000DQM342,BMY,BRISTOL-MYERS SQUIBB CO,UD,Equity,Common Stock,Common Stock,BMY,BBG000DQLV23,BBG001S8N8J6,,
4,4,TICKER,BMY,11.0,BBG000DQM592,BMY,BRISTOL-MYERS SQUIBB CO,UF,Equity,Common Stock,Common Stock,BMY,BBG000DQLV23,BBG001S8N8J6,,
4,4,TICKER,BMY,12.0,BBG000DQM5N6,BMY,BRISTOL-MYERS SQUIBB CO,VY,Equity,Common Stock,Common Stock,BMY,BBG000DQLV23,BBG001S8N8J6,,
4,4,TICKER,BMY,13.0,BBG000DQN760,BMY,BRISTOL-MYERS SQUIBB CO,VJ,Equity,Common Stock,Common Stock,BMY,BBG000DQLV23,BBG001S8N8J6,,
4,4,TICKER,BMY,14.0,BBG000DQN7K4,BMY,BRISTOL-MYERS SQUIBB CO,VK,Equity,Common Stock,Common Stock,BMY,BBG000DQLV23,BBG001S8N8J6,,
4,4,TICKER,BMY,15.0,BBG000L7BM81,BMY,BRISTOL-MYERS SQUIBB -CEDEAR,AR,Equity,CEDEAR,Depositary Receipt,BMY,BBG000L7BM81,BBG001SNFS99,,
4,4,TICKER,BMY,16.0,BBG000L7BMZ1,BMY,BRISTOL-MYERS SQUIBB -CEDEAR,AF,Equity,CEDEAR,Depositary Receipt,BMY,BBG000L7BM81,BBG001SNFS99,,
4,4,TICKER,BMY,17.0,BBG000M5PZH0,BMY,MEXICO BRADY BOND INDEX,CBT,Comdty,Physical commodity spot.,Comdty,BMY,,,,
4,4,TICKER,BMY,18.0,BBG000Q4VQ73,BMY,BLOOMSBURY PUBLISHING PLC,PZ,Equity,Common Stock,Common Stock,BMY,BBG000Q4VQ00,BBG001S865P4,,
4,4,TICKER,BMY,19.0,BBG000QX7Q21,BMY,BLOOMSBURY PUBLISHING PLC,EO,Equity,Common Stock,Common Stock,BMY,BBG000QX7Q21,BBG001S865P4,,
4,4,TICKER,BMY,20.0,BBG000QX7RK9,BMY,BLOOMSBURY PUBLISHING PLC,XH,Equity,Common Stock,Common Stock,BMY,BBG000QX7Q21,BBG001S865P4,,
4,4,TICKER,BMY,21.0,BBG000QX7S54,BMY,BLOOMSBURY PUBLISHING PLC,XC,Equity,Common Stock,Common Stock,BMY,BBG000QX7Q21,BBG001S865P4,,
4,4,TICKER,BMY,22.0,BBG000QX7TD3,BMY,BLOOMSBURY PUBLISHING PLC,XF,Equity,Common Stock,Common Stock,BMY,BBG000QX7Q21,BBG001S865P4,,
4,4,TICKER,BMY,23.0,BBG000QX7VB0,BMY,BLOOMSBURY PUBLISHING PLC,XE,Equity,Common Stock,Common Stock,BMY,BBG000QX7Q21,BBG001S865P4,,
4,4,TICKER,BMY,24.0,BBG000QX7VF6,BMY,BLOOMSBURY PUBLISHING PLC,XJ,Equity,Common Stock,Common Stock,BMY,BBG000QX7Q21,BBG001S865P4,,
4,4,TICKER,BMY,25.0,BBG000QX7VL9,BMY,BLOOMSBURY PUBLISHING PLC,XL,Equity,Common Stock,Common Stock,BMY,BBG000QX7Q21,BBG001S865P4,,
4,4,TICKER,BMY,26.0,BBG000QX7VT1,BMY,BLOOMSBURY PUBLISHING PLC,XG,Equity,Common Stock,Common Stock,BMY,BBG000QX7Q21,BBG001S865P4,,
4,4,TICKER,BMY,27.0,BBG000QX7W82,BMY,BLOOMSBURY PUBLISHING PLC,XO,Equity,Common Stock,Common Stock,BMY,BBG000QX7Q21,BBG001S865P4,,
4,4,TICKER,BMY,28.0,BBG000QX7WX4,BMY,BLOOMSBURY PUBLISHING PLC,XP,Equity,Common Stock,Common Stock,BMY,BBG000QX7Q21,BBG001S865P4,,
4,4,TICKER,BMY,29.0,BBG000QX7Y06,BMY,BLOOMSBURY PUBLISHING PLC,XS,Equity,Common Stock,Common Stock,BMY,BBG000QX7Q21,BBG001S865P4,,
4,4,TICKER,BMY,30.0,BBG000QX7YJ6,BMY,BLOOMSBURY PUBLISHING PLC,XA,Equity,Common Stock,Common Stock,BMY,BBG000QX7Q21,BBG001S865P4,,
4,4,TICKER,BMY,31.0,BBG000QX7YX0,BMY,BLOOMSBURY PUBLISHING PLC,E1,Equity,Common Stock,Common Stock,BMY,BBG000QX7Q21,BBG001S865P4,,
4,4,TICKER,BMY,32.0,BBG000QX7Z58,BMY,BLOOMSBURY PUBLISHING PLC,XW,Equity,Common Stock,Common Stock,BMY,BBG000QX7Q21,BBG001S865P4,,
4,4,TICKER,BMY,33.0,BBG000QX8027,BMY,BLOOMSBURY PUBLISHING PLC,EU,Equity,Common Stock,Common Stock,BMY,BBG000QX7ZW8,BBG001S865P4,,
4,4,TICKER,BMY,34.0,BBG0013TPD22,BMY,BRISTOL-MYERS SQUIBB EUR,,M-Mkt,EURO CP,CP,BMY ECP,,,,
4,4,TICKER,BMY,35.0,BBG00591KJS2,BMY,BLOOMSBURY PUBLISHING PLC,XV,Equity,Common Stock,Common Stock,BMY,BBG000QX7Q21,BBG001S865P4,,
4,4,TICKER,BMY,36.0,BBG006TLNGD3,BMY,BRISTOL-MYERS SQUIBB CO,SW,Equity,Common Stock,Common Stock,BMY,BBG006TLNGD3,BBG001S8N8J6,,
4,4,TICKER,BMY,37.0,BBG006TLNGG0,BMY,BRISTOL-MYERS SQUIBB CO,SE,Equity,Common Stock,Common Stock,BMY,BBG006TLNGD3,BBG001S8N8J6,,
4,4,TICKER,BMY,38.0,BBG006TLNGL4,BMY,BRISTOL-MYERS SQUIBB CO,BW,Equity,Common Stock,Common Stock,BMY,BBG006TLNGD3,BBG001S8N8J6,,
4,4,TICKER,BMY,39.0,BBG00DJDDJB4,BMY,BRISTOL-MYERS SQUIBB CO,VF,Equity,Common Stock,Common Stock,BMY,BBG000DQLV23,BBG001S8N8J6,,
4,4,TICKER,BMY,40.0,BBG00JN7H5L4,BMY,BLOOMSBURY PUBLISHING PLC,XX,Equity,Common Stock,Common Stock,BMY,BBG000QX7Q21,BBG001S865P4,,
4,4,TICKER,BMY,41.0,BBG00Q53T2H6,BMY,BLOOMSBURY PUBLISHING PLC,EP,Equity,Common Stock,Common Stock,BMY,BBG00Q53T2G7,BBG001S865P4,,
4,4,TICKER,BMY,42.0,BBG00Q53W674,BMY,BLOOMSBURY PUBLISHING PLC,EZ,Equity,Common Stock,Common Stock,BMY,BBG00Q53W665,BBG001S865P4,,
4,4,TICKER,BMY,43.0,BBG00Q6R5LQ6,BMY,BLOOMSBURY PUBLISHING PLC,X2,Equity,Common Stock,Common Stock,BMY,BBG000QX7Q21,BBG001S865P4,,
4,4,TICKER,BMY,44.0,BBG00QFY9WF5,BMY,BLOOMSBURY PUBLISHING PLC,X1,Equity,Common Stock,Common Stock,,BBG000QX7Q21,BBG001S865P4,,
4,4,TICKER,BMY,45.0,BBG00THDM5R4,BMY,BRISTOL-MYERS SQUIBB CO,VL,Equity,Common Stock,Common Stock,BMY,BBG000DQLV23,BBG001S8N8J6,,
4,4,TICKER,BMY,46.0,BBG00X1LQZV9,BMY,BRISTOL-MYERS SQUIBB CO,VG,Equity,Common Stock,Common Stock,BMY,BBG000DQLV23,BBG001S8N8J6,,
4,4,TICKER,BMY,47.0,BBG00X1Q58S5,BMY,BRISTOL-MYERS SQUIBB CO,VP,Equity,Common Stock,Common Stock,BMY,BBG000DQLV23,BBG001S8N8J6,,
4,4,TICKER,BMY,48.0,BBG00YB97PY3,BMY,BRISTOL-MYERS SQUIBB CO,PE,Equity,Common Stock,Common Stock,BMY,BBG00YB97PX4,BBG001S8N8J6,,
4,4,TICKER,BMY,49.0,BBG00YJ7W7P1,BMY,BLOOMSBURY PUBLISHING PLC,X9,Equity,Common Stock,Common Stock,BMY,BBG00YJ7W7N3,BBG001S865P4,,
4,4,TICKER,BMY,50.0,BBG01V7WJML0,BMY,BRISTOL-MYERS SQUIBB CO,OC,Equity,Common Stock,Common Stock,BMY,BBG000DQLV23,BBG001S8N8J6,,
4,4,TICKER,BMY,51.0,BBG01X4JTLY5,BMY,BRISTOL-MYERS SQUIBB CO,OD,Equity,Common Stock,Common Stock,BMY,BBG000DQLV23,BBG001S8N8J6,,
4,4,TICKER,BMY,52.0,BBG021C1R660,BMY,BRISTOL-MYERS SQUIBB CO,VT,Equity,Common Stock,Common Stock,BMY,BBG000DQLV23,BBG001S8N8J6,,
4,4,TICKER,BMY,53.0,BBG024YLYC65,BMY,BRISTOL-MYERS SQUIBB CO,ER,Equity,Common Stock,Common Stock,BMY,BBG024YLYC56,BBG001S8N8J6,,
5,5,TICKER,TSN,0.0,BBG000DKCC19,TSN,TYSON FOODS INC-CL A,US,Equity,Common Stock,Common Stock,TSN,BBG000DKCC19,BBG001S871D5,,
5,5,TICKER,TSN,1.0,BBG000DKCCC7,TSN,TYSON FOODS INC-CL A,UA,Equity,Common Stock,Common Stock,TSN,BBG000DKCC19,BBG001S871D5,,
5,5,TICKER,TSN,2.0,BBG000DKCD35,TSN,TYSON FOODS INC-CL A,UC,Equity,Common Stock,Common Stock,TSN,BBG000DKCC19,BBG001S871D5,,
5,5,TICKER,TSN,3.0,BBG000DKCFD9,TSN,TYSON FOODS INC-CL A,UN,Equity,Common Stock,Common Stock,TSN,BBG000DKCC19,BBG001S871D5,,
5,5,TICKER,TSN,4.0,BBG000DKCFP6,TSN,TYSON FOODS INC-CL A,UP,Equity,Common Stock,Common Stock,TSN,BBG000DKCC19,BBG001S871D5,,
5,5,TICKER,TSN,5.0,BBG000DKCGR2,TSN,TYSON FOODS INC-CL A,UB,Equity,Common Stock,Common Stock,TSN,BBG000DKCC19,BBG001S871D5,,
5,5,TICKER,TSN,6.0,BBG000DKCH18,TSN,TYSON FOODS INC-CL A,UT,Equity,Common Stock,Common Stock,TSN,BBG000DKCC19,BBG001S871D5,,
5,5,TICKER,TSN,7.0,BBG000DKCH90,TSN,TYSON FOODS INC-CL A,UM,Equity,Common Stock,Common Stock,TSN,BBG000DKCC19,BBG001S871D5,,
5,5,TICKER,TSN,8.0,BBG000DKCHV5,TSN,TYSON FOODS INC-CL A,UX,Equity,Common Stock,Common Stock,TSN,BBG000DKCC19,BBG001S871D5,,
5,5,TICKER,TSN,9.0,BBG000DKDNQ7,TSN,TYSON FOODS INC-CL A,UD,Equity,Common Stock,Common Stock,TSN,BBG000DKCC19,BBG001S871D5,,
5,5,TICKER,TSN,10.0,BBG000DKDR24,TSN,TYSON FOODS INC-CL A,UF,Equity,Common Stock,Common Stock,TSN,BBG000DKCC19,BBG001S871D5,,
5,5,TICKER,TSN,11.0,BBG000DKDRM2,TSN,TYSON FOODS INC-CL A,VY,Equity,Common Stock,Common Stock,TSN,BBG000DKCC19,BBG001S871D5,,
5,5,TICKER,TSN,12.0,BBG000DKDS13,TSN,TYSON FOODS INC-CL A,VJ,Equity,Common Stock,Common Stock,TSN,BBG000DKCC19,BBG001S871D5,,
5,5,TICKER,TSN,13.0,BBG000DKDSF8,TSN,TYSON FOODS INC-CL A,VK,Equity,Common Stock,Common Stock,TSN,BBG000DKCC19,BBG001S871D5,,
5,5,TICKER,TSN,14.0,BBG000GJKBT2,TSN,TSAGAANNUUR JSC,MO,Equity,Common Stock,Common Stock,TSN,BBG000GJK9Q0,BBG001SNXWT8,,
5,5,TICKER,TSN,15.0,BBG000RC6738,TSN,ALINA HOLDINGS PLC,GR,Equity,REIT,REIT,TSN,BBG000RC6738,BBG001SQCLN4,,
5,5,TICKER,TSN,16.0,BBG000RC67K9,TSN,ALINA HOLDINGS PLC,GF,Equity,REIT,REIT,TSN,BBG000RC6738,BBG001SQCLN4,,
5,5,TICKER,TSN,17.0,BBG00DJDBS99,TSN,TYSON FOODS INC-CL A,VF,Equity,Common Stock,Common Stock,TSN,BBG000DKCC19,BBG001S871D5,,
5,5,TICKER,TSN,18.0,BBG00G7CMQZ0,TSN,TYSON FOODS INC,,M-Mkt,U.S. CP,CP,TSN CP,,,,
5,5,TICKER,TSN,19.0,BBG00G7CN3J8,TSN,TYSON FOODS INC,,M-Mkt,U.S. INT BEAR CP,CP,TSN CPIB,,,,
5,5,TICKER,TSN,20.0,BBG00THDKGT0,TSN,TYSON FOODS INC-CL A,VL,Equity,Common Stock,Common Stock,TSN,BBG000DKCC19,BBG001S871D5,,
5,5,TICKER,TSN,21.0,BBG00X1LP8W9,TSN,TYSON FOODS INC-CL A,VG,Equity,Common Stock,Common Stock,TSN,BBG000DKCC19,BBG001S871D5,,
5,5,TICKER,TSN,22.0,BBG00X1Q3KV6,TSN,TYSON FOODS INC-CL A,VP,Equity,Common Stock,Common Stock,TSN,BBG000DKCC19,BBG001S871D5,,
5,5,TICKER,TSN,23.0,BBG00YFGBHR4,TSN,TYSON FOODS INC-CL A,PE,Equity,Common Stock,Common Stock,TSN,BBG00YFGBHQ5,BBG001S871D5,,
5,5,TICKER,TSN,24.0,BBG011RJ68X5,TSN,TYSON FOODS INC-CL A,AV,Equity,Common Stock,Common Stock,TSN,BBG011RJ68W6,BBG001S871D5,,
5,5,TICKER,TSN,25.0,BBG01V7WGXL9,TSN,TYSON FOODS INC-CL A,OC,Equity,Common Stock,Common Stock,TSN,BBG000DKCC19,BBG001S871D5,,
5,5,TICKER,TSN,26.0,BBG01X4JRWY3,TSN,TYSON FOODS INC-CL A,OD,Equity,Common Stock,Common Stock,TSN,BBG000DKCC19,BBG001S871D5,,
5,5,TICKER,TSN,27.0,BBG021C26D11,TSN,TYSON FOODS INC-CL A,VT,Equity,Common Stock,Common Stock,TSN,BBG000DKCC19,BBG001S871D5,,
5,5,TICKER,TSN,28.0,BBG02509LVH6,TSN,TYSON FOODS INC-CL A,ER,Equity,Common Stock,Common Stock,TSN,BBG02509LVG7,BBG001S871D5,,
6,6,TICKER,FSLR,0.0,BBG000BFL116,FSLR,FIRST SOLAR INC,US,Equity,Common Stock,Common Stock,FSLR,BBG000BFL116,BBG001S991Z7,,
6,6,TICKER,FSLR,1.0,BBG000BFL1L4,FSLR,FIRST SOLAR INC,UA,Equity,Common Stock,Common Stock,FSLR,BBG000BFL116,BBG001S991Z7,,
6,6,TICKER,FSLR,2.0,BBG000BFL3D9,FSLR,FIRST SOLAR INC,UC,Equity,Common Stock,Common Stock,FSLR,BBG000BFL116,BBG001S991Z7,,
6,6,TICKER,FSLR,3.0,BBG000BFL401,FSLR,FIRST SOLAR INC,UN,Equity,Common Stock,Common Stock,FSLR,BBG000BFL116,BBG001S991Z7,,
6,6,TICKER,FSLR,4.0,BBG000BFL4D7,FSLR,FIRST SOLAR INC,UP,Equity,Common Stock,Common Stock,FSLR,BBG000BFL116,BBG001S991Z7,,
6,6,TICKER,FSLR,5.0,BBG000BFL553,FSLR,FIRST SOLAR INC,UB,Equity,Common Stock,Common Stock,FSLR,BBG000BFL116,BBG001S991Z7,,
6,6,TICKER,FSLR,6.0,BBG000BFL679,FSLR,FIRST SOLAR INC,UM,Equity,Common Stock,Common Stock,FSLR,BBG000BFL116,BBG001S991Z7,,
6,6,TICKER,FSLR,7.0,BBG000BFL6H8,FSLR,FIRST SOLAR INC,UX,Equity,Common Stock,Common Stock,FSLR,BBG000BFL116,BBG001S991Z7,,
6,6,TICKER,FSLR,8.0,BBG000BFLBB3,FSLR,FIRST SOLAR INC,UD,Equity,Common Stock,Common Stock,FSLR,BBG000BFL116,BBG001S991Z7,,
6,6,TICKER,FSLR,9.0,BBG000BFLCG6,FSLR,FIRST SOLAR INC,UW,Equity,Common Stock,Common Stock,FSLR,BBG000BFL116,BBG001S991Z7,,
6,6,TICKER,FSLR,10.0,BBG000BFLD10,FSLR,FIRST SOLAR INC,UF,Equity,Common Stock,Common Stock,FSLR,BBG000BFL116,BBG001S991Z7,,
6,6,TICKER,FSLR,11.0,BBG000BFLDQ3,FSLR,FIRST SOLAR INC,VY,Equity,Common Stock,Common Stock,FSLR,BBG000BFL116,BBG001S991Z7,,
6,6,TICKER,FSLR,12.0,BBG000BFLDX5,FSLR,FIRST SOLAR INC,VJ,Equity,Common Stock,Common Stock,FSLR,BBG000BFL116,BBG001S991Z7,,
6,6,TICKER,FSLR,13.0,BBG000BFLF88,FSLR,FIRST SOLAR INC,VK,Equity,Common Stock,Common Stock,FSLR,BBG000BFL116,BBG001S991Z7,,
6,6,TICKER,FSLR,14.0,BBG000WHS3G2,FSLR,FIRST SOLAR INC - CEDEAR,AR,Equity,CEDEAR,Depositary Receipt,FSLR,BBG000WHS3G2,BBG001T99C64,,
6,6,TICKER,FSLR,15.0,BBG000WHS3R0,FSLR,FIRST SOLAR INC - CEDEAR,AF,Equity,CEDEAR,Depositary Receipt,FSLR,BBG000WHS3G2,BBG001T99C64,,
6,6,TICKER,FSLR,16.0,BBG007FJNWT9,FSLR,FIRST SOLAR INC,SW,Equity,Common Stock,Common Stock,FSLR,BBG007FJNWT9,BBG001S991Z7,,
6,6,TICKER,FSLR,17.0,BBG007FJNWW5,FSLR,FIRST SOLAR INC,SE,Equity,Common Stock,Common Stock,FSLR,BBG007FJNWT9,BBG001S991Z7,,
6,6,TICKER,FSLR,18.0,BBG007FJNX08,FSLR,FIRST SOLAR INC,BW,Equity,Common Stock,Common Stock,FSLR,BBG007FJNWT9,BBG001S991Z7,,
6,6,TICKER,FSLR,19.0,BBG00DJDH2W4,FSLR,FIRST SOLAR INC,VF,Equity,Common Stock,Common Stock,FSLR,BBG000BFL116,BBG001S991Z7,,
6,6,TICKER,FSLR,20.0,BBG00KTDVX62,FSLR,FIRST SOLAR INC,AV,Equity,Common Stock,Common Stock,FSLR,BBG00KTDVX53,BBG001S991Z7,,
6,6,TICKER,FSLR,21.0,BBG00THDPR66,FSLR,FIRST SOLAR INC,VL,Equity,Common Stock,Common Stock,FSLR,BBG000BFL116,BBG001S991Z7,,
6,6,TICKER,FSLR,22.0,BBG00X1LTK94,FSLR,FIRST SOLAR INC,VG,Equity,Common Stock,Common Stock,FSLR,BBG000BFL116,BBG001S991Z7,,
6,6,TICKER,FSLR,23.0,BBG00X1Q7V75,FSLR,FIRST SOLAR INC,VP,Equity,Common Stock,Common Stock,FSLR,BBG000BFL116,BBG001S991Z7,,
6,6,TICKER,FSLR,24.0,BBG01V7WM640,FSLR,FIRST SOLAR INC,OC,Equity,Common Stock,Common Stock,FSLR,BBG000BFL116,BBG001S991Z7,,
6,6,TICKER,FSLR,25.0,BBG01X4JX5J2,FSLR,FIRST SOLAR INC,OD,Equity,Common Stock,Common Stock,FSLR,BBG000BFL116,BBG001S991Z7,,
6,6,TICKER,FSLR,26.0,BBG021C1P4T2,FSLR,FIRST SOLAR INC,VT,Equity,Common Stock,Common Stock,FSLR,BBG000BFL116,BBG001S991Z7,,
6,6,TICKER,FSLR,27.0,BBG024YGVG79,FSLR,FIRST SOLAR INC,ER,Equity,Common Stock,Common Stock,FSLR,BBG024YGVG51,BBG001S991Z7,,
7,7,TICKER,9020,0.0,BBG000BJ2DR5,9020,EAST JAPAN RAILWAY CO,JP,Equity,Common Stock,Common Stock,9020,BBG000BJ2DR5,BBG001S7F0R5,,
7,7,TICKER,9020,1.0,BBG000BJ2F18,9020,EAST JAPAN RAILWAY CO,JT,Equity,Common Stock,Common Stock,9020,BBG000BJ2DR5,BBG001S7F0R5,,
7,7,TICKER,9020,2.0,BBG000BJ2LX0,9020,EAST JAPAN RAILWAY CO,JJ,Equity,Common Stock,Common Stock,9020,BBG000BJ2DR5,BBG001S7F0R5,,
7,7,TICKER,9020,3.0,BBG000BJ2NG5,9020,EAST JAPAN RAILWAY CO,JE,Equity,Common Stock,Common Stock,9020,BBG000BJ2DR5,BBG001S7F0R5,,
7,7,TICKER,9020,4.0,BBG002QK8Y27,9020,EAST JAPAN RAILWAY CO,JU,Equity,Common Stock,Common Stock,9020,BBG000BJ2DR5,BBG001S7F0R5,,
7,7,TICKER,9020,5.0,BBG00875F952,9020,EAST JAPAN RAILWAY CO,JW,Equity,Common Stock,Common Stock,9020,BBG000BJ2DR5,BBG001S7F0R5,,
7,7,TICKER,9020,6.0,BBG0193R7JL4,9020,EAST JAPAN RAILWAY CO,JV,Equity,Common Stock,Common Stock,9020,BBG000BJ2DR5,BBG001S7F0R5,,
7,7,TICKER,9020,7.0,BBG0250F6FQ4,9020,EAST JAPAN RAILWAY CO,ER,Equity,Common Stock,Common Stock,9020,BBG0250F6FN7,BBG001S7F0R5,,
8,8,TICKER,NOVN,0.0,BBG000NQV2C4,NOVN,NOVARTIS AG-REG,SW,Equity,Common Stock,Common Stock,NOVN,BBG000NQV2C4,BBG001SD31N7,,
8,8,TICKER,NOVN,1.0,BBG000QPRCW4,NOVN,NOVARTIS AG-REG,EO,Equity,Common Stock,Common Stock,NOVN,BBG000QPRCW4,BBG001SD31N7,,
8,8,TICKER,NOVN,2.0,BBG000QPRFB0,NOVN,NOVARTIS AG-REG,XH,Equity,Common Stock,Common Stock,NOVN,BBG000QPRCW4,BBG001SD31N7,,
8,8,TICKER,NOVN,3.0,BBG000QPRFQ4,NOVN,NOVARTIS AG-REG,XC,Equity,Common Stock,Common Stock,NOVN,BBG000QPRCW4,BBG001SD31N7,,
8,8,TICKER,NOVN,4.0,BBG000QPRFV8,NOVN,NOVARTIS AG-REG,XF,Equity,Common Stock,Common Stock,NOVN,BBG000QPRCW4,BBG001SD31N7,,
8,8,TICKER,NOVN,5.0,BBG000QPRGJ0,NOVN,NOVARTIS AG-REG,XE,Equity,Common Stock,Common Stock,NOVN,BBG000QPRCW4,BBG001SD31N7,,
8,8,TICKER,NOVN,6.0,BBG000QPRGQ2,NOVN,NOVARTIS AG-REG,XJ,Equity,Common Stock,Common Stock,NOVN,BBG000QPRCW4,BBG001SD31N7,,
8,8,TICKER,NOVN,7.0,BBG000QPRH62,NOVN,NOVARTIS AG-REG,XL,Equity,Common Stock,Common Stock,NOVN,BBG000QPRCW4,BBG001SD31N7,,
8,8,TICKER,NOVN,8.0,BBG000QPRHK6,NOVN,NOVARTIS AG-REG,XG,Equity,Common Stock,Common Stock,NOVN,BBG000QPRCW4,BBG001SD31N7,,
8,8,TICKER,NOVN,9.0,BBG000QPRJG7,NOVN,NOVARTIS AG-REG,XO,Equity,Common Stock,Common Stock,NOVN,BBG000QPRCW4,BBG001SD31N7,,
8,8,TICKER,NOVN,10.0,BBG000QPRL63,NOVN,NOVARTIS AG-REG,XS,Equity,Common Stock,Common Stock,NOVN,BBG000QPRCW4,BBG001SD31N7,,
8,8,TICKER,NOVN,11.0,BBG000QPRM07,NOVN,NOVARTIS AG-REG,XA,Equity,Common Stock,Common Stock,NOVN,BBG000QPRCW4,BBG001SD31N7,,
8,8,TICKER,NOVN,12.0,BBG000QPRMD3,NOVN,NOVARTIS AG-REG,E1,Equity,Common Stock,Common Stock,NOVN,BBG000QPRCW4,BBG001SD31N7,,
8,8,TICKER,NOVN,13.0,BBG000QPRNM1,NOVN,NOVARTIS AG-REG,XW,Equity,Common Stock,Common Stock,NOVN,BBG000QPRCW4,BBG001SD31N7,,
8,8,TICKER,NOVN,14.0,BBG000QPRP64,NOVN,NOVARTIS AG-REG,EU,Equity,Common Stock,Common Stock,NOVN,BBG000QPRP28,BBG001SD31N7,,
8,8,TICKER,NOVN,15.0,BBG00591DC05,NOVN,NOVARTIS AG-REG,XV,Equity,Common Stock,Common Stock,NOVN,BBG000QPRCW4,BBG001SD31N7,,
8,8,TICKER,NOVN,16.0,BBG008B4YSV8,NOVN,NOVARTIS AG-REG,BW,Equity,Common Stock,Common Stock,NOVN,BBG000NQV2C4,BBG001SD31N7,,
8,8,TICKER,NOVN,17.0,BBG00HCYS021,NOVN,NOVARTIS AG-REG,SE,Equity,Common Stock,Common Stock,NOVN,BBG000NQV2C4,BBG001SD31N7,,
8,8,TICKER,NOVN,18.0,BBG00JN7B004,NOVN,NOVARTIS AG-REG,XX,Equity,Common Stock,Common Stock,NOVN,BBG000QPRCW4,BBG001SD31N7,,
8,8,TICKER,NOVN,19.0,BBG00PPYX675,NOVN,NOVARTIS AG-REG,EP,Equity,Common Stock,Common Stock,NOVN,BBG00PPYX666,BBG001SD31N7,,
8,8,TICKER,NOVN,20.0,BBG00PPYX693,NOVN,NOVARTIS AG-REG,EZ,Equity,Common Stock,Common Stock,NOVN,BBG00PPYX684,BBG001SD31N7,,
8,8,TICKER,NOVN,21.0,BBG00QFY4PG4,NOVN,NOVARTIS AG-REG,X1,Equity,Common Stock,Common Stock,,BBG000QPRCW4,BBG001SD31N7,,
8,8,TICKER,NOVN,22.0,BBG00YJ6G4X9,NOVN,NOVARTIS AG-REG,X9,Equity,Common Stock,Common Stock,NOVN,BBG00YJ6G4W0,BBG001SD31N7,,
8,8,TICKER,NOVN,23.0,BBG01SCL8810,NOVN,NOVARTIS AG,CN,Equity,Canadian DR,Depositary Receipt,NOVN,BBG01SCL8810,BBG01SCL8954,,
8,8,TICKER,NOVN,24.0,BBG01SCL8883,NOVN,NOVARTIS AG,CJ,Equity,Canadian DR,Depositary Receipt,NOVN,BBG01SCL8810,BBG01SCL8954,,
8,8,TICKER,NOVN,25.0,BBG01SCL88B9,NOVN,NOVARTIS AG,TR,Equity,Canadian DR,Depositary Receipt,NOVN,BBG01SCL8810,BBG01SCL8954,,
8,8,TICKER,NOVN,26.0,BBG01SCL88D7,NOVN,NOVARTIS AG,TX,Equity,Canadian DR,Depositary Receipt,NOVN,BBG01SCL8810,BBG01SCL8954,,
8,8,TICKER,NOVN,27.0,BBG01SCL88H3,NOVN,NOVARTIS AG,TG,Equity,Canadian DR,Depositary Receipt,NOVN,BBG01SCL8810,BBG01SCL8954,,
8,8,TICKER,NOVN,28.0,BBG01SCL88Q3,NOVN,NOVARTIS AG,DT,Equity,Canadian DR,Depositary Receipt,NOVN,BBG01SCL8810,BBG01SCL8954,,
8,8,TICKER,NOVN,29.0,BBG01SCL88R2,NOVN,NOVARTIS AG,DG,Equity,Canadian DR,Depositary Receipt,NOVN,BBG01SCL8810,BBG01SCL8954,,
8,8,TICKER,NOVN,30.0,BBG01SCL88S1,NOVN,NOVARTIS AG,QF,Equity,Canadian DR,Depositary Receipt,NOVN,BBG01SCL8810,BBG01SCL8954,,
8,8,TICKER,NOVN,31.0,BBG01SCL88T0,NOVN,NOVARTIS AG,QH,Equity,Canadian DR,Depositary Receipt,NOVN,BBG01SCL8810,BBG01SCL8954,,
8,8,TICKER,NOVN,32.0,BBG01SCL88V7,NOVN,NOVARTIS AG,DJ,Equity,Canadian DR,Depositary Receipt,NOVN,BBG01SCL8810,BBG01SCL8954,,
8,8,TICKER,NOVN,33.0,BBG01SCL8918,NOVN,NOVARTIS AG,QG,Equity,Canadian DR,Depositary Receipt,NOVN,BBG01SCL8810,BBG01SCL8954,,
8,8,TICKER,NOVN,34.0,BBG01SCL8927,NOVN,NOVARTIS AG,BF,Equity,Canadian DR,Depositary Receipt,NOVN,BBG01SCL8810,BBG01SCL8954,,
8,8,TICKER,NOVN,35.0,BBG024Y1W753,NOVN,NOVARTIS AG-REG,ER,Equity,Common Stock,Common Stock,NOVN,BBG024Y1W744,BBG001SD31N7,,
9,9,TICKER,1216,0.0,BBG000BF1ZZ6,1216,UNI-PRESIDENT ENTERPRISES CO,TT (Taiwan Stock Exchange),Equity,Common Stock,Common Stock,1216,BBG000BF1ZR5,BBG001S6JRT2,,
9,9,TICKER,1216,1.0,BBG00H2GP569,1216,ZHONGYUAN BANK CO LTD-H,HK,Equity,Common Stock,Common Stock,1216,BBG00BM9DSF9,BBG00BM9DSG8,,
9,9,TICKER,1216,2.0,BBG024Y28BK2,1216,UNI-PRESIDENT ENTERPRISES CO,ER,Equity,Common Stock,Common Stock,1216,BBG024Y28BJ4,BBG001S6JRT2,,
10,10,TICKER,2015,0.0,BBG000BJR8N3,2015,FENG HSIN STEEL CO LTD,TT (Taiwan Stock Exchange),Equity,Common Stock,Common Stock,2015,BBG000BJR8F2,BBG001S7BSF1,,
10,10,TICKER,2015,1.0,BBG0120WC125,2015,LI AUTO INC-CLASS A,HK,Equity,Common Stock,Common Stock,2015,BBG00W283H17,BBG00W283H26,,
10,10,TICKER,2015,2.0,BBG0160TTTR7,2015,LI AUTO INC-CLASS A,H2,Equity,Common Stock,Common Stock,2015,BBG0160TTTQ8,BBG00W283H26,,
10,10,TICKER,2015,3.0,BBG0170LNLS4,2015,LI AUTO INC-CLASS A,H1,Equity,Common Stock,Common Stock,2015,BBG0170LNLR5,BBG00W283H26,,
10,10,TICKER,2015,4.0,BBG01KSF35N0,2015,IFREEETF US TRE BD 7-10 Y NH,JP,Equity,ETP,Mutual Fund,2015,BBG01KSF35N0,BBG01KSF3685,,
10,10,TICKER,2015,5.0,BBG01KSF35P8,2015,IFREEETF US TRE BD 7-10 Y NH,JT,Equity,ETP,Mutual Fund,2015,BBG01KSF35N0,BBG01KSF3685,,
10,10,TICKER,2015,6.0,BBG01KSF35Z7,2015,IFREEETF US TRE BD 7-10 Y NH,JJ,Equity,ETP,Mutual Fund,2015,BBG01KSF35N0,BBG01KSF3685,,
10,10,TICKER,2015,7.0,BBG01KSF3621,2015,IFREEETF US TRE BD 7-10 Y NH,JE,Equity,ETP,Mutual Fund,2015,BBG01KSF35N0,BBG01KSF3685,,
10,10,TICKER,2015,8.0,BBG01KSF3649,2015,IFREEETF US TRE BD 7-10 Y NH,JU,Equity,ETP,Mutual Fund,2015,BBG01KSF35N0,BBG01KSF3685,,
10,10,TICKER,2015,9.0,BBG01KSF3658,2015,IFREEETF US TRE BD 7-10 Y NH,JW,Equity,ETP,Mutual Fund,2015,BBG01KSF35N0,BBG01KSF3685,,
10,10,TICKER,2015,10.0,BBG01KSF3667,2015,IFREEETF US TRE BD 7-10 Y NH,JV,Equity,ETP,Mutual Fund,2015,BBG01KSF35N0,BBG01KSF3685,,
10,10,TICKER,2015,11.0,BBG01QF06Q91,2015,LI AUTO INC-CLASS A,SW,Equity,Common Stock,Common Stock,2015,BBG01QF06Q91,BBG00W283H26,,
10,10,TICKER,2015,12.0,BBG01QF06QJ0,2015,LI AUTO INC-CLASS A,BW,Equity,Common Stock,Common Stock,2015,BBG01QF06Q91,BBG00W283H26,,
10,10,TICKER,2015,13.0,BBG01XWH93T6,2015,IFREEETF US TRE BD 7-10 Y NH,JL,Equity,ETP,Mutual Fund,2015,BBG01KSF35N0,BBG01KSF3685,,
10,10,TICKER,2015,14.0,BBG024YNHKS8,2015,IFREEETF US TRE BD 7-10 Y NH,ER,Equity,ETP,Mutual Fund,2015,BBG024YNHKR9,BBG01KSF3685,,
10,10,TICKER,2015,15.0,KKG00000GYL3,2015,2015 coin,,Curncy,Crypto,CRYPTO,,,,,
11,11,TICKER,9698,0.0,BBG000BM45R3,9698,CREO CO LTD,JP,Equity,Common Stock,Common Stock,9698,BBG000BM45R3,BBG001S6MPF7,,
11,11,TICKER,9698,1.0,BBG000BM4637,9698,CREO CO LTD,JT,Equity,Common Stock,Common Stock,9698,BBG000BM45R3,BBG001S6MPF7,,
11,11,TICKER,9698,2.0,BBG000BM4D87,9698,CREO CO LTD,JJ,Equity,Common Stock,Common Stock,9698,BBG000BM45R3,BBG001S6MPF7,,
11,11,TICKER,9698,3.0,BBG000BM4F46,9698,CREO CO LTD,JE,Equity,Common Stock,Common Stock,9698,BBG000BM45R3,BBG001S6MPF7,,
11,11,TICKER,9698,4.0,BBG000BM4FG3,9698,CREO CO LTD,JI,Equity,Common Stock,Common Stock,9698,BBG000BM45R3,BBG001S6MPF7,,
11,11,TICKER,9698,5.0,BBG002QK8GR9,9698,CREO CO LTD,JU,Equity,Common Stock,Common Stock,9698,BBG000BM45R3,BBG001S6MPF7,,
11,11,TICKER,9698,6.0,BBG00875DTZ7,9698,CREO CO LTD,JW,Equity,Common Stock,Common Stock,9698,BBG000BM45R3,BBG001S6MPF7,,
11,11,TICKER,9698,7.0,BBG00XYB3ZD0,9698,GDS HOLDINGS LTD-CL A,HK,Equity,Common Stock,Common Stock,9698,BBG00F0G31Y7,BBG00F0G31Z6,,
11,11,TICKER,9698,8.0,BBG0193R72C1,9698,CREO CO LTD,JV,Equity,Common Stock,Common Stock,9698,BBG000BM45R3,BBG001S6MPF7,,
11,11,TICKER,9698,9.0,BBG024YRHYR0,9698,GDS HOLDINGS LTD-CL A,ER,Equity,Common Stock,Common Stock,9698,BBG024YRHYL6,BBG00F0G31Z6,,
12,12,TICKER,288,0.0,BBG00699M8Q7,288,WH GROUP LTD,HK,Equity,Common Stock,Common Stock,288,BBG004MMZ474,BBG004MMZ492,,
12,12,TICKER,288,1.0,BBG007PMBM89,288,WH GROUP LTD,H1,Equity,Common Stock,Common Stock,288,BBG007PMBM70,BBG004MMZ492,,
12,12,TICKER,288,2.0,BBG00F134VR6,288,WH GROUP LTD,H2,Equity,Common Stock,Common Stock,288,BBG00F134VQ7,BBG004MMZ492,,
12,12,TICKER,288,3.0,BBG024Y198P5,288,WH GROUP LTD,ER,Equity,Common Stock,Common Stock,288,BBG024Y198N7,BBG004MMZ492,,
13,13,TICKER,9866,0.0,BBG015PB0HH9,9866,NIO INC-CLASS A,HK,Equity,Common Stock,Common Stock,9866,BBG00LVBT7N2,BBG00LVBT7P0,,
13,13,TICKER,9866,1.0,BBG024YN41C1,9866,NIO INC-CLASS A,ER,Equity,Common Stock,Common Stock,9866,BBG024YN41B2,BBG00LVBT7P0,,
14,14,TICKER,KMB,0.0,BBG000BMW2Z0,KMB,KIMBERLY-CLARK CORP,US,Equity,Common Stock,Common Stock,KMB,BBG000BMW2Z0,BBG001S5SLZ0,,
14,14,TICKER,KMB,1.0,BBG000BMW4C1,KMB,KIMBERLY-CLARK CORP,UA,Equity,Common Stock,Common Stock,KMB,BBG000BMW2Z0,BBG001S5SLZ0,,
14,14,TICKER,KMB,2.0,BBG000BMW4K2,KMB,KIMBERLY-CLARK CORP,UC,Equity,Common Stock,Common Stock,KMB,BBG000BMW2Z0,BBG001S5SLZ0,,
14,14,TICKER,KMB,3.0,BBG000BMW672,KMB,KIMBERLY-CLARK CORP,UN,Equity,Common Stock,Common Stock,KMB,BBG000BMW2Z0,BBG001S5SLZ0,,
14,14,TICKER,KMB,4.0,BBG000BMW6S9,KMB,KIMBERLY-CLARK CORP,UP,Equity,Common Stock,Common Stock,KMB,BBG000BMW2Z0,BBG001S5SLZ0,,
14,14,TICKER,KMB,5.0,BBG000BMW7N2,KMB,KIMBERLY-CLARK CORP,UB,Equity,Common Stock,Common Stock,KMB,BBG000BMW2Z0,BBG001S5SLZ0,,
14,14,TICKER,KMB,6.0,BBG000BMW814,KMB,KIMBERLY-CLARK CORP,UM,Equity,Common Stock,Common Stock,KMB,BBG000BMW2Z0,BBG001S5SLZ0,,
14,14,TICKER,KMB,7.0,BBG000BMW8J5,KMB,KIMBERLY-CLARK CORP,UX,Equity,Common Stock,Common Stock,KMB,BBG000BMW2Z0,BBG001S5SLZ0,,
14,14,TICKER,KMB,8.0,BBG000BMWCS6,KMB,KIMBERLY-CLARK CORP,UD,Equity,Common Stock,Common Stock,KMB,BBG000BMW2Z0,BBG001S5SLZ0,,
14,14,TICKER,KMB,9.0,BBG000BMWF09,KMB,KIMBERLY-CLARK CORP,UW,Equity,Common Stock,Common Stock,KMB,BBG000BMW2Z0,BBG001S5SLZ0,,
14,14,TICKER,KMB,10.0,BBG000BMWF72,KMB,KIMBERLY-CLARK CORP,UF,Equity,Common Stock,Common Stock,KMB,BBG000BMW2Z0,BBG001S5SLZ0,,
14,14,TICKER,KMB,11.0,BBG000BMWG07,KMB,KIMBERLY-CLARK CORP,VY,Equity,Common Stock,Common Stock,KMB,BBG000BMW2Z0,BBG001S5SLZ0,,
14,14,TICKER,KMB,12.0,BBG000BMWGP0,KMB,KIMBERLY-CLARK CORP,VJ,Equity,Common Stock,Common Stock,KMB,BBG000BMW2Z0,BBG001S5SLZ0,,
14,14,TICKER,KMB,13.0,BBG000BMWH87,KMB,KIMBERLY-CLARK CORP,VK,Equity,Common Stock,Common Stock,KMB,BBG000BMW2Z0,BBG001S5SLZ0,,
14,14,TICKER,KMB,14.0,BBG000BRC4Q7,KMB,KOMERCIJALNA BANKA AD SKOPJE,MS,Equity,Common Stock,Common Stock,KMB,BBG000BRC4D1,BBG001SRFV39,,
14,14,TICKER,KMB,15.0,BBG000CVD592,KMB,KOTAK MAHINDRA BANK LTD,IN,Equity,Common Stock,Common Stock,KMB,BBG000CVD592,BBG001S83WJ5,,
14,14,TICKER,KMB,16.0,BBG000CVD5W6,KMB,KOTAK MAHINDRA BANK LTD,IB,Equity,Common Stock,Common Stock,KMB,BBG000CVD592,BBG001S83WJ5,,
14,14,TICKER,KMB,17.0,BBG000CVD6Y2,KMB,KOTAK MAHINDRA BANK LTD,IS,Equity,Common Stock,Common Stock,KMB,BBG000CVD592,BBG001S83WJ5,,
14,14,TICKER,KMB,18.0,BBG000HFS809,KMB,KIMBERLY-CLARK CORP-CEDEAR,AR,Equity,CEDEAR,Depositary Receipt,KMB,BBG000HFS809,BBG001SF0H78,,
14,14,TICKER,KMB,19.0,BBG000HFS8T8,KMB,KIMBERLY-CLARK CORP-CEDEAR,AF,Equity,CEDEAR,Depositary Receipt,KMB,BBG000HFS809,BBG001SF0H78,,
14,14,TICKER,KMB,20.0,BBG0013S63Y2,KMB,KIMBERLY-CLARK CORP,,M-Mkt,MED TERM NOTE,MTN,KMB MTN,,,,
14,14,TICKER,KMB,21.0,BBG0013VZ6G6,KMB,KIMBERLY-CLARK CORP,,M-Mkt,S.TERM LOAN NOTE,M-Mkt,KMB LNST,,,,
14,14,TICKER,KMB,22.0,BBG003NVX0Z4,KMB,KOTAK MAHINDRA BANK LTD,IG,Equity,Common Stock,Common Stock,KMB,BBG000CVD592,BBG001S83WJ5,,
14,14,TICKER,KMB,23.0,BBG00DJCWT32,KMB,KIMBERLY-CLARK CORP,VF,Equity,Common Stock,Common Stock,KMB,BBG000BMW2Z0,BBG001S5SLZ0,,
14,14,TICKER,KMB,24.0,BBG00P196K93,KMB,KIMBERLY-CLARK CORP,,M-Mkt,EURO MTN,MTN,KMB EMTN,,,,
14,14,TICKER,KMB,25.0,BBG00THD3JK2,KMB,KIMBERLY-CLARK CORP,VL,Equity,Common Stock,Common Stock,KMB,BBG000BMW2Z0,BBG001S5SLZ0,,
14,14,TICKER,KMB,26.0,BBG00X1L7BK5,KMB,KIMBERLY-CLARK CORP,VG,Equity,Common Stock,Common Stock,KMB,BBG000BMW2Z0,BBG001S5SLZ0,,
14,14,TICKER,KMB,27.0,BBG00X1PNML3,KMB,KIMBERLY-CLARK CORP,VP,Equity,Common Stock,Common Stock,KMB,BBG000BMW2Z0,BBG001S5SLZ0,,
14,14,TICKER,KMB,28.0,BBG01V7W0ZB2,KMB,KIMBERLY-CLARK CORP,OC,Equity,Common Stock,Common Stock,KMB,BBG000BMW2Z0,BBG001S5SLZ0,,
14,14,TICKER,KMB,29.0,BBG01X4J9YL3,KMB,KIMBERLY-CLARK CORP,OD,Equity,Common Stock,Common Stock,KMB,BBG000BMW2Z0,BBG001S5SLZ0,,
14,14,TICKER,KMB,30.0,BBG021C05FS2,KMB,KIMBERLY-CLARK CORP,VT,Equity,Common Stock,Common Stock,KMB,BBG000BMW2Z0,BBG001S5SLZ0,,
14,14,TICKER,KMB,31.0,BBG021D21YZ2,KMB,KOMBINAT KONOPNY SA,PD,Equity,Common Stock,Common Stock,KMB,BBG021D21YW5,BBG021D21Z07,,
14,14,TICKER,KMB,32.0,BBG024Y888Y1,KMB,KOMBINAT KONOPNY SA,ER,Equity,Common Stock,Common Stock,KMB,BBG024Y888X2,BBG021D21Z07,,
15,15,TICKER,EQIX,0.0,BBG000MBDGM6,EQIX,EQUINIX INC,US,Equity,REIT,REIT,EQIX,BBG000MBDGM6,BBG001SKBNS9,,
15,15,TICKER,EQIX,1.0,BBG000MBDHJ8,EQIX,EQUINIX INC,UA,Equity,REIT,REIT,EQIX,BBG000MBDGM6,BBG001SKBNS9,,
15,15,TICKER,EQIX,2.0,BBG000MBDJB2,EQIX,EQUINIX INC,UC,Equity,REIT,REIT,EQIX,BBG000MBDGM6,BBG001SKBNS9,,
15,15,TICKER,EQIX,3.0,BBG000MBDK92,EQIX,EQUINIX INC,UN,Equity,REIT,REIT,EQIX,BBG000MBDGM6,BBG001SKBNS9,,
15,15,TICKER,EQIX,4.0,BBG000MBDKV7,EQIX,EQUINIX INC,UP,Equity,REIT,REIT,EQIX,BBG000MBDGM6,BBG001SKBNS9,,
15,15,TICKER,EQIX,5.0,BBG000MBDMJ7,EQIX,EQUINIX INC,UB,Equity,REIT,REIT,EQIX,BBG000MBDGM6,BBG001SKBNS9,,
15,15,TICKER,EQIX,6.0,BBG000MBDNJ5,EQIX,EQUINIX INC,UM,Equity,REIT,REIT,EQIX,BBG000MBDGM6,BBG001SKBNS9,,
15,15,TICKER,EQIX,7.0,BBG000MBDPB8,EQIX,EQUINIX INC,UX,Equity,REIT,REIT,EQIX,BBG000MBDGM6,BBG001SKBNS9,,
15,15,TICKER,EQIX,8.0,BBG000MBDTH4,EQIX,EQUINIX INC,UD,Equity,REIT,REIT,EQIX,BBG000MBDGM6,BBG001SKBNS9,,
15,15,TICKER,EQIX,9.0,BBG000MBDX12,EQIX,EQUINIX INC,UW,Equity,REIT,REIT,EQIX,BBG000MBDGM6,BBG001SKBNS9,,
15,15,TICKER,EQIX,10.0,BBG000MBDXG6,EQIX,EQUINIX INC,UF,Equity,REIT,REIT,EQIX,BBG000MBDGM6,BBG001SKBNS9,,
15,15,TICKER,EQIX,11.0,BBG000MBDY01,EQIX,EQUINIX INC,VY,Equity,REIT,REIT,EQIX,BBG000MBDGM6,BBG001SKBNS9,,
15,15,TICKER,EQIX,12.0,BBG000MBDZ08,EQIX,EQUINIX INC,VJ,Equity,REIT,REIT,EQIX,BBG000MBDGM6,BBG001SKBNS9,,
15,15,TICKER,EQIX,13.0,BBG000MBDZC5,EQIX,EQUINIX INC,VK,Equity,REIT,REIT,EQIX,BBG000MBDGM6,BBG001SKBNS9,,
15,15,TICKER,EQIX,14.0,BBG006TLPRG4,EQIX,EQUINIX INC,SW,Equity,REIT,REIT,EQIX,BBG006TLPRG4,BBG001SKBNS9,,
15,15,TICKER,EQIX,15.0,BBG006TLPRN6,EQIX,EQUINIX INC,BW,Equity,REIT,REIT,EQIX,BBG006TLPRG4,BBG001SKBNS9,,
15,15,TICKER,EQIX,16.0,BBG00DJFYT88,EQIX,EQUINIX INC,VF,Equity,REIT,REIT,EQIX,BBG000MBDGM6,BBG001SKBNS9,,
15,15,TICKER,EQIX,17.0,BBG00K96Q3F1,EQIX,EQUINIX INC,,M-Mkt,EURO MTN,MTN,EQIX EMTN,,,,
15,15,TICKER,EQIX,18.0,BBG00X1RPD55,EQIX,EQUINIX INC,VP,Equity,REIT,REIT,EQIX,BBG000MBDGM6,BBG001SKBNS9,,
15,15,TICKER,EQIX,19.0,BBG011RJDNC7,EQIX,EQUINIX INC,AV,Equity,REIT,REIT,EQIX,BBG011RJDNB8,BBG001SKBNS9,,
15,15,TICKER,EQIX,20.0,BBG021C17MD9,EQIX,EQUINIX INC,VT,Equity,REIT,REIT,EQIX,BBG000MBDGM6,BBG001SKBNS9,,
15,15,TICKER,EQIX,21.0,BBG024Y39TM8,EQIX,EQUINIX INC,ER,Equity,REIT,REIT,EQIX,BBG024Y39TK0,BBG001SKBNS9,,
16,16,TICKER,9022,0.0,BBG000JD6QG9,9022,CENTRAL JAPAN RAILWAY CO,JP,Equity,Common Stock,Common Stock,9022,BBG000JD6QG9,BBG001SB2G40,,
16,16,TICKER,9022,1.0,BBG000JD6R86,9022,CENTRAL JAPAN RAILWAY CO,JT,Equity,Common Stock,Common Stock,9022,BBG000JD6QG9,BBG001SB2G40,,
16,16,TICKER,9022,2.0,BBG000JD6S57,9022,CENTRAL JAPAN RAILWAY CO,JN,Equity,Common Stock,Common Stock,9022,BBG000JD6QG9,BBG001SB2G40,,
16,16,TICKER,9022,3.0,BBG000JD6ZP9,9022,CENTRAL JAPAN RAILWAY CO,JJ,Equity,Common Stock,Common Stock,9022,BBG000JD6QG9,BBG001SB2G40,,
16,16,TICKER,9022,4.0,BBG000JD72F2,9022,CENTRAL JAPAN RAILWAY CO,JE,Equity,Common Stock,Common Stock,9022,BBG000JD6QG9,BBG001SB2G40,,
16,16,TICKER,9022,5.0,BBG000JD7333,9022,CENTRAL JAPAN RAILWAY CO,JI,Equity,Common Stock,Common Stock,9022,BBG000JD6QG9,BBG001SB2G40,,
16,16,TICKER,9022,6.0,BBG002QK9RD9,9022,CENTRAL JAPAN RAILWAY CO,JU,Equity,Common Stock,Common Stock,9022,BBG000JD6QG9,BBG001SB2G40,,
16,16,TICKER,9022,7.0,BBG00875G2L8,9022,CENTRAL JAPAN RAILWAY CO,JW,Equity,Common Stock,Common Stock,9022,BBG000JD6QG9,BBG001SB2G40,,
16,16,TICKER,9022,8.0,BBG0193R8B03,9022,CENTRAL JAPAN RAILWAY CO,JV,Equity,Common Stock,Common Stock,9022,BBG000JD6QG9,BBG001SB2G40,,
16,16,TICKER,9022,9.0,BBG024Y4D0T7,9022,CENTRAL JAPAN RAILWAY CO,ER,Equity,Common Stock,Common Stock,9022,BBG024Y4D0S8,BBG001SB2G40,,
17,17,TICKER,9868,0.0,BBG011LRHTM7,9868,XPENG INC - CLASS A SHARES,HK,Equity,Common Stock,Common Stock,9868,BBG00WLM1N23,BBG00WLM1N32,,
17,17,TICKER,9868,1.0,BBG01588K963,9868,XPENG INC - CLASS A SHARES,H2,Equity,Common Stock,Common Stock,9868,BBG01588K954,BBG00WLM1N32,,
17,17,TICKER,9868,2.0,BBG015JM0JQ8,9868,XPENG INC - CLASS A SHARES,H1,Equity,Common Stock,Common Stock,9868,BBG015JM0JP9,BBG00WLM1N32,,
17,17,TICKER,9868,3.0,BBG024Y8J325,9868,XPENG INC - CLASS A SHARES,ER,Equity,Common Stock,Common Stock,9868,BBG024Y8J316,BBG00WLM1N32,,
18,18,TICKER,REGN,0.0,BBG000C734W3,REGN,REGENERON PHARMACEUTICALS,US,Equity,Common Stock,Common Stock,REGN,BBG000C734W3,BBG001S6PX49,,
18,18,TICKER,REGN,1.0,BBG000C735K3,REGN,REGENERON PHARMACEUTICALS,UA,Equity,Common Stock,Common Stock,REGN,BBG000C734W3,BBG001S6PX49,,
18,18,TICKER,REGN,2.0,BBG000C747H2,REGN,REGENERON PHARMACEUTICALS,UC,Equity,Common Stock,Common Stock,REGN,BBG000C734W3,BBG001S6PX49,,
18,18,TICKER,REGN,3.0,BBG000C74997,REGN,REGENERON PHARMACEUTICALS,UN,Equity,Common Stock,Common Stock,REGN,BBG000C734W3,BBG001S6PX49,,
18,18,TICKER,REGN,4.0,BBG000C749N1,REGN,REGENERON PHARMACEUTICALS,UP,Equity,Common Stock,Common Stock,REGN,BBG000C734W3,BBG001S6PX49,,
18,18,TICKER,REGN,5.0,BBG000C74BN6,REGN,REGENERON PHARMACEUTICALS,UB,Equity,Common Stock,Common Stock,REGN,BBG000C734W3,BBG001S6PX49,,
18,18,TICKER,REGN,6.0,BBG000C74CL6,REGN,REGENERON PHARMACEUTICALS,UM,Equity,Common Stock,Common Stock,REGN,BBG000C734W3,BBG001S6PX49,,
18,18,TICKER,REGN,7.0,BBG000C74CZ1,REGN,REGENERON PHARMACEUTICALS,UX,Equity,Common Stock,Common Stock,REGN,BBG000C734W3,BBG001S6PX49,,
18,18,TICKER,REGN,8.0,BBG000C74GT9,REGN,REGENERON PHARMACEUTICALS,UD,Equity,Common Stock,Common Stock,REGN,BBG000C734W3,BBG001S6PX49,,
18,18,TICKER,REGN,9.0,BBG000C75K91,REGN,REGENERON PHARMACEUTICALS,UW,Equity,Common Stock,Common Stock,REGN,BBG000C734W3,BBG001S6PX49,,
18,18,TICKER,REGN,10.0,BBG000C75L08,REGN,REGENERON PHARMACEUTICALS,UF,Equity,Common Stock,Common Stock,REGN,BBG000C734W3,BBG001S6PX49,,
18,18,TICKER,REGN,11.0,BBG000C75LV4,REGN,REGENERON PHARMACEUTICALS,VY,Equity,Common Stock,Common Stock,REGN,BBG000C734W3,BBG001S6PX49,,
18,18,TICKER,REGN,12.0,BBG000C75M15,REGN,REGENERON PHARMACEUTICALS,VJ,Equity,Common Stock,Common Stock,REGN,BBG000C734W3,BBG001S6PX49,,
18,18,TICKER,REGN,13.0,BBG000C75MD2,REGN,REGENERON PHARMACEUTICALS,VK,Equity,Common Stock,Common Stock,REGN,BBG000C734W3,BBG001S6PX49,,
18,18,TICKER,REGN,14.0,BBG000DF8MM0,REGN,REGIOBANK SOLOTHURN,SW,Equity,Common Stock,Common Stock,REGN,BBG000DF8MM0,BBG001S87KW2,,
18,18,TICKER,REGN,15.0,BBG002ZTV160,REGN,REGIOBANK SOLOTHURN,XK,Equity,Common Stock,Common Stock,REGN,BBG000DF8MM0,BBG001S87KW2,,
18,18,TICKER,REGN,16.0,BBG00DJD1XD4,REGN,REGENERON PHARMACEUTICALS,VF,Equity,Common Stock,Common Stock,REGN,BBG000C734W3,BBG001S6PX49,,
18,18,TICKER,REGN,17.0,BBG00GQ6S8S4,REGN,REGENERON PHARMACEUTICALS,AV,Equity,Common Stock,Common Stock,REGN,BBG00GQ6S8R5,BBG001S6PX49,,
18,18,TICKER,REGN,18.0,BBG00THD8MF6,REGN,REGENERON PHARMACEUTICALS,VL,Equity,Common Stock,Common Stock,REGN,BBG000C734W3,BBG001S6PX49,,
18,18,TICKER,REGN,19.0,BBG00WM3D7T7,REGN,REGENERON PHARMACEUTICAL,,M-Mkt,EURO MTN,MTN,REGN EMTN,,,,
18,18,TICKER,REGN,20.0,BBG00X1LDFF5,REGN,REGENERON PHARMACEUTICALS,VG,Equity,Common Stock,Common Stock,REGN,BBG000C734W3,BBG001S6PX49,,
18,18,TICKER,REGN,21.0,BBG00X1PTQG4,REGN,REGENERON PHARMACEUTICALS,VP,Equity,Common Stock,Common Stock,REGN,BBG000C734W3,BBG001S6PX49,,
18,18,TICKER,REGN,22.0,BBG01LGV61Z9,REGN,REGENERON PHARMACEUTICALS,PE,Equity,Common Stock,Common Stock,REGN,BBG01LGV61Y0,BBG001S6PX49,,
18,18,TICKER,REGN,23.0,BBG01V7W6247,REGN,REGENERON PHARMACEUTICALS,OC,Equity,Common Stock,Common Stock,REGN,BBG000C734W3,BBG001S6PX49,,
18,18,TICKER,REGN,24.0,BBG01X4JH1F3,REGN,REGENERON PHARMACEUTICALS,OD,Equity,Common Stock,Common Stock,REGN,BBG000C734W3,BBG001S6PX49,,
18,18,TICKER,REGN,25.0,BBG021C1PCY8,REGN,REGENERON PHARMACEUTICALS,VT,Equity,Common Stock,Common Stock,REGN,BBG000C734W3,BBG001S6PX49,,
18,18,TICKER,REGN,26.0,BBG024YH47Y7,REGN,REGENERON PHARMACEUTICALS,ER,Equity,Common Stock,Common Stock,REGN,BBG024YH47X8,BBG001S6PX49,,
19,19,TICKER,CSL,0.0,BBG000BGGBT8,CSL,CARLISLE COS INC,US,Equity,Common Stock,Common Stock,CSL,BBG000BGGBT8,BBG001S5Q6R4,,
19,19,TICKER,CSL,1.0,BBG000BGGCD3,CSL,CARLISLE COS INC,UA,Equity,Common Stock,Common Stock,CSL,BBG000BGGBT8,BBG001S5Q6R4,,
19,19,TICKER,CSL,2.0,BBG000BGGCR8,CSL,CARLISLE COS INC,UC,Equity,Common Stock,Common Stock,CSL,BBG000BGGBT8,BBG001S5Q6R4,,
19,19,TICKER,CSL,3.0,BBG000BGGG80,CSL,CARLISLE COS INC,UN,Equity,Common Stock,Common Stock,CSL,BBG000BGGBT8,BBG001S5Q6R4,,
19,19,TICKER,CSL,4.0,BBG000BGGGJ8,CSL,CARLISLE COS INC,UP,Equity,Common Stock,Common Stock,CSL,BBG000BGGBT8,BBG001S5Q6R4,,
19,19,TICKER,CSL,5.0,BBG000BGGJ75,CSL,CARLISLE COS INC,UB,Equity,Common Stock,Common Stock,CSL,BBG000BGGBT8,BBG001S5Q6R4,,
19,19,TICKER,CSL,6.0,BBG000BGGKC6,CSL,CARLISLE COS INC,UT,Equity,Common Stock,Common Stock,CSL,BBG000BGGBT8,BBG001S5Q6R4,,
19,19,TICKER,CSL,7.0,BBG000BGGKP2,CSL,CARLISLE COS INC,UM,Equity,Common Stock,Common Stock,CSL,BBG000BGGBT8,BBG001S5Q6R4,,
19,19,TICKER,CSL,8.0,BBG000BGGKZ1,CSL,CARLISLE COS INC,UX,Equity,Common Stock,Common Stock,CSL,BBG000BGGBT8,BBG001S5Q6R4,,
19,19,TICKER,CSL,9.0,BBG000BGGP44,CSL,CARLISLE COS INC,UD,Equity,Common Stock,Common Stock,CSL,BBG000BGGBT8,BBG001S5Q6R4,,
19,19,TICKER,CSL,10.0,BBG000BGGRB2,CSL,CARLISLE COS INC,UF,Equity,Common Stock,Common Stock,CSL,BBG000BGGBT8,BBG001S5Q6R4,,
19,19,TICKER,CSL,11.0,BBG000BGGS11,CSL,CARLISLE COS INC,VY,Equity,Common Stock,Common Stock,CSL,BBG000BGGBT8,BBG001S5Q6R4,,
19,19,TICKER,CSL,12.0,BBG000BGGSL9,CSL,CARLISLE COS INC,VJ,Equity,Common Stock,Common Stock,CSL,BBG000BGGBT8,BBG001S5Q6R4,,
19,19,TICKER,CSL,13.0,BBG000BGGT64,CSL,CARLISLE COS INC,VK,Equity,Common Stock,Common Stock,CSL,BBG000BGGBT8,BBG001S5Q6R4,,
19,19,TICKER,CSL,14.0,BBG000BKBN81,CSL,CSL LTD,AU,Equity,Common Stock,Common Stock,CSL,BBG000BKBN81,BBG001S7YNK1,,
19,19,TICKER,CSL,15.0,BBG000BKBNS9,CSL,CSL LTD,AT,Equity,Common Stock,Common Stock,CSL,BBG000BKBN81,BBG001S7YNK1,,
19,19,TICKER,CSL,16.0,BBG0013VH2D8,CSL,CARLISLE COMPANIES INC,,M-Mkt,S.TERM LOAN NOTE,M-Mkt,CSL LNST,,,,
19,19,TICKER,CSL,17.0,BBG0027DKBS2,CSL,CSL LTD,AH,Equity,Common Stock,Common Stock,CSL,BBG000BKBN81,BBG001S7YNK1,,
19,19,TICKER,CSL,18.0,BBG006TLP0B8,CSL,CSL LTD,SW,Equity,Common Stock,Common Stock,CSL,BBG006TLP0B8,BBG001S7YNK1,,
19,19,TICKER,CSL,19.0,BBG006TLP0J0,CSL,CSL LTD,BW,Equity,Common Stock,Common Stock,CSL,BBG006TLP0B8,BBG001S7YNK1,,
19,19,TICKER,CSL,20.0,BBG00DJCV9M6,CSL,CARLISLE COS INC,VF,Equity,Common Stock,Common Stock,CSL,BBG000BGGBT8,BBG001S5Q6R4,,
19,19,TICKER,CSL,21.0,BBG00THD20X0,CSL,CARLISLE COS INC,VL,Equity,Common Stock,Common Stock,CSL,BBG000BGGBT8,BBG001S5Q6R4,,
19,19,TICKER,CSL,22.0,BBG00X1L5TW5,CSL,CARLISLE COS INC,VG,Equity,Common Stock,Common Stock,CSL,BBG000BGGBT8,BBG001S5Q6R4,,
19,19,TICKER,CSL,23.0,BBG00X1PM3X3,CSL,CARLISLE COS INC,VP,Equity,Common Stock,Common Stock,CSL,BBG000BGGBT8,BBG001S5Q6R4,,
19,19,TICKER,CSL,24.0,BBG01V7VZGK8,CSL,CARLISLE COS INC,OC,Equity,Common Stock,Common Stock,CSL,BBG000BGGBT8,BBG001S5Q6R4,,
19,19,TICKER,CSL,25.0,BBG01X4J8FT7,CSL,CARLISLE COS INC,OD,Equity,Common Stock,Common Stock,CSL,BBG000BGGBT8,BBG001S5Q6R4,,
19,19,TICKER,CSL,26.0,BBG021C25TK6,CSL,CARLISLE COS INC,VT,Equity,Common Stock,Common Stock,CSL,BBG000BGGBT8,BBG001S5Q6R4,,
19,19,TICKER,CSL,27.0,BBG024YKL1F5,CSL,CSL LTD,ER,Equity,Common Stock,Common Stock,CSL,BBG024YKL1D7,BBG001S7YNK1,,
20,20,TICKER,ESSITY B,,,,,,,,,,,,No identifier found.,
21,21,TICKER,VRTX,0.0,BBG000C1S2X2,VRTX,VERTEX PHARMACEUTICALS INC,US,Equity,Common Stock,Common Stock,VRTX,BBG000C1S2X2,BBG001S68LJ8,,
21,21,TICKER,VRTX,1.0,BBG000C1S351,VRTX,VERTEX PHARMACEUTICALS INC,UA,Equity,Common Stock,Common Stock,VRTX,BBG000C1S2X2,BBG001S68LJ8,,
21,21,TICKER,VRTX,2.0,BBG000C1S468,VRTX,VERTEX PHARMACEUTICALS INC,UC,Equity,Common Stock,Common Stock,VRTX,BBG000C1S2X2,BBG001S68LJ8,,
21,21,TICKER,VRTX,3.0,BBG000C1S5Q3,VRTX,VERTEX PHARMACEUTICALS INC,UN,Equity,Common Stock,Common Stock,VRTX,BBG000C1S2X2,BBG001S68LJ8,,
21,21,TICKER,VRTX,4.0,BBG000C1S6D5,VRTX,VERTEX PHARMACEUTICALS INC,UP,Equity,Common Stock,Common Stock,VRTX,BBG000C1S2X2,BBG001S68LJ8,,
21,21,TICKER,VRTX,5.0,BBG000C1S7K5,VRTX,VERTEX PHARMACEUTICALS INC,UB,Equity,Common Stock,Common Stock,VRTX,BBG000C1S2X2,BBG001S68LJ8,,
21,21,TICKER,VRTX,6.0,BBG000C1S8G8,VRTX,VERTEX PHARMACEUTICALS INC,UM,Equity,Common Stock,Common Stock,VRTX,BBG000C1S2X2,BBG001S68LJ8,,
21,21,TICKER,VRTX,7.0,BBG000C1S8M1,VRTX,VERTEX PHARMACEUTICALS INC,UX,Equity,Common Stock,Common Stock,VRTX,BBG000C1S2X2,BBG001S68LJ8,,
21,21,TICKER,VRTX,8.0,BBG000C1SC42,VRTX,VERTEX PHARMACEUTICALS INC,UD,Equity,Common Stock,Common Stock,VRTX,BBG000C1S2X2,BBG001S68LJ8,,
21,21,TICKER,VRTX,9.0,BBG000C1SD31,VRTX,VERTEX PHARMACEUTICALS INC,UW,Equity,Common Stock,Common Stock,VRTX,BBG000C1S2X2,BBG001S68LJ8,,
21,21,TICKER,VRTX,10.0,BBG000C1SD86,VRTX,VERTEX PHARMACEUTICALS INC,UF,Equity,Common Stock,Common Stock,VRTX,BBG000C1S2X2,BBG001S68LJ8,,
21,21,TICKER,VRTX,11.0,BBG000C1SDM0,VRTX,VERTEX PHARMACEUTICALS INC,VY,Equity,Common Stock,Common Stock,VRTX,BBG000C1S2X2,BBG001S68LJ8,,
21,21,TICKER,VRTX,12.0,BBG000C1SF45,VRTX,VERTEX PHARMACEUTICALS INC,VJ,Equity,Common Stock,Common Stock,VRTX,BBG000C1S2X2,BBG001S68LJ8,,
21,21,TICKER,VRTX,13.0,BBG000C1SG34,VRTX,VERTEX PHARMACEUTICALS INC,VK,Equity,Common Stock,Common Stock,VRTX,BBG000C1S2X2,BBG001S68LJ8,,
21,21,TICKER,VRTX,14.0,BBG006TLX2P0,VRTX,VERTEX PHARMACEUTICALS INC,SW,Equity,Common Stock,Common Stock,VRTX,BBG006TLX2P0,BBG001S68LJ8,,
21,21,TICKER,VRTX,15.0,BBG006TLX2W2,VRTX,VERTEX PHARMACEUTICALS INC,BW,Equity,Common Stock,Common Stock,VRTX,BBG006TLX2P0,BBG001S68LJ8,,
21,21,TICKER,VRTX,16.0,BBG00DJD0BS7,VRTX,VERTEX PHARMACEUTICALS INC,VF,Equity,Common Stock,Common Stock,VRTX,BBG000C1S2X2,BBG001S68LJ8,,
21,21,TICKER,VRTX,17.0,BBG00GQ6SBQ9,VRTX,VERTEX PHARMACEUTICALS INC,AV,Equity,Common Stock,Common Stock,VRTX,BBG00GQ6SBP0,BBG001S68LJ8,,
21,21,TICKER,VRTX,18.0,BBG00THD71Y2,VRTX,VERTEX PHARMACEUTICALS INC,VL,Equity,Common Stock,Common Stock,VRTX,BBG000C1S2X2,BBG001S68LJ8,,
21,21,TICKER,VRTX,19.0,BBG00X1LBVY1,VRTX,VERTEX PHARMACEUTICALS INC,VG,Equity,Common Stock,Common Stock,VRTX,BBG000C1S2X2,BBG001S68LJ8,,
21,21,TICKER,VRTX,20.0,BBG00X1PS4Z3,VRTX,VERTEX PHARMACEUTICALS INC,VP,Equity,Common Stock,Common Stock,VRTX,BBG000C1S2X2,BBG001S68LJ8,,
21,21,TICKER,VRTX,21.0,BBG01C4VL3Y2,VRTX,VORTEX ENERGY CORP,CN,Equity,Common Stock,Common Stock,VRTX,BBG01C4VL3Y2,BBG01C4VL3Z1,,
21,21,TICKER,VRTX,22.0,BBG01C4VMS12,VRTX,VORTEX ENERGY CORP,CF,Equity,Common Stock,Common Stock,VRTX,BBG01C4VL3Y2,BBG01C4VL3Z1,,
21,21,TICKER,VRTX,23.0,BBG01C4VMS94,VRTX,VORTEX ENERGY CORP,TG,Equity,Common Stock,Common Stock,VRTX,BBG01C4VL3Y2,BBG01C4VL3Z1,,
21,21,TICKER,VRTX,24.0,BBG01C4VMSC0,VRTX,VORTEX ENERGY CORP,TW,Equity,Common Stock,Common Stock,VRTX,BBG01C4VL3Y2,BBG01C4VL3Z1,,
21,21,TICKER,VRTX,25.0,BBG01C4VMSK1,VRTX,VORTEX ENERGY CORP,DG,Equity,Common Stock,Common Stock,VRTX,BBG01C4VL3Y2,BBG01C4VL3Z1,,
21,21,TICKER,VRTX,26.0,BBG01C4VMSM9,VRTX,VORTEX ENERGY CORP,QF,Equity,Common Stock,Common Stock,VRTX,BBG01C4VL3Y2,BBG01C4VL3Z1,,
21,21,TICKER,VRTX,27.0,BBG01C4VMSN8,VRTX,VORTEX ENERGY CORP,QH,Equity,Common Stock,Common Stock,VRTX,BBG01C4VL3Y2,BBG01C4VL3Z1,,
21,21,TICKER,VRTX,28.0,BBG01C4VMSR4,VRTX,VORTEX ENERGY CORP,TO,Equity,Common Stock,Common Stock,VRTX,BBG01C4VL3Y2,BBG01C4VL3Z1,,
21,21,TICKER,VRTX,29.0,BBG01C4VMSS3,VRTX,VORTEX ENERGY CORP,DL,Equity,Common Stock,Common Stock,VRTX,BBG01C4VL3Y2,BBG01C4VL3Z1,,
21,21,TICKER,VRTX,30.0,BBG01C4VMST2,VRTX,VORTEX ENERGY CORP,DM,Equity,Common Stock,Common Stock,VRTX,BBG01C4VL3Y2,BBG01C4VL3Z1,,
21,21,TICKER,VRTX,31.0,BBG01C4VMSV9,VRTX,VORTEX ENERGY CORP,DN,Equity,Common Stock,Common Stock,VRTX,BBG01C4VL3Y2,BBG01C4VL3Z1,,
21,21,TICKER,VRTX,32.0,BBG01C4VMSW8,VRTX,VORTEX ENERGY CORP,QG,Equity,Common Stock,Common Stock,VRTX,BBG01C4VL3Y2,BBG01C4VL3Z1,,
21,21,TICKER,VRTX,33.0,BBG01C4VMSX7,VRTX,VORTEX ENERGY CORP,BF,Equity,Common Stock,Common Stock,VRTX,BBG01C4VL3Y2,BBG01C4VL3Z1,,
21,21,TICKER,VRTX,34.0,BBG01TW35QH2,VRTX,VIRTUNE XRP ETP,GR,Equity,ETP,Mutual Fund,VRTX,BBG01TW35QH2,BBG01N8JKMW2,,
21,21,TICKER,VRTX,35.0,BBG01TW35QK8,VRTX,VIRTUNE XRP ETP,GD,Equity,ETP,Mutual Fund,VRTX,BBG01TW35QH2,BBG01N8JKMW2,,
21,21,TICKER,VRTX,36.0,BBG01TW35QL7,VRTX,VIRTUNE XRP ETP,GY,Equity,ETP,Mutual Fund,VRTX,BBG01TW35QH2,BBG01N8JKMW2,,
21,21,TICKER,VRTX,37.0,BBG01TW35QN5,VRTX,VIRTUNE XRP ETP,GM,Equity,ETP,Mutual Fund,VRTX,BBG01TW35QH2,BBG01N8JKMW2,,
21,21,TICKER,VRTX,38.0,BBG01V2GF112,VRTX,VERTEX PHARMACEUTICAL CEDEAR,AR,Equity,CEDEAR,Depositary Receipt,VRTX,BBG01V2GF112,BBG01V2GF158,,
21,21,TICKER,VRTX,39.0,BBG01V2GF121,VRTX,VERTEX PHARMACEUTICAL CEDEAR,AF,Equity,CEDEAR,Depositary Receipt,VRTX,BBG01V2GF112,BBG01V2GF158,,
21,21,TICKER,VRTX,40.0,BBG01V7W4HQ2,VRTX,VERTEX PHARMACEUTICALS INC,OC,Equity,Common Stock,Common Stock,VRTX,BBG000C1S2X2,BBG001S68LJ8,,
21,21,TICKER,VRTX,41.0,BBG01V8BBNL1,VRTX,VIRTUNE XRP ETP,GZ,Equity,ETP,Mutual Fund,VRTX,BBG01V8BBNK2,BBG01N8JKMW2,,
21,21,TICKER,VRTX,42.0,BBG01V8BHS98,VRTX,VIRTUNE XRP ETP,QT,Equity,ETP,Mutual Fund,VRTX,BBG01V8BHS89,BBG01N8JKMW2,,
21,21,TICKER,VRTX,43.0,BBG01VBJSW14,VRTX,VIRTUNE XRP ETP,TH,Equity,ETP,Mutual Fund,VRTX,BBG01VBJSW05,BBG01N8JKMW2,,
21,21,TICKER,VRTX,44.0,BBG01X4JFGZ0,VRTX,VERTEX PHARMACEUTICALS INC,OD,Equity,Common Stock,Common Stock,VRTX,BBG000C1S2X2,BBG001S68LJ8,,
21,21,TICKER,VRTX,45.0,BBG021BZ0Q16,VRTX,VERTEX PHARMACEUTICALS INC,VT,Equity,Common Stock,Common Stock,VRTX,BBG000C1S2X2,BBG001S68LJ8,,
21,21,TICKER,VRTX,46.0,BBG024YJ0SP1,VRTX,VORTEX ENERGY CORP,ER,Equity,Common Stock,Common Stock,VRTX,BBG024YJ0SN3,BBG01C4VL3Z1,,
22,22,TICKER,ANA,0.0,BBG000BMJCK9,ANA,ACCIONA SA,SM,Equity,Common Stock,Common Stock,ANA,BBG000BMJCK9,BBG001S9RSB4,,
22,22,TICKER,ANA,1.0,BBG000BMJFV0,ANA,ACCIONA SA,SQ,Equity,Common Stock,Common Stock,ANA,BBG000BMJCK9,BBG001S9RSB4,,
22,22,TICKER,ANA,2.0,BBG000DHD3X0,ANA,ACCIONA SA,EO,Equity,Common Stock,Common Stock,ANA,BBG000DHD3X0,BBG001S9RSB4,,
22,22,TICKER,ANA,3.0,BBG000DHD538,ANA,ACCIONA SA,XH,Equity,Common Stock,Common Stock,ANA,BBG000DHD3X0,BBG001S9RSB4,,
22,22,TICKER,ANA,4.0,BBG000DHD5G4,ANA,ACCIONA SA,XC,Equity,Common Stock,Common Stock,ANA,BBG000DHD3X0,BBG001S9RSB4,,
22,22,TICKER,ANA,5.0,BBG000DHD627,ANA,ACCIONA SA,XF,Equity,Common Stock,Common Stock,ANA,BBG000DHD3X0,BBG001S9RSB4,,
22,22,TICKER,ANA,6.0,BBG000DHF9Z3,ANA,ACCIONA SA,XE,Equity,Common Stock,Common Stock,ANA,BBG000DHD3X0,BBG001S9RSB4,,
22,22,TICKER,ANA,7.0,BBG000DHFBW1,ANA,ACCIONA SA,XJ,Equity,Common Stock,Common Stock,ANA,BBG000DHD3X0,BBG001S9RSB4,,
22,22,TICKER,ANA,8.0,BBG000DHFCR5,ANA,ACCIONA SA,XL,Equity,Common Stock,Common Stock,ANA,BBG000DHD3X0,BBG001S9RSB4,,
22,22,TICKER,ANA,9.0,BBG000DHFCV0,ANA,ACCIONA SA,XG,Equity,Common Stock,Common Stock,ANA,BBG000DHD3X0,BBG001S9RSB4,,
22,22,TICKER,ANA,10.0,BBG000DHFFQ9,ANA,ACCIONA SA,XO,Equity,Common Stock,Common Stock,ANA,BBG000DHD3X0,BBG001S9RSB4,,
22,22,TICKER,ANA,11.0,BBG000DHFH49,ANA,ACCIONA SA,XS,Equity,Common Stock,Common Stock,ANA,BBG000DHD3X0,BBG001S9RSB4,,
22,22,TICKER,ANA,12.0,BBG000DHFHT2,ANA,ACCIONA SA,XA,Equity,Common Stock,Common Stock,ANA,BBG000DHD3X0,BBG001S9RSB4,,
22,22,TICKER,ANA,13.0,BBG000DHFJ90,ANA,ACCIONA SA,E1,Equity,Common Stock,Common Stock,ANA,BBG000DHD3X0,BBG001S9RSB4,,
22,22,TICKER,ANA,14.0,BBG000DHFK79,ANA,ACCIONA SA,XW,Equity,Common Stock,Common Stock,ANA,BBG000DHD3X0,BBG001S9RSB4,,
22,22,TICKER,ANA,15.0,BBG000DHFLL1,ANA,ACCIONA SA,EU,Equity,Common Stock,Common Stock,ANA,BBG000DHFL40,BBG001S9RSB4,,
22,22,TICKER,ANA,16.0,BBG00591J6X6,ANA,ACCIONA SA,XV,Equity,Common Stock,Common Stock,ANA,BBG000DHD3X0,BBG001S9RSB4,,
22,22,TICKER,ANA,17.0,BBG00HVY2634,ANA,ACCIONA SA,AV,Equity,Common Stock,Common Stock,ANA,BBG00HVY2625,BBG001S9RSB4,,
22,22,TICKER,ANA,18.0,BBG00JN7FVS2,ANA,ACCIONA SA,XX,Equity,Common Stock,Common Stock,ANA,BBG000DHD3X0,BBG001S9RSB4,,
22,22,TICKER,ANA,19.0,BBG00LC42311,ANA,ANANDA DEVELOPMENTS PLC,PZ,Equity,Common Stock,Common Stock,ANA,BBG00LC42302,BBG00LC42320,,
22,22,TICKER,ANA,20.0,BBG00PQ009T4,ANA,ACCIONA SA,EP,Equity,Common Stock,Common Stock,ANA,BBG00PQ009S5,BBG001S9RSB4,,
22,22,TICKER,ANA,21.0,BBG00PQ009W0,ANA,ACCIONA SA,EZ,Equity,Common Stock,Common Stock,ANA,BBG00PQ009V1,BBG001S9RSB4,,
22,22,TICKER,ANA,22.0,BBG00QFY8KM4,ANA,ACCIONA SA,X1,Equity,Common Stock,Common Stock,,BBG000DHD3X0,BBG001S9RSB4,,
22,22,TICKER,ANA,23.0,BBG00YJ5XPH3,ANA,ACCIONA SA,X9,Equity,Common Stock,Common Stock,ANA,BBG00YJ5XPG4,BBG001S9RSB4,,
22,22,TICKER,ANA,24.0,BBG024Y33VG6,ANA,ACCIONA SA,ER,Equity,Common Stock,Common Stock,ANA,BBG024Y33VF7,BBG001S9RSB4,,
23,23,TICKER,WY,0.0,BBG000BX3BL3,WY,WEYERHAEUSER CO,US,Equity,REIT,REIT,WY,BBG000BX3BL3,BBG001S5XL11,,
23,23,TICKER,WY,1.0,BBG000BX3DF6,WY,WEYERHAEUSER CO,UA,Equity,REIT,REIT,WY,BBG000BX3BL3,BBG001S5XL11,,
23,23,TICKER,WY,2.0,BBG000BX3F89,WY,WEYERHAEUSER CO,UC,Equity,REIT,REIT,WY,BBG000BX3BL3,BBG001S5XL11,,
23,23,TICKER,WY,3.0,BBG000BX3GC2,WY,WEYERHAEUSER CO,UN,Equity,REIT,REIT,WY,BBG000BX3BL3,BBG001S5XL11,,
23,23,TICKER,WY,4.0,BBG000BX3GQ7,WY,WEYERHAEUSER CO,UP,Equity,REIT,REIT,WY,BBG000BX3BL3,BBG001S5XL11,,
23,23,TICKER,WY,5.0,BBG000BX3J90,WY,WEYERHAEUSER CO,UB,Equity,REIT,REIT,WY,BBG000BX3BL3,BBG001S5XL11,,
23,23,TICKER,WY,6.0,BBG000BX3JG2,WY,WEYERHAEUSER CO,UT,Equity,REIT,REIT,WY,BBG000BX3BL3,BBG001S5XL11,,
23,23,TICKER,WY,7.0,BBG000BX3JW4,WY,WEYERHAEUSER CO,UM,Equity,REIT,REIT,WY,BBG000BX3BL3,BBG001S5XL11,,
23,23,TICKER,WY,8.0,BBG000BX3K60,WY,WEYERHAEUSER CO,UX,Equity,REIT,REIT,WY,BBG000BX3BL3,BBG001S5XL11,,
23,23,TICKER,WY,9.0,BBG000BX3PF9,WY,WEYERHAEUSER CO,UD,Equity,REIT,REIT,WY,BBG000BX3BL3,BBG001S5XL11,,
23,23,TICKER,WY,10.0,BBG000BX3QS3,WY,WEYERHAEUSER CO,UF,Equity,REIT,REIT,WY,BBG000BX3BL3,BBG001S5XL11,,
23,23,TICKER,WY,11.0,BBG000BX3R74,WY,WEYERHAEUSER CO,VY,Equity,REIT,REIT,WY,BBG000BX3BL3,BBG001S5XL11,,
23,23,TICKER,WY,12.0,BBG000BX3SD5,WY,WEYERHAEUSER CO,VJ,Equity,REIT,REIT,WY,BBG000BX3BL3,BBG001S5XL11,,
23,23,TICKER,WY,13.0,BBG000BX3SP2,WY,WEYERHAEUSER CO,VK,Equity,REIT,REIT,WY,BBG000BX3BL3,BBG001S5XL11,,
23,23,TICKER,WY,14.0,BBG0013RVRB8,WY,WEYERHAEUSER CO,,M-Mkt,U.S. CP,CP,WY CP,,,,
23,23,TICKER,WY,15.0,BBG0013RVS17,WY,WEYERHAEUSER CO,,M-Mkt,MED TERM NOTE,MTN,WY MTN,,,,
23,23,TICKER,WY,16.0,BBG0013SLDQ2,WY,WEYERHAEUSER CO,,M-Mkt,U.S. INT BEAR CP,CP,WY CPIB,,,,
23,23,TICKER,WY,17.0,BBG0013V9MK5,WY,WEYERHAEUSER CO,,M-Mkt,EXTEND COMM NOTE,M-Mkt,WY ECN,,,,
23,23,TICKER,WY,18.0,BBG00DJCZ844,WY,WEYERHAEUSER CO,VF,Equity,REIT,REIT,WY,BBG000BX3BL3,BBG001S5XL11,,
23,23,TICKER,WY,19.0,BBG00THD5ZF0,WY,WEYERHAEUSER CO,VL,Equity,REIT,REIT,WY,BBG000BX3BL3,BBG001S5XL11,,
23,23,TICKER,WY,20.0,BBG00X1L9SF2,WY,WEYERHAEUSER CO,VG,Equity,REIT,REIT,WY,BBG000BX3BL3,BBG001S5XL11,,
23,23,TICKER,WY,21.0,BBG00X1PR2G9,WY,WEYERHAEUSER CO,VP,Equity,REIT,REIT,WY,BBG000BX3BL3,BBG001S5XL11,,
23,23,TICKER,WY,22.0,BBG01V7W3F69,WY,WEYERHAEUSER CO,OC,Equity,REIT,REIT,WY,BBG000BX3BL3,BBG001S5XL11,,
23,23,TICKER,WY,23.0,BBG01X4JDDG0,WY,WEYERHAEUSER CO,OD,Equity,REIT,REIT,WY,BBG000BX3BL3,BBG001S5XL11,,
23,23,TICKER,WY,24.0,BBG021C0QRS3,WY,WEYERHAEUSER CO,VT,Equity,REIT,REIT,WY,BBG000BX3BL3,BBG001S5XL11,,
23,23,TICKER,WY,25.0,BBG024YP8BX7,WY,WEYERHAEUSER CO,ER,Equity,REIT,REIT,WY,BBG024YP8BW8,BBG001S5XL11,,
24,24,TICKER,HOT,0.0,BBG000BC3V44,HOT,HOCHTIEF AG,GR,Equity,Common Stock,Common Stock,HOT,BBG000BC3V44,BBG001S68MQ8,,
24,24,TICKER,HOT,1.0,BBG000BC3VH0,HOT,HOCHTIEF AG,GF,Equity,Common Stock,Common Stock,HOT,BBG000BC3V44,BBG001S68MQ8,,
24,24,TICKER,HOT,2.0,BBG000BC3W33,HOT,HOCHTIEF AG,GD,Equity,Common Stock,Common Stock,HOT,BBG000BC3V44,BBG001S68MQ8,,
24,24,TICKER,HOT,3.0,BBG000BC3WH8,HOT,HOCHTIEF AG,GY,Equity,Common Stock,Common Stock,HOT,BBG000BC3V44,BBG001S68MQ8,,
24,24,TICKER,HOT,4.0,BBG000BC3WY9,HOT,HOCHTIEF AG,GS,Equity,Common Stock,Common Stock,HOT,BBG000BC3V44,BBG001S68MQ8,,
24,24,TICKER,HOT,5.0,BBG000BC3X68,HOT,HOCHTIEF AG,GM,Equity,Common Stock,Common Stock,HOT,BBG000BC3V44,BBG001S68MQ8,,
24,24,TICKER,HOT,6.0,BBG000BC3YT1,HOT,HOCHTIEF AG,GI,Equity,Common Stock,Common Stock,HOT,BBG000BC3V44,BBG001S68MQ8,,
24,24,TICKER,HOT,7.0,BBG000BC3Z72,HOT,HOCHTIEF AG,GH,Equity,Common Stock,Common Stock,HOT,BBG000BC3V44,BBG001S68MQ8,,
24,24,TICKER,HOT,8.0,BBG000J0SD63,HOT,HOCHTIEF AG,EO,Equity,Common Stock,Common Stock,HOT,BBG000J0SD63,BBG001S68MQ8,,
24,24,TICKER,HOT,9.0,BBG000J0SFH6,HOT,HOCHTIEF AG,XH,Equity,Common Stock,Common Stock,HOT,BBG000J0SD63,BBG001S68MQ8,,
24,24,TICKER,HOT,10.0,BBG000J0THC6,HOT,HOCHTIEF AG,XC,Equity,Common Stock,Common Stock,HOT,BBG000J0SD63,BBG001S68MQ8,,
24,24,TICKER,HOT,11.0,BBG000J0THH1,HOT,HOCHTIEF AG,XF,Equity,Common Stock,Common Stock,HOT,BBG000J0SD63,BBG001S68MQ8,,
24,24,TICKER,HOT,12.0,BBG000J0TK20,HOT,HOCHTIEF AG,XE,Equity,Common Stock,Common Stock,HOT,BBG000J0SD63,BBG001S68MQ8,,
24,24,TICKER,HOT,13.0,BBG000J0TKF6,HOT,HOCHTIEF AG,XJ,Equity,Common Stock,Common Stock,HOT,BBG000J0SD63,BBG001S68MQ8,,
24,24,TICKER,HOT,14.0,BBG000J0TKT1,HOT,HOCHTIEF AG,XL,Equity,Common Stock,Common Stock,HOT,BBG000J0SD63,BBG001S68MQ8,,
24,24,TICKER,HOT,15.0,BBG000J0TLB8,HOT,HOCHTIEF AG,XG,Equity,Common Stock,Common Stock,HOT,BBG000J0SD63,BBG001S68MQ8,,
24,24,TICKER,HOT,16.0,BBG000J0TM17,HOT,HOCHTIEF AG,XO,Equity,Common Stock,Common Stock,HOT,BBG000J0SD63,BBG001S68MQ8,,
24,24,TICKER,HOT,17.0,BBG000J0VRF8,HOT,HOCHTIEF AG,XS,Equity,Common Stock,Common Stock,HOT,BBG000J0SD63,BBG001S68MQ8,,
24,24,TICKER,HOT,18.0,BBG000J0VS02,HOT,HOCHTIEF AG,XA,Equity,Common Stock,Common Stock,HOT,BBG000J0SD63,BBG001S68MQ8,,
24,24,TICKER,HOT,19.0,BBG000J0VS66,HOT,HOCHTIEF AG,E1,Equity,Common Stock,Common Stock,HOT,BBG000J0SD63,BBG001S68MQ8,,
24,24,TICKER,HOT,20.0,BBG000J0VSV8,HOT,HOCHTIEF AG,XT,Equity,Common Stock,Common Stock,HOT,BBG000J0SD63,BBG001S68MQ8,,
24,24,TICKER,HOT,21.0,BBG000J0VTR1,HOT,HOCHTIEF AG,XW,Equity,Common Stock,Common Stock,HOT,BBG000J0SD63,BBG001S68MQ8,,
24,24,TICKER,HOT,22.0,BBG000J0VWB1,HOT,HOCHTIEF AG,EU,Equity,Common Stock,Common Stock,HOT,BBG000J0VV78,BBG001S68MQ8,,
24,24,TICKER,HOT,23.0,BBG000THYL33,HOT,HOCHTIEF AG,TH,Equity,Common Stock,Common Stock,HOT,BBG000THYKT7,BBG001S68MQ8,,
24,24,TICKER,HOT,24.0,BBG001WV7WJ5,HOT,HOI AN TOURIST SERVICE CO,VN,Equity,Common Stock,Common Stock,HOT,BBG001WV7WJ5,BBG001WV7WN0,,
24,24,TICKER,HOT,25.0,BBG001WV7WM1,HOT,HOI AN TOURIST SERVICE CO,VU,Equity,Common Stock,Common Stock,HOT,BBG001WV7WJ5,BBG001WV7WN0,,
24,24,TICKER,HOT,26.0,BBG00591GS16,HOT,HOCHTIEF AG,XV,Equity,Common Stock,Common Stock,HOT,BBG000J0SD63,BBG001S68MQ8,,
24,24,TICKER,HOT,27.0,BBG006TLQKD1,HOT,HOCHTIEF AG,SW,Equity,Common Stock,Common Stock,HOT,BBG006TLQKD1,BBG001S68MQ8,,
24,24,TICKER,HOT,28.0,BBG006TLQKG8,HOT,HOCHTIEF AG,SE,Equity,Common Stock,Common Stock,HOT,BBG006TLQKD1,BBG001S68MQ8,,
24,24,TICKER,HOT,29.0,BBG006TLQKL2,HOT,HOCHTIEF AG,BW,Equity,Common Stock,Common Stock,HOT,BBG006TLQKD1,BBG001S68MQ8,,
24,24,TICKER,HOT,30.0,BBG006XWKGT0,HOT,STARWOOD HOTELS & RESORT,,M-Mkt,U.S. CP,CP,HOT CP,,,,
24,24,TICKER,HOT,31.0,BBG006XWKMY1,HOT,STARWOOD HOTELS & RESORT,,M-Mkt,U.S. INT BEAR CP,CP,HOT CPIB,,,,
24,24,TICKER,HOT,32.0,BBG0077H5860,HOT,HOCHTIEF AG,QT,Equity,Common Stock,Common Stock,HOT,BBG0077H5851,BBG001S68MQ8,,
24,24,TICKER,HOT,33.0,BBG00FGWT2F6,HOT,HOCHTIEF AG,GZ,Equity,Common Stock,Common Stock,HOT,BBG00FGWT2D8,BBG001S68MQ8,,
24,24,TICKER,HOT,34.0,BBG00HMXV1V4,HOT,HOCHTIEF AG,AV,Equity,Common Stock,Common Stock,HOT,BBG00HMXV1T7,BBG001S68MQ8,,
24,24,TICKER,HOT,35.0,BBG00JN7DF09,HOT,HOCHTIEF AG,XX,Equity,Common Stock,Common Stock,HOT,BBG000J0SD63,BBG001S68MQ8,,
24,24,TICKER,HOT,36.0,BBG00PPYL856,HOT,HOCHTIEF AG,EP,Equity,Common Stock,Common Stock,HOT,BBG00PPYL847,BBG001S68MQ8,,
24,24,TICKER,HOT,37.0,BBG00PPYL874,HOT,HOCHTIEF AG,EZ,Equity,Common Stock,Common Stock,HOT,BBG00PPYL865,BBG001S68MQ8,,
24,24,TICKER,HOT,38.0,BBG00QFY73V3,HOT,HOCHTIEF AG,X1,Equity,Common Stock,Common Stock,,BBG000J0SD63,BBG001S68MQ8,,
24,24,TICKER,HOT,39.0,BBG00YJ676W5,HOT,HOCHTIEF AG,X9,Equity,Common Stock,Common Stock,HOT,BBG00YJ676V6,BBG001S68MQ8,,
24,24,TICKER,HOT,40.0,BBG018H7GNV5,HOT,HOCHTIEF AG,LA,Equity,Common Stock,Common Stock,HOT,BBG000BC3V44,BBG001S68MQ8,,
24,24,TICKER,HOT,41.0,BBG018J13RB3,HOT,HOCHTIEF AG,LU,Equity,Common Stock,Common Stock,HOT,BBG000BC3V44,BBG001S68MQ8,,
24,24,TICKER,HOT,42.0,BBG01BBVQLF2,HOT,HOCHTIEF AG,BU,Equity,Common Stock,Common Stock,HOT,BBG01BBVQLD4,BBG001S68MQ8,,
24,24,TICKER,HOT,43.0,BBG024YRFTJ2,HOT,HOCHTIEF AG,ER,Equity,Common Stock,Common Stock,HOT,BBG024YRFTH4,BBG001S68MQ8,,
24,24,TICKER,HOT,44.0,KKG000000M90,HOT,hotnow,,Curncy,Crypto,CRYPTO,,,,,
25,25,TICKER,DLR,0.0,BBG000DDQQR1,DLR,DALAT REAL ESTATE JSC,VN,Equity,Common Stock,Common Stock,DLR,BBG000DDQQR1,BBG001T10FV5,,
25,25,TICKER,DLR,1.0,BBG000DDQS60,DLR,DALAT REAL ESTATE JSC,VU,Equity,Common Stock,Common Stock,DLR,BBG000DDQQR1,BBG001T10FV5,,
25,25,TICKER,DLR,2.0,BBG000Q5ZRM7,DLR,DIGITAL REALTY TRUST INC,US,Equity,REIT,REIT,DLR,BBG000Q5ZRM7,BBG001SM0K30,,
25,25,TICKER,DLR,3.0,BBG000Q5ZRT0,DLR,DIGITAL REALTY TRUST INC,UA,Equity,REIT,REIT,DLR,BBG000Q5ZRM7,BBG001SM0K30,,
25,25,TICKER,DLR,4.0,BBG000Q5ZRZ3,DLR,DIGITAL REALTY TRUST INC,UC,Equity,REIT,REIT,DLR,BBG000Q5ZRM7,BBG001SM0K30,,
25,25,TICKER,DLR,5.0,BBG000Q5ZSC6,DLR,DIGITAL REALTY TRUST INC,UN,Equity,REIT,REIT,DLR,BBG000Q5ZRM7,BBG001SM0K30,,
25,25,TICKER,DLR,6.0,BBG000Q5ZSH1,DLR,DIGITAL REALTY TRUST INC,UP,Equity,REIT,REIT,DLR,BBG000Q5ZRM7,BBG001SM0K30,,
25,25,TICKER,DLR,7.0,BBG000Q5ZSW4,DLR,DIGITAL REALTY TRUST INC,UB,Equity,REIT,REIT,DLR,BBG000Q5ZRM7,BBG001SM0K30,,
25,25,TICKER,DLR,8.0,BBG000Q5ZTH9,DLR,DIGITAL REALTY TRUST INC,UT,Equity,REIT,REIT,DLR,BBG000Q5ZRM7,BBG001SM0K30,,
25,25,TICKER,DLR,9.0,BBG000Q5ZVG5,DLR,DIGITAL REALTY TRUST INC,UM,Equity,REIT,REIT,DLR,BBG000Q5ZRM7,BBG001SM0K30,,
25,25,TICKER,DLR,10.0,BBG000Q5ZWQ2,DLR,DIGITAL REALTY TRUST INC,UX,Equity,REIT,REIT,DLR,BBG000Q5ZRM7,BBG001SM0K30,,
25,25,TICKER,DLR,11.0,BBG000Q5ZZ85,DLR,DIGITAL REALTY TRUST INC,UD,Equity,REIT,REIT,DLR,BBG000Q5ZRM7,BBG001SM0K30,,
25,25,TICKER,DLR,12.0,BBG000Q601V0,DLR,DIGITAL REALTY TRUST INC,UF,Equity,REIT,REIT,DLR,BBG000Q5ZRM7,BBG001SM0K30,,
25,25,TICKER,DLR,13.0,BBG000Q602C9,DLR,DIGITAL REALTY TRUST INC,VY,Equity,REIT,REIT,DLR,BBG000Q5ZRM7,BBG001SM0K30,,
25,25,TICKER,DLR,14.0,BBG000Q602H4,DLR,DIGITAL REALTY TRUST INC,VJ,Equity,REIT,REIT,DLR,BBG000Q5ZRM7,BBG001SM0K30,,
25,25,TICKER,DLR,15.0,BBG000Q602Q4,DLR,DIGITAL REALTY TRUST INC,VK,Equity,REIT,REIT,DLR,BBG000Q5ZRM7,BBG001SM0K30,,
25,25,TICKER,DLR,16.0,BBG001M4V456,DLR,GLOBAL X US DOLLAR CURRENCY,CN,Equity,ETP,Mutual Fund,DLR,BBG001M4V456,BBG001V10349,,
25,25,TICKER,DLR,17.0,BBG001M4V474,DLR,GLOBAL X US DOLLAR CURRENCY,CT,Equity,ETP,Mutual Fund,DLR,BBG001M4V456,BBG001V10349,,
25,25,TICKER,DLR,18.0,BBG001M4V4D7,DLR,GLOBAL X US DOLLAR CURRENCY,CJ,Equity,ETP,Mutual Fund,DLR,BBG001M4V456,BBG001V10349,,
25,25,TICKER,DLR,19.0,BBG001M4V4G4,DLR,GLOBAL X US DOLLAR CURRENCY,TR,Equity,ETP,Mutual Fund,DLR,BBG001M4V456,BBG001V10349,,
25,25,TICKER,DLR,20.0,BBG001M4V4J1,DLR,GLOBAL X US DOLLAR CURRENCY,TX,Equity,ETP,Mutual Fund,DLR,BBG001M4V456,BBG001V10349,,
25,25,TICKER,DLR,21.0,BBG001M4V4K9,DLR,GLOBAL X US DOLLAR CURRENCY,TA,Equity,ETP,Mutual Fund,DLR,BBG001M4V456,BBG001V10349,,
25,25,TICKER,DLR,22.0,BBG001M4V4M7,DLR,GLOBAL X US DOLLAR CURRENCY,TG,Equity,ETP,Mutual Fund,DLR,BBG001M4V456,BBG001V10349,,
25,25,TICKER,DLR,23.0,BBG001M4V4N6,DLR,GLOBAL X US DOLLAR CURRENCY,TK,Equity,ETP,Mutual Fund,DLR,BBG001M4V456,BBG001V10349,,
25,25,TICKER,DLR,24.0,BBG001QBJSS2,DLR,GLOBAL X US DOLLAR CURRENCY,TW,Equity,ETP,Mutual Fund,DLR,BBG001M4V456,BBG001V10349,,
25,25,TICKER,DLR,25.0,BBG004JBBHN1,DLR,GLOBAL X US DOLLAR CURRENCY,DT,Equity,ETP,Mutual Fund,DLR,BBG001M4V456,BBG001V10349,,
25,25,TICKER,DLR,26.0,BBG005XRL3T1,DLR,GLOBAL X US DOLLAR CURRENCY,DG,Equity,ETP,Mutual Fund,DLR,BBG001M4V456,BBG001V10349,,
25,25,TICKER,DLR,27.0,BBG0086KKX06,DLR,GLOBAL X US DOLLAR CURRENCY,QF,Equity,ETP,Mutual Fund,DLR,BBG001M4V456,BBG001V10349,,
25,25,TICKER,DLR,28.0,BBG0086KKX15,DLR,GLOBAL X US DOLLAR CURRENCY,QH,Equity,ETP,Mutual Fund,DLR,BBG001M4V456,BBG001V10349,,
25,25,TICKER,DLR,29.0,BBG00DJG92Y4,DLR,DIGITAL REALTY TRUST INC,VF,Equity,REIT,REIT,DLR,BBG000Q5ZRM7,BBG001SM0K30,,
25,25,TICKER,DLR,30.0,BBG00DVMQBX9,DLR,GLOBAL X US DOLLAR CURRENCY,DJ,Equity,ETP,Mutual Fund,DLR,BBG001M4V456,BBG001V10349,,
25,25,TICKER,DLR,31.0,BBG00LN9LK46,DLR,GLOBAL X US DOLLAR CURRENCY,QG,Equity,ETP,Mutual Fund,DLR,BBG001M4V456,BBG001V10349,,
25,25,TICKER,DLR,32.0,BBG019LPK9Y1,DLR,GLOBAL X US DOLLAR CURRENCY,BF,Equity,ETP,Mutual Fund,DLR,BBG001M4V456,BBG001V10349,,
25,25,TICKER,DLR,33.0,BBG01J14R9W3,DLR,GLOBAL X US DOLLAR CURRENCY,HD,Equity,ETP,Mutual Fund,DLR,BBG001M4V456,BBG001V10349,,
25,25,TICKER,DLR,34.0,BBG01J15GLT9,DLR,GLOBAL X US DOLLAR CURRENCY,HX,Equity,ETP,Mutual Fund,DLR,BBG001M4V456,BBG001V10349,,
25,25,TICKER,DLR,35.0,BBG01X4LNR28,DLR,DIGITAL REALTY TRUST INC,OD,Equity,REIT,REIT,DLR,BBG000Q5ZRM7,BBG001SM0K30,,
25,25,TICKER,DLR,36.0,BBG021BYKBM7,DLR,DIGITAL REALTY TRUST INC,VT,Equity,REIT,REIT,DLR,BBG000Q5ZRM7,BBG001SM0K30,,
25,25,TICKER,DLR,37.0,BBG024Y8C313,DLR,DIGITAL REALTY TRUST INC,ER,Equity,REIT,REIT,DLR,BBG024Y8C304,BBG001SM0K30,,
26,26,TICKER,MOWI,0.0,BBG000JDLY02,MOWI,MOWI ASA,NO,Equity,Common Stock,Common Stock,MOWI,BBG000JDLX22,BBG001SB2PP7,,
26,26,TICKER,MOWI,1.0,BBG024YRMX78,MOWI,MOWI ASA,ER,Equity,Common Stock,Common Stock,MOWI,BBG024YRMX69,BBG001SB2PP7,,
27,27,TICKER,MAS,0.0,BBG000BNNKG9,MAS,MASCO CORP,US,Equity,Common Stock,Common Stock,MAS,BBG000BNNKG9,BBG001S5SZ70,,
27,27,TICKER,MAS,1.0,BBG000BNNKQ8,MAS,MASCO CORP,UA,Equity,Common Stock,Common Stock,MAS,BBG000BNNKG9,BBG001S5SZ70,,
27,27,TICKER,MAS,2.0,BBG000BNNKW1,MAS,MASCO CORP,UC,Equity,Common Stock,Common Stock,MAS,BBG000BNNKG9,BBG001S5SZ70,,
27,27,TICKER,MAS,3.0,BBG000BNNM75,MAS,MASCO CORP,UN,Equity,Common Stock,Common Stock,MAS,BBG000BNNKG9,BBG001S5SZ70,,
27,27,TICKER,MAS,4.0,BBG000BNNMH4,MAS,MASCO CORP,UP,Equity,Common Stock,Common Stock,MAS,BBG000BNNKG9,BBG001S5SZ70,,
27,27,TICKER,MAS,5.0,BBG000BNNN55,MAS,MASCO CORP,UB,Equity,Common Stock,Common Stock,MAS,BBG000BNNKG9,BBG001S5SZ70,,
27,27,TICKER,MAS,6.0,BBG000BNNNR1,MAS,MASCO CORP,UT,Equity,Common Stock,Common Stock,MAS,BBG000BNNKG9,BBG001S5SZ70,,
27,27,TICKER,MAS,7.0,BBG000BNNPB3,MAS,MASCO CORP,UM,Equity,Common Stock,Common Stock,MAS,BBG000BNNKG9,BBG001S5SZ70,,
27,27,TICKER,MAS,8.0,BBG000BNNPV1,MAS,MASCO CORP,UX,Equity,Common Stock,Common Stock,MAS,BBG000BNNKG9,BBG001S5SZ70,,
27,27,TICKER,MAS,9.0,BBG000BNNT43,MAS,MASCO CORP,UD,Equity,Common Stock,Common Stock,MAS,BBG000BNNKG9,BBG001S5SZ70,,
27,27,TICKER,MAS,10.0,BBG000BNNW37,MAS,MASCO CORP,UF,Equity,Common Stock,Common Stock,MAS,BBG000BNNKG9,BBG001S5SZ70,,
27,27,TICKER,MAS,11.0,BBG000BNNWH2,MAS,MASCO CORP,VY,Equity,Common Stock,Common Stock,MAS,BBG000BNNKG9,BBG001S5SZ70,,
27,27,TICKER,MAS,12.0,BBG000BNNWT9,MAS,MASCO CORP,VJ,Equity,Common Stock,Common Stock,MAS,BBG000BNNKG9,BBG001S5SZ70,,
27,27,TICKER,MAS,13.0,BBG000BNNX17,MAS,MASCO CORP,VK,Equity,Common Stock,Common Stock,MAS,BBG000BNNKG9,BBG001S5SZ70,,
27,27,TICKER,MAS,14.0,BBG000K825Q7,MAS,MELCO RESORTS & ENTERT-ADR,GR,Equity,ADR,Depositary Receipt,MAS,BBG000K825Q7,BBG001SBX933,,
27,27,TICKER,MAS,15.0,BBG000K82667,MAS,MELCO RESORTS & ENTERT-ADR,GF,Equity,ADR,Depositary Receipt,MAS,BBG000K825Q7,BBG001SBX933,,
27,27,TICKER,MAS,16.0,BBG000K82738,MAS,MELCO RESORTS & ENTERT-ADR,GD,Equity,ADR,Depositary Receipt,MAS,BBG000K825Q7,BBG001SBX933,,
27,27,TICKER,MAS,17.0,BBG000K828C6,MAS,MELCO RESORTS & ENTERT-ADR,GS,Equity,ADR,Depositary Receipt,MAS,BBG000K825Q7,BBG001SBX933,,
27,27,TICKER,MAS,18.0,BBG000K82989,MAS,MELCO RESORTS & ENTERT-ADR,GM,Equity,ADR,Depositary Receipt,MAS,BBG000K825Q7,BBG001SBX933,,
27,27,TICKER,MAS,19.0,BBG000P44WB6,MAS,DANANG AIRPORT SERVICES JSC,VN,Equity,Common Stock,Common Stock,MAS,BBG000P44WB6,BBG001T5HDG0,,
27,27,TICKER,MAS,20.0,BBG000P44XD2,MAS,DANANG AIRPORT SERVICES JSC,VH,Equity,Common Stock,Common Stock,MAS,BBG000P44WB6,BBG001T5HDG0,,
27,27,TICKER,MAS,21.0,BBG0013SCTD1,MAS,MASCO CORP,,M-Mkt,S.TERM LOAN NOTE,M-Mkt,MAS LNST,,,,
27,27,TICKER,MAS,22.0,BBG00DJCX1Z7,MAS,MASCO CORP,VF,Equity,Common Stock,Common Stock,MAS,BBG000BNNKG9,BBG001S5SZ70,,
27,27,TICKER,MAS,23.0,BBG00FGX2RH6,MAS,MELCO RESORTS & ENTERT-ADR,GZ,Equity,ADR,Depositary Receipt,MAS,BBG00FGX2RG7,BBG001SBX933,,
27,27,TICKER,MAS,24.0,BBG00FZYD5J7,MAS,MELCO RESORTS & ENTERT-ADR,QT,Equity,ADR,Depositary Receipt,MAS,BBG00FZYD5H9,BBG001SBX933,,
27,27,TICKER,MAS,25.0,BBG00THD3SG7,MAS,MASCO CORP,VL,Equity,Common Stock,Common Stock,MAS,BBG000BNNKG9,BBG001S5SZ70,,
27,27,TICKER,MAS,26.0,BBG00X1L7LG8,MAS,MASCO CORP,VG,Equity,Common Stock,Common Stock,MAS,BBG000BNNKG9,BBG001S5SZ70,,
27,27,TICKER,MAS,27.0,BBG00X1PNWH6,MAS,MASCO CORP,VP,Equity,Common Stock,Common Stock,MAS,BBG000BNNKG9,BBG001S5SZ70,,
27,27,TICKER,MAS,28.0,BBG00X9D0DT9,MAS,MASCO CORP,,M-Mkt,EURO MTN,MTN,MAS EMTN,,,,
27,27,TICKER,MAS,29.0,BBG011DXTNC4,MAS,MAASOEVAL AS,NO,Equity,Common Stock,Common Stock,MAS,BBG011DXTN89,BBG011DXTNB5,,
27,27,TICKER,MAS,30.0,BBG018H8G4F3,MAS,MELCO RESORTS & ENTERT-ADR,LA,Equity,ADR,Depositary Receipt,MAS,BBG000K825Q7,BBG001SBX933,,
27,27,TICKER,MAS,31.0,BBG018J236Y2,MAS,MELCO RESORTS & ENTERT-ADR,LU,Equity,ADR,Depositary Receipt,MAS,BBG000K825Q7,BBG001SBX933,,
27,27,TICKER,MAS,32.0,BBG01MGCGFR6,MAS,MELCO RESORTS & ENTERT-ADR,TH,Equity,ADR,Depositary Receipt,MAS,BBG01MGCGFQ7,BBG001SBX933,,
27,27,TICKER,MAS,33.0,BBG01V7W1778,MAS,MASCO CORP,OC,Equity,Common Stock,Common Stock,MAS,BBG000BNNKG9,BBG001S5SZ70,,
27,27,TICKER,MAS,34.0,BBG01X4JB6H6,MAS,MASCO CORP,OD,Equity,Common Stock,Common Stock,MAS,BBG000BNNKG9,BBG001S5SZ70,,
27,27,TICKER,MAS,35.0,BBG021C17GS6,MAS,MASCO CORP,VT,Equity,Common Stock,Common Stock,MAS,BBG000BNNKG9,BBG001S5SZ70,,
27,27,TICKER,MAS,36.0,BBG024YMPGL7,MAS,MAASOEVAL AS,ER,Equity,Common Stock,Common Stock,MAS,BBG024YMPGJ0,BBG011DXTNB5,,
27,27,TICKER,MAS,37.0,KKG000009V82,MAS,Midas Protocol,,Curncy,Crypto,CRYPTO,,,,,
28,28,TICKER,SIGMAFA,0.0,BBG000BQC595,SIGMAFA,SIGMA FOODS SAB DE CV,MM,Equity,Common Stock,Common Stock,SIGMAFA,BBG000BQC595,BBG001SDG7X9,,
28,28,TICKER,SIGMAFA,1.0,BBG000BQC6W7,SIGMAFA,SIGMA FOODS SAB DE CV,MF,Equity,Common Stock,Common Stock,SIGMAFA,BBG000BQC595,BBG001SDG7X9,,
28,28,TICKER,SIGMAFA,2.0,BBG00JX0NTZ4,SIGMAFA,SIGMA FOODS SAB DE CV,MU,Equity,Common Stock,Common Stock,SIGMAFA,BBG000BQC595,BBG001SDG7X9,,
28,28,TICKER,SIGMAFA,3.0,BBG02509KNJ3,SIGMAFA,SIGMA FOODS SAB DE CV,ER,Equity,Common Stock,Common Stock,SIGMAFA,BBG02509KNH5,BBG001SDG7X9,,
29,29,TICKER,VNA,0.0,BBG000BP4M35,VNA,VINASHIP JSC,VN,Equity,Common Stock,Common Stock,VNA,BBG000BP4M35,BBG001SQM7Z1,,
29,29,TICKER,VNA,1.0,BBG000BP4NZ8,VNA,VINASHIP JSC,VU,Equity,Common Stock,Common Stock,VNA,BBG000BP4M35,BBG001SQM7Z1,,
29,29,TICKER,VNA,2.0,BBG000BT0ZM1,VNA,VONOVIA SE,GR,Equity,Common Stock,Common Stock,VNA,BBG000BT0ZM1,BBG001SC00P2,,
29,29,TICKER,VNA,3.0,BBG004C6MBT4,VNA,VONOVIA SE,GF,Equity,Common Stock,Common Stock,VNA,BBG000BT0ZM1,BBG001SC00P2,,
29,29,TICKER,VNA,4.0,BBG004C6MBW0,VNA,VONOVIA SE,GD,Equity,Common Stock,Common Stock,VNA,BBG000BT0ZM1,BBG001SC00P2,,
29,29,TICKER,VNA,5.0,BBG004C6MBZ7,VNA,VONOVIA SE,GY,Equity,Common Stock,Common Stock,VNA,BBG000BT0ZM1,BBG001SC00P2,,
29,29,TICKER,VNA,6.0,BBG004C6MC03,VNA,VONOVIA SE,GS,Equity,Common Stock,Common Stock,VNA,BBG000BT0ZM1,BBG001SC00P2,,
29,29,TICKER,VNA,7.0,BBG004C6MC30,VNA,VONOVIA SE,GM,Equity,Common Stock,Common Stock,VNA,BBG000BT0ZM1,BBG001SC00P2,,
29,29,TICKER,VNA,8.0,BBG004C6MC94,VNA,VONOVIA SE,GI,Equity,Common Stock,Common Stock,VNA,BBG000BT0ZM1,BBG001SC00P2,,
29,29,TICKER,VNA,9.0,BBG004C6MCC0,VNA,VONOVIA SE,GH,Equity,Common Stock,Common Stock,VNA,BBG000BT0ZM1,BBG001SC00P2,,
29,29,TICKER,VNA,10.0,BBG004TB8CV6,VNA,VONOVIA SE,TH,Equity,Common Stock,Common Stock,VNA,BBG004TB8CT9,BBG001SC00P2,,
29,29,TICKER,VNA,11.0,BBG004TRQ5F4,VNA,VONOVIA SE,EO,Equity,Common Stock,Common Stock,VNA,BBG004TRQ5F4,BBG001SC00P2,,
29,29,TICKER,VNA,12.0,BBG004TRQ5X4,VNA,VONOVIA SE,XL,Equity,Common Stock,Common Stock,VNA,BBG004TRQ5F4,BBG001SC00P2,,
29,29,TICKER,VNA,13.0,BBG004TRQ6C5,VNA,VONOVIA SE,E1,Equity,Common Stock,Common Stock,VNA,BBG004TRQ5F4,BBG001SC00P2,,
29,29,TICKER,VNA,14.0,BBG0058MGRL1,VNA,VONOVIA SE,EU,Equity,Common Stock,Common Stock,VNA,BBG0058MGRK2,BBG001SC00P2,,
29,29,TICKER,VNA,15.0,BBG005924VQ3,VNA,VONOVIA SE,XV,Equity,Common Stock,Common Stock,VNA,BBG004TRQ5F4,BBG001SC00P2,,
29,29,TICKER,VNA,16.0,BBG0077H5F82,VNA,VONOVIA SE,QT,Equity,Common Stock,Common Stock,VNA,BBG0077H5F73,BBG001SC00P2,,
29,29,TICKER,VNA,17.0,BBG007FJN1P1,VNA,VONOVIA SE,SW,Equity,Common Stock,Common Stock,VNA,BBG007FJN1P1,BBG001SC00P2,,
29,29,TICKER,VNA,18.0,BBG007FJN1R9,VNA,VONOVIA SE,SE,Equity,Common Stock,Common Stock,VNA,BBG007FJN1P1,BBG001SC00P2,,
29,29,TICKER,VNA,19.0,BBG007FJN1W3,VNA,VONOVIA SE,BW,Equity,Common Stock,Common Stock,VNA,BBG007FJN1P1,BBG001SC00P2,,
29,29,TICKER,VNA,20.0,BBG00FGX52R7,VNA,VONOVIA SE,GZ,Equity,Common Stock,Common Stock,VNA,BBG00FGX52Q8,BBG001SC00P2,,
29,29,TICKER,VNA,21.0,BBG00GY18FX6,VNA,VONOVIA SE,AV,Equity,Common Stock,Common Stock,VNA,BBG00GY18FW7,BBG001SC00P2,,
29,29,TICKER,VNA,22.0,BBG00JN82GJ7,VNA,VONOVIA SE,XX,Equity,Common Stock,Common Stock,VNA,BBG004TRQ5F4,BBG001SC00P2,,
29,29,TICKER,VNA,23.0,BBG00PPY7VF0,VNA,VONOVIA SE,EP,Equity,Common Stock,Common Stock,VNA,BBG00PPY7VD2,BBG001SC00P2,,
29,29,TICKER,VNA,24.0,BBG00PPY7VJ6,VNA,VONOVIA SE,EZ,Equity,Common Stock,Common Stock,VNA,BBG00PPY7VH8,BBG001SC00P2,,
29,29,TICKER,VNA,25.0,BBG00QFYX9X9,VNA,VONOVIA SE,X1,Equity,Common Stock,Common Stock,,BBG004TRQ5F4,BBG001SC00P2,,
29,29,TICKER,VNA,26.0,BBG00YJ5SWG5,VNA,VONOVIA SE,X9,Equity,Common Stock,Common Stock,VNA,BBG00YJ5SWF6,BBG001SC00P2,,
29,29,TICKER,VNA,27.0,BBG014D9J5W9,VNA,VONOVIA SE,BU,Equity,Common Stock,Common Stock,VNA,BBG014D9J5V0,BBG001SC00P2,,
29,29,TICKER,VNA,28.0,BBG018H7N804,VNA,VONOVIA SE,LA,Equity,Common Stock,Common Stock,VNA,BBG000BT0ZM1,BBG001SC00P2,,
29,29,TICKER,VNA,29.0,BBG018J19BG7,VNA,VONOVIA SE,LU,Equity,Common Stock,Common Stock,VNA,BBG000BT0ZM1,BBG001SC00P2,,
29,29,TICKER,VNA,30.0,BBG024YDZPQ1,VNA,VONOVIA SE,ER,Equity,Common Stock,Common Stock,VNA,BBG024YDZPN4,BBG001SC00P2,,
30,30,TICKER,4568,0.0,BBG000BWPLT1,4568,DAIICHI SANKYO CO LTD,JP,Equity,Common Stock,Common Stock,4568,BBG000BWPLT1,BBG001SJB4R5,,
30,30,TICKER,4568,1.0,BBG000BWPMB8,4568,DAIICHI SANKYO CO LTD,JT,Equity,Common Stock,Common Stock,4568,BBG000BWPLT1,BBG001SJB4R5,,
30,30,TICKER,4568,2.0,BBG000BWPS89,4568,DAIICHI SANKYO CO LTD,JJ,Equity,Common Stock,Common Stock,4568,BBG000BWPLT1,BBG001SJB4R5,,
30,30,TICKER,4568,3.0,BBG000BWPT41,4568,DAIICHI SANKYO CO LTD,JE,Equity,Common Stock,Common Stock,4568,BBG000BWPLT1,BBG001SJB4R5,,
30,30,TICKER,4568,4.0,BBG000BWPTF9,4568,DAIICHI SANKYO CO LTD,JI,Equity,Common Stock,Common Stock,4568,BBG000BWPLT1,BBG001SJB4R5,,
30,30,TICKER,4568,5.0,BBG002QKCFJ5,4568,DAIICHI SANKYO CO LTD,JU,Equity,Common Stock,Common Stock,4568,BBG000BWPLT1,BBG001SJB4R5,,
30,30,TICKER,4568,6.0,BBG00875HD42,4568,DAIICHI SANKYO CO LTD,JW,Equity,Common Stock,Common Stock,4568,BBG000BWPLT1,BBG001SJB4R5,,
30,30,TICKER,4568,7.0,BBG00J002040,4568,KOGE MICRO TECH CO LTD,TT (Taipei Stock Exchange),Equity,Common Stock,Common Stock,4568,BBG00J002022,BBG00J002059,,
30,30,TICKER,4568,8.0,BBG0193R9M53,4568,DAIICHI SANKYO CO LTD,JV,Equity,Common Stock,Common Stock,4568,BBG000BWPLT1,BBG001SJB4R5,,
30,30,TICKER,4568,9.0,BBG024Y8DFR7,4568,DAIICHI SANKYO CO LTD,ER,Equity,Common Stock,Common Stock,4568,BBG024Y8DFQ8,BBG001SJB4R5,,
31,31,TICKER,2319,0.0,BBG000PXTGY5,2319,CHINA MENGNIU DAIRY CO,HK,Equity,Common Stock,Common Stock,2319,BBG000PXTGG5,BBG001SLX9R5,,
31,31,TICKER,2319,1.0,BBG006Z3JX26,2319,CHINA MENGNIU DAIRY CO,H1,Equity,Common Stock,Common Stock,2319,BBG006Z3JX17,BBG001SLX9R5,,
31,31,TICKER,2319,2.0,BBG00F135T81,2319,CHINA MENGNIU DAIRY CO,H2,Equity,Common Stock,Common Stock,2319,BBG00F135T72,BBG001SLX9R5,,
31,31,TICKER,2319,3.0,BBG024YFHCH5,2319,CHINA MENGNIU DAIRY CO,ER,Equity,Common Stock,Common Stock,2319,BBG024YFHCG6,BBG001SLX9R5,,
32,32,TICKER,SAP,0.0,BBG000BDSLD7,SAP,SAP SE-SPONSORED ADR,US,Equity,ADR,Depositary Receipt,SAP,BBG000BDSLD7,BBG001S6RD41,,
32,32,TICKER,SAP,1.0,BBG000BDSLR2,SAP,SAP SE-SPONSORED ADR,UA,Equity,ADR,Depositary Receipt,SAP,BBG000BDSLD7,BBG001S6RD41,,
32,32,TICKER,SAP,2.0,BBG000BDSM27,SAP,SAP SE-SPONSORED ADR,UC,Equity,ADR,Depositary Receipt,SAP,BBG000BDSLD7,BBG001S6RD41,,
32,32,TICKER,SAP,3.0,BBG000BDSMR0,SAP,SAP SE-SPONSORED ADR,UN,Equity,ADR,Depositary Receipt,SAP,BBG000BDSLD7,BBG001S6RD41,,
32,32,TICKER,SAP,4.0,BBG000BDSN07,SAP,SAP SE-SPONSORED ADR,UP,Equity,ADR,Depositary Receipt,SAP,BBG000BDSLD7,BBG001S6RD41,,
32,32,TICKER,SAP,5.0,BBG000BDSPN7,SAP,SAP SE-SPONSORED ADR,UB,Equity,ADR,Depositary Receipt,SAP,BBG000BDSLD7,BBG001S6RD41,,
32,32,TICKER,SAP,6.0,BBG000BDSPZ4,SAP,SAP SE-SPONSORED ADR,UT,Equity,ADR,Depositary Receipt,SAP,BBG000BDSLD7,BBG001S6RD41,,
32,32,TICKER,SAP,7.0,BBG000BDSQD6,SAP,SAP SE-SPONSORED ADR,UM,Equity,ADR,Depositary Receipt,SAP,BBG000BDSLD7,BBG001S6RD41,,
32,32,TICKER,SAP,8.0,BBG000BDSR26,SAP,SAP SE-SPONSORED ADR,UX,Equity,ADR,Depositary Receipt,SAP,BBG000BDSLD7,BBG001S6RD41,,
32,32,TICKER,SAP,9.0,BBG000BDSTZ6,SAP,SAP SE-SPONSORED ADR,UD,Equity,ADR,Depositary Receipt,SAP,BBG000BDSLD7,BBG001S6RD41,,
32,32,TICKER,SAP,10.0,BBG000BDSXF9,SAP,SAP SE-SPONSORED ADR,UF,Equity,ADR,Depositary Receipt,SAP,BBG000BDSLD7,BBG001S6RD41,,
32,32,TICKER,SAP,11.0,BBG000BDSYJ3,SAP,SAP SE-SPONSORED ADR,VY,Equity,ADR,Depositary Receipt,SAP,BBG000BDSLD7,BBG001S6RD41,,
32,32,TICKER,SAP,12.0,BBG000BDSYP6,SAP,SAP SE-SPONSORED ADR,VJ,Equity,ADR,Depositary Receipt,SAP,BBG000BDSLD7,BBG001S6RD41,,
32,32,TICKER,SAP,13.0,BBG000BDSYZ5,SAP,SAP SE-SPONSORED ADR,VK,Equity,ADR,Depositary Receipt,SAP,BBG000BDSLD7,BBG001S6RD41,,
32,32,TICKER,SAP,14.0,BBG000BDTGP4,SAP,SAP SE,SW,Equity,Common Stock,Common Stock,SAP,BBG000BDTGP4,BBG001S6RK27,,
32,32,TICKER,SAP,15.0,BBG000BG7DY8,SAP,SAP SE,GR,Equity,Common Stock,Common Stock,SAP,BBG000BG7DY8,BBG001S6RK27,,
32,32,TICKER,SAP,16.0,BBG000BG7FG3,SAP,SAP SE,GF,Equity,Common Stock,Common Stock,SAP,BBG000BG7DY8,BBG001S6RK27,,
32,32,TICKER,SAP,17.0,BBG000BG7GR9,SAP,SAP SE,GD,Equity,Common Stock,Common Stock,SAP,BBG000BG7DY8,BBG001S6RK27,,
32,32,TICKER,SAP,18.0,BBG000BG7GX2,SAP,SAP SE,GY,Equity,Common Stock,Common Stock,SAP,BBG000BG7DY8,BBG001S6RK27,,
32,32,TICKER,SAP,19.0,BBG000BG7HG9,SAP,SAP SE,GS,Equity,Common Stock,Common Stock,SAP,BBG000BG7DY8,BBG001S6RK27,,
32,32,TICKER,SAP,20.0,BBG000BG7J66,SAP,SAP SE,GM,Equity,Common Stock,Common Stock,SAP,BBG000BG7DY8,BBG001S6RK27,,
32,32,TICKER,SAP,21.0,BBG000BG7ML2,SAP,SAP SE,GI,Equity,Common Stock,Common Stock,SAP,BBG000BG7DY8,BBG001S6RK27,,
32,32,TICKER,SAP,22.0,BBG000BG7NG6,SAP,SAP SE,GH,Equity,Common Stock,Common Stock,SAP,BBG000BG7DY8,BBG001S6RK27,,
32,32,TICKER,SAP,23.0,BBG000BHGZT3,SAP,SAPUTO INC,CN,Equity,Common Stock,Common Stock,SAP,BBG000BHGZT3,BBG001S7PK09,,
32,32,TICKER,SAP,24.0,BBG000BHH153,SAP,SAPUTO INC,CT,Equity,Common Stock,Common Stock,SAP,BBG000BHGZT3,BBG001S7PK09,,
32,32,TICKER,SAP,25.0,BBG000BHH475,SAP,SAPUTO INC,CJ,Equity,Common Stock,Common Stock,SAP,BBG000BHGZT3,BBG001S7PK09,,
32,32,TICKER,SAP,26.0,BBG000BHH5X3,SAP,SAPUTO INC,TR,Equity,Common Stock,Common Stock,SAP,BBG000BHGZT3,BBG001S7PK09,,
32,32,TICKER,SAP,27.0,BBG000BHH705,SAP,SAPUTO INC,TX,Equity,Common Stock,Common Stock,SAP,BBG000BHGZT3,BBG001S7PK09,,
32,32,TICKER,SAP,28.0,BBG000BHH787,SAP,SAPUTO INC,TA,Equity,Common Stock,Common Stock,SAP,BBG000BHGZT3,BBG001S7PK09,,
32,32,TICKER,SAP,29.0,BBG000BHH8D9,SAP,SAPUTO INC,TG,Equity,Common Stock,Common Stock,SAP,BBG000BHGZT3,BBG001S7PK09,,
32,32,TICKER,SAP,30.0,BBG000BHH9D7,SAP,SAPUTO INC,TK,Equity,Common Stock,Common Stock,SAP,BBG000BHGZT3,BBG001S7PK09,,
32,32,TICKER,SAP,31.0,BBG000BR9Q00,SAP,SAP AG-CEDEAR,AR,Equity,CEDEAR,Depositary Receipt,SAP,BBG000BR9Q00,BBG001SG6GD5,,
32,32,TICKER,SAP,32.0,BBG000BR9QQ2,SAP,SAP AG-CEDEAR,AF,Equity,CEDEAR,Depositary Receipt,SAP,BBG000BR9Q00,BBG001SG6GD5,,
32,32,TICKER,SAP,33.0,BBG000BV0784,SAP,SAPPI LIMITED,SJ,Equity,Common Stock,Common Stock,SAP,BBG000BV06B2,BBG001S5NT79,,
32,32,TICKER,SAP,34.0,BBG000D17VH8,SAP,SAP SE,EO,Equity,Common Stock,Common Stock,SAP,BBG000D17VH8,BBG001S6RK27,,
32,32,TICKER,SAP,35.0,BBG000D17WN9,SAP,SAP SE,XH,Equity,Common Stock,Common Stock,SAP,BBG000D17VH8,BBG001S6RK27,,
32,32,TICKER,SAP,36.0,BBG000D17WY7,SAP,SAP SE,XC,Equity,Common Stock,Common Stock,SAP,BBG000D17VH8,BBG001S6RK27,,
32,32,TICKER,SAP,37.0,BBG000D17XN7,SAP,SAP SE,XF,Equity,Common Stock,Common Stock,SAP,BBG000D17VH8,BBG001S6RK27,,
32,32,TICKER,SAP,38.0,BBG000D17YM6,SAP,SAP SE,XE,Equity,Common Stock,Common Stock,SAP,BBG000D17VH8,BBG001S6RK27,,
32,32,TICKER,SAP,39.0,BBG000D17Z98,SAP,SAP SE,XJ,Equity,Common Stock,Common Stock,SAP,BBG000D17VH8,BBG001S6RK27,,
32,32,TICKER,SAP,40.0,BBG000D18049,SAP,SAP SE,XL,Equity,Common Stock,Common Stock,SAP,BBG000D17VH8,BBG001S6RK27,,
32,32,TICKER,SAP,41.0,BBG000D180T2,SAP,SAP SE,XG,Equity,Common Stock,Common Stock,SAP,BBG000D17VH8,BBG001S6RK27,,
32,32,TICKER,SAP,42.0,BBG000D18165,SAP,SAP SE,XO,Equity,Common Stock,Common Stock,SAP,BBG000D17VH8,BBG001S6RK27,,
32,32,TICKER,SAP,43.0,BBG000D194Z6,SAP,SAP SE,XS,Equity,Common Stock,Common Stock,SAP,BBG000D17VH8,BBG001S6RK27,,
32,32,TICKER,SAP,44.0,BBG000D195K9,SAP,SAP SE,XA,Equity,Common Stock,Common Stock,SAP,BBG000D17VH8,BBG001S6RK27,,
32,32,TICKER,SAP,45.0,BBG000D196K7,SAP,SAP SE,E1,Equity,Common Stock,Common Stock,SAP,BBG000D17VH8,BBG001S6RK27,,
32,32,TICKER,SAP,46.0,BBG000D197B5,SAP,SAP SE,XW,Equity,Common Stock,Common Stock,SAP,BBG000D17VH8,BBG001S6RK27,,
32,32,TICKER,SAP,47.0,BBG000D1BB05,SAP,SAP SE,EU,Equity,Common Stock,Common Stock,SAP,BBG000D1B9H2,BBG001S6RK27,,
32,32,TICKER,SAP,48.0,BBG000PWXV88,SAP,SAP SE,TH,Equity,Common Stock,Common Stock,SAP,BBG000PWXV06,BBG001S6RK27,,
32,32,TICKER,SAP,49.0,BBG000QRK9B7,SAP,TEXTBOOK PRINTING JSC,VN,Equity,Common Stock,Common Stock,SAP,BBG000QRK9B7,BBG001SSHJZ7,,
32,32,TICKER,SAP,50.0,BBG000QRKBQ6,SAP,TEXTBOOK PRINTING JSC,VU,Equity,Common Stock,Common Stock,SAP,BBG000QRK9B7,BBG001SSHJZ7,,
32,32,TICKER,SAP,51.0,BBG001QBF249,SAP,SAPUTO INC,TW,Equity,Common Stock,Common Stock,SAP,BBG000BHGZT3,BBG001S7PK09,,
32,32,TICKER,SAP,52.0,BBG0022LZDT8,SAP,SAP SE,RO,Equity,Common Stock,Common Stock,SAP,BBG0022LZDT8,BBG001S6RK27,,
32,32,TICKER,SAP,53.0,BBG0022LZDV5,SAP,SAP SE,RE,Equity,Common Stock,Common Stock,SAP,BBG0022LZDT8,BBG001S6RK27,,
32,32,TICKER,SAP,54.0,BBG002GT15P4,SAP,SAP SE,SE,Equity,Common Stock,Common Stock,SAP,BBG000BDTGP4,BBG001S6RK27,,
32,32,TICKER,SAP,55.0,BBG004JB2ZK4,SAP,SAPUTO INC,DT,Equity,Common Stock,Common Stock,SAP,BBG000BHGZT3,BBG001S7PK09,,
32,32,TICKER,SAP,56.0,BBG00591CMD0,SAP,SAP SE,XV,Equity,Common Stock,Common Stock,SAP,BBG000D17VH8,BBG001S6RK27,,
32,32,TICKER,SAP,57.0,BBG005XRBKK3,SAP,SAPUTO INC,DG,Equity,Common Stock,Common Stock,SAP,BBG000BHGZT3,BBG001S7PK09,,
32,32,TICKER,SAP,58.0,BBG006M6YJP2,SAP,SAP SE,BW,Equity,Common Stock,Common Stock,SAP,BBG000BDTGP4,BBG001S6RK27,,
32,32,TICKER,SAP,59.0,BBG0077H54L2,SAP,SAP SE,QT,Equity,Common Stock,Common Stock,SAP,BBG0077H54K3,BBG001S6RK27,,
32,32,TICKER,SAP,60.0,BBG0086K2HY4,SAP,SAPUTO INC,QF,Equity,Common Stock,Common Stock,SAP,BBG000BHGZT3,BBG001S7PK09,,
32,32,TICKER,SAP,61.0,BBG0086K2HZ3,SAP,SAPUTO INC,QH,Equity,Common Stock,Common Stock,SAP,BBG000BHGZT3,BBG001S7PK09,,
32,32,TICKER,SAP,62.0,BBG00DJD22K3,SAP,SAP SE-SPONSORED ADR,VF,Equity,ADR,Depositary Receipt,SAP,BBG000BDSLD7,BBG001S6RD41,,
32,32,TICKER,SAP,63.0,BBG00DVMGVK0,SAP,SAPUTO INC,DJ,Equity,Common Stock,Common Stock,SAP,BBG000BHGZT3,BBG001S7PK09,,
32,32,TICKER,SAP,64.0,BBG00FGWVP44,SAP,SAP SE,GZ,Equity,Common Stock,Common Stock,SAP,BBG00FGWVP35,BBG001S6RK27,,
32,32,TICKER,SAP,65.0,BBG00GY18CC6,SAP,SAP SE,AV,Equity,Common Stock,Common Stock,SAP,BBG00GY18CB7,BBG001S6RK27,,
32,32,TICKER,SAP,66.0,BBG00JN798F4,SAP,SAP SE,XX,Equity,Common Stock,Common Stock,SAP,BBG000D17VH8,BBG001S6RK27,,
32,32,TICKER,SAP,67.0,BBG00LN9C0J4,SAP,SAPUTO INC,QG,Equity,Common Stock,Common Stock,SAP,BBG000BHGZT3,BBG001S7PK09,,
32,32,TICKER,SAP,68.0,BBG00M4DLVF0,SAP,SAP SE,HB,Equity,Common Stock,Common Stock,SAP,BBG00M4DLVC3,BBG001S6RK27,,
32,32,TICKER,SAP,69.0,BBG00PPZQLC1,SAP,SAP SE,EP,Equity,Common Stock,Common Stock,SAP,BBG00PPZQLB2,BBG001S6RK27,,
32,32,TICKER,SAP,70.0,BBG00PPZQLF8,SAP,SAP SE,EZ,Equity,Common Stock,Common Stock,SAP,BBG00PPZQLD0,BBG001S6RK27,,
32,32,TICKER,SAP,71.0,BBG00Q6L2VG1,SAP,SAP SE,,M-Mkt,EURO CP,CP,SAP ECP,,,,
32,32,TICKER,SAP,72.0,BBG00QFY3YX7,SAP,SAP SE,X1,Equity,Common Stock,Common Stock,,BBG000D17VH8,BBG001S6RK27,,
32,32,TICKER,SAP,73.0,BBG00X1LDLH0,SAP,SAP SE-SPONSORED ADR,VG,Equity,ADR,Depositary Receipt,SAP,BBG000BDSLD7,BBG001S6RD41,,
32,32,TICKER,SAP,74.0,BBG00X1PTWJ8,SAP,SAP SE-SPONSORED ADR,VP,Equity,ADR,Depositary Receipt,SAP,BBG000BDSLD7,BBG001S6RD41,,
32,32,TICKER,SAP,75.0,BBG00YJ5SV95,SAP,SAP SE,X9,Equity,Common Stock,Common Stock,SAP,BBG00YJ5SV86,BBG001S6RK27,,
32,32,TICKER,SAP,76.0,BBG018H7HQK9,SAP,SAP SE,LA,Equity,Common Stock,Common Stock,SAP,BBG000BG7DY8,BBG001S6RK27,,
32,32,TICKER,SAP,77.0,BBG018J14T19,SAP,SAP SE,LU,Equity,Common Stock,Common Stock,SAP,BBG000BG7DY8,BBG001S6RK27,,
32,32,TICKER,SAP,78.0,BBG019LP9RX5,SAP,SAPUTO INC,BF,Equity,Common Stock,Common Stock,SAP,BBG000BHGZT3,BBG001S7PK09,,
32,32,TICKER,SAP,79.0,BBG01H0DSR66,SAP,SAP SE,PW,Equity,Common Stock,Common Stock,SAP,BBG01H0DSR57,BBG001S6RK27,,
32,32,TICKER,SAP,80.0,BBG01J14HRQ1,SAP,SAPUTO INC,HD,Equity,Common Stock,Common Stock,SAP,BBG000BHGZT3,BBG001S7PK09,,
32,32,TICKER,SAP,81.0,BBG01J1571P7,SAP,SAPUTO INC,HX,Equity,Common Stock,Common Stock,SAP,BBG000BHGZT3,BBG001S7PK09,,
32,32,TICKER,SAP,82.0,BBG01V7W6773,SAP,SAP SE-SPONSORED ADR,OC,Equity,ADR,Depositary Receipt,SAP,BBG000BDSLD7,BBG001S6RD41,,
32,32,TICKER,SAP,83.0,BBG024Y2HC75,SAP,SAP SE,ER,Equity,Common Stock,Common Stock,SAP,BBG024Y2HC66,BBG001S6RK27,,
32,32,TICKER,SAP,84.0,KKG00000D4Y8,SAP,Sapchain,,Curncy,Crypto,CRYPTO,,,,,
33,33,TICKER,300750,0.0,BBG00DYQ3MJ4,300750,CONTEMPORARY AMPEREX TECHN-A,CH,Equity,Common Stock,Common Stock,300750,BBG00DYQ3MJ4,BBG00DYQ3MK2,,
33,33,TICKER,300750,1.0,BBG00J6KG0F3,300750,CONTEMPORARY AMPEREX TECHN-A,CS,Equity,Common Stock,Common Stock,300750,BBG00DYQ3MJ4,BBG00DYQ3MK2,,
33,33,TICKER,300750,2.0,BBG00MYKWDB3,300750,CONTEMPORARY AMPEREX TECHN-A,C2,Equity,Common Stock,Common Stock,300750,BBG00MYKWD96,BBG00DYQ3MK2,,
33,33,TICKER,300750,3.0,BBG024YRQ6R1,300750,CONTEMPORARY AMPEREX TECHN-A,ER,Equity,Common Stock,Common Stock,300750,BBG024YRQ6Q2,BBG00DYQ3MK2,,
34,34,TICKER,9863,0.0,BBG0169H8NM5,9863,ZHEJIANG LEAPMOTOR TECHNOL-H,HK,Equity,Common Stock,Common Stock,9863,BBG0169H8NL6,BBG0169H8NN4,,
34,34,TICKER,9863,1.0,BBG01BW8MZC6,9863,ZHEJIANG LEAPMOTOR TECHNOL-H,H2,Equity,Common Stock,Common Stock,9863,BBG01BW8MZB7,BBG0169H8NN4,,
34,34,TICKER,9863,2.0,BBG01BW8NV61,9863,ZHEJIANG LEAPMOTOR TECHNOL-H,H1,Equity,Common Stock,Common Stock,9863,BBG01BW8NV52,BBG0169H8NN4,,
34,34,TICKER,9863,3.0,BBG024YBNPF0,9863,ZHEJIANG LEAPMOTOR TECHNOL-H,ER,Equity,Common Stock,Common Stock,9863,BBG024YBNPC3,BBG0169H8NN4,,
35,35,TICKER,PSON,0.0,BBG000BDY8C0,PSON,PEARSON PLC,LN,Equity,Common Stock,Common Stock,PSON,BBG000BDY849,BBG001S630G2,,
35,35,TICKER,PSON,1.0,BBG000GTW0P5,PSON,PEARSON PLC,EO,Equity,Common Stock,Common Stock,PSON,BBG000GTW0P5,BBG001S630G2,,
35,35,TICKER,PSON,2.0,BBG000GTW244,PSON,PEARSON PLC,XH,Equity,Common Stock,Common Stock,PSON,BBG000GTW0P5,BBG001S630G2,,
35,35,TICKER,PSON,3.0,BBG000GTW2R9,PSON,PEARSON PLC,XC,Equity,Common Stock,Common Stock,PSON,BBG000GTW0P5,BBG001S630G2,,
35,35,TICKER,PSON,4.0,BBG000GTW3H8,PSON,PEARSON PLC,XF,Equity,Common Stock,Common Stock,PSON,BBG000GTW0P5,BBG001S630G2,,
35,35,TICKER,PSON,5.0,BBG000GTW538,PSON,PEARSON PLC,XE,Equity,Common Stock,Common Stock,PSON,BBG000GTW0P5,BBG001S630G2,,
35,35,TICKER,PSON,6.0,BBG000GTW654,PSON,PEARSON PLC,XJ,Equity,Common Stock,Common Stock,PSON,BBG000GTW0P5,BBG001S630G2,,
35,35,TICKER,PSON,7.0,BBG000GTW716,PSON,PEARSON PLC,XL,Equity,Common Stock,Common Stock,PSON,BBG000GTW0P5,BBG001S630G2,,
35,35,TICKER,PSON,8.0,BBG000GTW7B5,PSON,PEARSON PLC,XG,Equity,Common Stock,Common Stock,PSON,BBG000GTW0P5,BBG001S630G2,,
35,35,TICKER,PSON,9.0,BBG000GTW7V3,PSON,PEARSON PLC,XO,Equity,Common Stock,Common Stock,PSON,BBG000GTW0P5,BBG001S630G2,,
35,35,TICKER,PSON,10.0,BBG000GTW9S3,PSON,PEARSON PLC,XS,Equity,Common Stock,Common Stock,PSON,BBG000GTW0P5,BBG001S630G2,,
35,35,TICKER,PSON,11.0,BBG000GTWBN3,PSON,PEARSON PLC,XA,Equity,Common Stock,Common Stock,PSON,BBG000GTW0P5,BBG001S630G2,,
35,35,TICKER,PSON,12.0,BBG000GTWCL3,PSON,PEARSON PLC,E1,Equity,Common Stock,Common Stock,PSON,BBG000GTW0P5,BBG001S630G2,,
35,35,TICKER,PSON,13.0,BBG000GTWDT3,PSON,PEARSON PLC,XT,Equity,Common Stock,Common Stock,PSON,BBG000GTW0P5,BBG001S630G2,,
35,35,TICKER,PSON,14.0,BBG000GTWF45,PSON,PEARSON PLC,XW,Equity,Common Stock,Common Stock,PSON,BBG000GTW0P5,BBG001S630G2,,
35,35,TICKER,PSON,15.0,BBG000GTXHR5,PSON,PEARSON PLC,EU,Equity,Common Stock,Common Stock,PSON,BBG000GTXHD0,BBG001S630G2,,
35,35,TICKER,PSON,16.0,BBG0013RPVN3,PSON,PEARSON INC,,M-Mkt,MED TERM NOTE,MTN,PSON MTN,,,,
35,35,TICKER,PSON,17.0,BBG00591FLF7,PSON,PEARSON PLC,XV,Equity,Common Stock,Common Stock,PSON,BBG000GTW0P5,BBG001S630G2,,
35,35,TICKER,PSON,18.0,BBG00JN7C7D4,PSON,PEARSON PLC,XX,Equity,Common Stock,Common Stock,PSON,BBG000GTW0P5,BBG001S630G2,,
35,35,TICKER,PSON,19.0,BBG00Q3TNHC9,PSON,PEARSON PLC,EP,Equity,Common Stock,Common Stock,PSON,BBG00Q3TNHB0,BBG001S630G2,,
35,35,TICKER,PSON,20.0,BBG00Q3TRXK1,PSON,PEARSON PLC,EZ,Equity,Common Stock,Common Stock,PSON,BBG00Q3TRXJ3,BBG001S630G2,,
35,35,TICKER,PSON,21.0,BBG00QFY5XW8,PSON,PEARSON PLC,X1,Equity,Common Stock,Common Stock,,BBG000GTW0P5,BBG001S630G2,,
35,35,TICKER,PSON,22.0,BBG00YJKPYB6,PSON,PEARSON PLC,X9,Equity,Common Stock,Common Stock,PSON,BBG00YJKPY99,BBG001S630G2,,
36,36,TICKER,ORSTED,0.0,BBG00B2HPN16,ORSTED,ORSTED A/S,DC,Equity,Common Stock,Common Stock,ORSTED,BBG000BXG658,BBG001S7BMJ0,,
36,36,TICKER,ORSTED,1.0,BBG00J7K8HH2,ORSTED,ORSTED AS,,M-Mkt,EURO MTN,MTN,ORSTED EMTN,,,,
36,36,TICKER,ORSTED,2.0,BBG0250CW931,ORSTED,ORSTED A/S,ER,Equity,Common Stock,Common Stock,ORSTED,BBG0250CW922,BBG001S7BMJ0,,
37,37,TICKER,RIVN,0.0,BBG000BDZ214,RIVN,BEAU-RIVAGE-PALACE-REG PFD,SW,Equity,Preference,Preference,RIVN,BBG000BDZ214,BBG001S6S9P6,,
37,37,TICKER,RIVN,1.0,BBG002ZTTPG9,RIVN,BEAU-RIVAGE-PALACE-REG PFD,XK,Equity,Preference,Preference,RIVN,BBG000BDZ214,BBG001S6S9P6,,
37,37,TICKER,RIVN,2.0,BBG00741Y1N2,RIVN,RIVIAN AUTOMOTIVE INC-A,US,Equity,Common Stock,Common Stock,RIVN,BBG00741Y1N2,BBG00741Y1P0,,
37,37,TICKER,RIVN,3.0,BBG0133C7GK7,RIVN,RIVIAN AUTOMOTIVE INC-A,UA,Equity,Common Stock,Common Stock,RIVN,BBG00741Y1N2,BBG00741Y1P0,,
37,37,TICKER,RIVN,4.0,BBG0133C7GL6,RIVN,RIVIAN AUTOMOTIVE INC-A,UC,Equity,Common Stock,Common Stock,RIVN,BBG00741Y1N2,BBG00741Y1P0,,
37,37,TICKER,RIVN,5.0,BBG0133C7GN4,RIVN,RIVIAN AUTOMOTIVE INC-A,UN,Equity,Common Stock,Common Stock,RIVN,BBG00741Y1N2,BBG00741Y1P0,,
37,37,TICKER,RIVN,6.0,BBG0133C7GP2,RIVN,RIVIAN AUTOMOTIVE INC-A,UP,Equity,Common Stock,Common Stock,RIVN,BBG00741Y1N2,BBG00741Y1P0,,
37,37,TICKER,RIVN,7.0,BBG0133C7GR0,RIVN,RIVIAN AUTOMOTIVE INC-A,UB,Equity,Common Stock,Common Stock,RIVN,BBG00741Y1N2,BBG00741Y1P0,,
37,37,TICKER,RIVN,8.0,BBG0133C7GT8,RIVN,RIVIAN AUTOMOTIVE INC-A,UM,Equity,Common Stock,Common Stock,RIVN,BBG00741Y1N2,BBG00741Y1P0,,
37,37,TICKER,RIVN,9.0,BBG0133C7GV5,RIVN,RIVIAN AUTOMOTIVE INC-A,UX,Equity,Common Stock,Common Stock,RIVN,BBG00741Y1N2,BBG00741Y1P0,,
37,37,TICKER,RIVN,10.0,BBG0133C7H07,RIVN,RIVIAN AUTOMOTIVE INC-A,UD,Equity,Common Stock,Common Stock,RIVN,BBG00741Y1N2,BBG00741Y1P0,,
37,37,TICKER,RIVN,11.0,BBG0133C7H25,RIVN,RIVIAN AUTOMOTIVE INC-A,UW,Equity,Common Stock,Common Stock,RIVN,BBG00741Y1N2,BBG00741Y1P0,,
37,37,TICKER,RIVN,12.0,BBG0133C7H34,RIVN,RIVIAN AUTOMOTIVE INC-A,UF,Equity,Common Stock,Common Stock,RIVN,BBG00741Y1N2,BBG00741Y1P0,,
37,37,TICKER,RIVN,13.0,BBG0133C7H43,RIVN,RIVIAN AUTOMOTIVE INC-A,VY,Equity,Common Stock,Common Stock,RIVN,BBG00741Y1N2,BBG00741Y1P0,,
37,37,TICKER,RIVN,14.0,BBG0133C7H52,RIVN,RIVIAN AUTOMOTIVE INC-A,VJ,Equity,Common Stock,Common Stock,RIVN,BBG00741Y1N2,BBG00741Y1P0,,
37,37,TICKER,RIVN,15.0,BBG0133C7H61,RIVN,RIVIAN AUTOMOTIVE INC-A,VK,Equity,Common Stock,Common Stock,RIVN,BBG00741Y1N2,BBG00741Y1P0,,
37,37,TICKER,RIVN,16.0,BBG0133C7H70,RIVN,RIVIAN AUTOMOTIVE INC-A,VF,Equity,Common Stock,Common Stock,RIVN,BBG00741Y1N2,BBG00741Y1P0,,
37,37,TICKER,RIVN,17.0,BBG0133C7H89,RIVN,RIVIAN AUTOMOTIVE INC-A,VL,Equity,Common Stock,Common Stock,RIVN,BBG00741Y1N2,BBG00741Y1P0,,
37,37,TICKER,RIVN,18.0,BBG0133C7H98,RIVN,RIVIAN AUTOMOTIVE INC-A,VP,Equity,Common Stock,Common Stock,RIVN,BBG00741Y1N2,BBG00741Y1P0,,
37,37,TICKER,RIVN,19.0,BBG0133C7HB5,RIVN,RIVIAN AUTOMOTIVE INC-A,VG,Equity,Common Stock,Common Stock,RIVN,BBG00741Y1N2,BBG00741Y1P0,,
37,37,TICKER,RIVN,20.0,BBG01V7Z2L42,RIVN,RIVIAN AUTOMOTIVE INC-A,OC,Equity,Common Stock,Common Stock,RIVN,BBG00741Y1N2,BBG00741Y1P0,,
37,37,TICKER,RIVN,21.0,BBG01X4MCKV1,RIVN,RIVIAN AUTOMOTIVE INC-A,OD,Equity,Common Stock,Common Stock,RIVN,BBG00741Y1N2,BBG00741Y1P0,,
37,37,TICKER,RIVN,22.0,BBG021BYZJ71,RIVN,RIVIAN AUTOMOTIVE INC-A,VT,Equity,Common Stock,Common Stock,RIVN,BBG00741Y1N2,BBG00741Y1P0,,
37,37,TICKER,RIVN,23.0,BBG024Y66TN3,RIVN,RIVIAN AUTOMOTIVE INC-A,ER,Equity,Common Stock,Common Stock,RIVN,BBG024Y66TM4,BBG00741Y1P0,,
38,38,TICKER,EW,0.0,BBG000BRXP69,EW,EDWARDS LIFESCIENCES CORP,US,Equity,Common Stock,Common Stock,EW,BBG000BRXP69,BBG001SF2288,,
38,38,TICKER,EW,1.0,BBG000BRXPD1,EW,EDWARDS LIFESCIENCES CORP,UA,Equity,Common Stock,Common Stock,EW,BBG000BRXP69,BBG001SF2288,,
38,38,TICKER,EW,2.0,BBG000BRXQF7,EW,EDWARDS LIFESCIENCES CORP,UC,Equity,Common Stock,Common Stock,EW,BBG000BRXP69,BBG001SF2288,,
38,38,TICKER,EW,3.0,BBG000BRXR56,EW,EDWARDS LIFESCIENCES CORP,UN,Equity,Common Stock,Common Stock,EW,BBG000BRXP69,BBG001SF2288,,
38,38,TICKER,EW,4.0,BBG000BRXRD7,EW,EDWARDS LIFESCIENCES CORP,UP,Equity,Common Stock,Common Stock,EW,BBG000BRXP69,BBG001SF2288,,
38,38,TICKER,EW,5.0,BBG000BRXRX5,EW,EDWARDS LIFESCIENCES CORP,UB,Equity,Common Stock,Common Stock,EW,BBG000BRXP69,BBG001SF2288,,
38,38,TICKER,EW,6.0,BBG000BRXSD5,EW,EDWARDS LIFESCIENCES CORP,UT,Equity,Common Stock,Common Stock,EW,BBG000BRXP69,BBG001SF2288,,
38,38,TICKER,EW,7.0,BBG000BRXSS9,EW,EDWARDS LIFESCIENCES CORP,UM,Equity,Common Stock,Common Stock,EW,BBG000BRXP69,BBG001SF2288,,
38,38,TICKER,EW,8.0,BBG000BRXT07,EW,EDWARDS LIFESCIENCES CORP,UX,Equity,Common Stock,Common Stock,EW,BBG000BRXP69,BBG001SF2288,,
38,38,TICKER,EW,9.0,BBG000BRXWJ0,EW,EDWARDS LIFESCIENCES CORP,UD,Equity,Common Stock,Common Stock,EW,BBG000BRXP69,BBG001SF2288,,
38,38,TICKER,EW,10.0,BBG000BRXYB4,EW,EDWARDS LIFESCIENCES CORP,UF,Equity,Common Stock,Common Stock,EW,BBG000BRXP69,BBG001SF2288,,
38,38,TICKER,EW,11.0,BBG000BRXZC0,EW,EDWARDS LIFESCIENCES CORP,VY,Equity,Common Stock,Common Stock,EW,BBG000BRXP69,BBG001SF2288,,
38,38,TICKER,EW,12.0,BBG000BRXZK1,EW,EDWARDS LIFESCIENCES CORP,VJ,Equity,Common Stock,Common Stock,EW,BBG000BRXP69,BBG001SF2288,,
38,38,TICKER,EW,13.0,BBG000BRXZS3,EW,EDWARDS LIFESCIENCES CORP,VK,Equity,Common Stock,Common Stock,EW,BBG000BRXP69,BBG001SF2288,,
38,38,TICKER,EW,14.0,BBG000C1J869,EW,EAST WEST MINERALS LTD,CN,Equity,Common Stock,Common Stock,EW,BBG000C1J869,BBG001SD0PL9,,
38,38,TICKER,EW,15.0,BBG000C1J949,EW,EAST WEST MINERALS LTD,CV,Equity,Common Stock,Common Stock,EW,BBG000C1J869,BBG001SD0PL9,,
38,38,TICKER,EW,16.0,BBG000C1JC51,EW,EAST WEST MINERALS LTD,CJ,Equity,Common Stock,Common Stock,EW,BBG000C1J869,BBG001SD0PL9,,
38,38,TICKER,EW,17.0,BBG000C1JDR5,EW,EAST WEST MINERALS LTD,TV,Equity,Common Stock,Common Stock,EW,BBG000C1J869,BBG001SD0PL9,,
38,38,TICKER,EW,18.0,BBG000C1JG52,EW,EAST WEST MINERALS LTD,TN,Equity,Common Stock,Common Stock,EW,BBG000C1J869,BBG001SD0PL9,,
38,38,TICKER,EW,19.0,BBG000C1JGG0,EW,EAST WEST MINERALS LTD,TG,Equity,Common Stock,Common Stock,EW,BBG000C1J869,BBG001SD0PL9,,
38,38,TICKER,EW,20.0,BBG000C1JGQ9,EW,EAST WEST MINERALS LTD,TK,Equity,Common Stock,Common Stock,EW,BBG000C1J869,BBG001SD0PL9,,
38,38,TICKER,EW,21.0,BBG001QLDM63,EW,EAST WEST MINERALS LTD,TW,Equity,Common Stock,Common Stock,EW,BBG000C1J869,BBG001SD0PL9,,
38,38,TICKER,EW,22.0,BBG002S8GQL9,EW,EAST WEST BANKING CORP,PM,Equity,Common Stock,Common Stock,EW,BBG000BJ61M2,BBG001S8LS77,,
38,38,TICKER,EW,23.0,BBG003G835G6,EW,EAST WEST MINERALS LTD,DV,Equity,Common Stock,Common Stock,EW,BBG000C1J869,BBG001SD0PL9,,
38,38,TICKER,EW,24.0,BBG004J9SHM9,EW,EAST WEST MINERALS LTD,DS,Equity,Common Stock,Common Stock,EW,BBG000C1J869,BBG001SD0PL9,,
38,38,TICKER,EW,25.0,BBG005XRF087,EW,EAST WEST MINERALS LTD,DG,Equity,Common Stock,Common Stock,EW,BBG000C1J869,BBG001SD0PL9,,
38,38,TICKER,EW,26.0,BBG0086K7F91,EW,EAST WEST MINERALS LTD,QF,Equity,Common Stock,Common Stock,EW,BBG000C1J869,BBG001SD0PL9,,
38,38,TICKER,EW,27.0,BBG0086K7FB8,EW,EAST WEST MINERALS LTD,QH,Equity,Common Stock,Common Stock,EW,BBG000C1J869,BBG001SD0PL9,,
38,38,TICKER,EW,28.0,BBG00C5YWSG9,EW,EDWARDS LIFESCIENCES CORP,SW,Equity,Common Stock,Common Stock,EW,BBG00C5YWSG9,BBG001SF2288,,
38,38,TICKER,EW,29.0,BBG00C5YWSJ6,EW,EDWARDS LIFESCIENCES CORP,SE,Equity,Common Stock,Common Stock,EW,BBG00C5YWSG9,BBG001SF2288,,
38,38,TICKER,EW,30.0,BBG00C5YWSN1,EW,EDWARDS LIFESCIENCES CORP,BW,Equity,Common Stock,Common Stock,EW,BBG00C5YWSG9,BBG001SF2288,,
38,38,TICKER,EW,31.0,BBG00DJF89R0,EW,EDWARDS LIFESCIENCES CORP,VF,Equity,Common Stock,Common Stock,EW,BBG000BRXP69,BBG001SF2288,,
38,38,TICKER,EW,32.0,BBG00DVMYYB4,EW,EAST WEST MINERALS LTD,DK,Equity,Common Stock,Common Stock,EW,BBG000C1J869,BBG001SD0PL9,,
38,38,TICKER,EW,33.0,BBG00LN9FH59,EW,EAST WEST MINERALS LTD,QG,Equity,Common Stock,Common Stock,EW,BBG000C1J869,BBG001SD0PL9,,
38,38,TICKER,EW,34.0,BBG00THFGFV9,EW,EDWARDS LIFESCIENCES CORP,VL,Equity,Common Stock,Common Stock,EW,BBG000BRXP69,BBG001SF2288,,
38,38,TICKER,EW,35.0,BBG00X1ML6C7,EW,EDWARDS LIFESCIENCES CORP,VG,Equity,Common Stock,Common Stock,EW,BBG000BRXP69,BBG001SF2288,,
38,38,TICKER,EW,36.0,BBG00X1R0QS8,EW,EDWARDS LIFESCIENCES CORP,VP,Equity,Common Stock,Common Stock,EW,BBG000BRXP69,BBG001SF2288,,
38,38,TICKER,EW,37.0,BBG019LPD7Q2,EW,EAST WEST MINERALS LTD,BF,Equity,Common Stock,Common Stock,EW,BBG000C1J869,BBG001SD0PL9,,
38,38,TICKER,EW,38.0,BBG01J14L7H0,EW,EAST WEST MINERALS LTD,HD,Equity,Common Stock,Common Stock,EW,BBG000C1J869,BBG001SD0PL9,,
38,38,TICKER,EW,39.0,BBG01J159JG6,EW,EAST WEST MINERALS LTD,HX,Equity,Common Stock,Common Stock,EW,BBG000C1J869,BBG001SD0PL9,,
38,38,TICKER,EW,40.0,BBG01V7XCTW8,EW,EDWARDS LIFESCIENCES CORP,OC,Equity,Common Stock,Common Stock,EW,BBG000BRXP69,BBG001SF2288,,
38,38,TICKER,EW,41.0,BBG01X4KNTD4,EW,EDWARDS LIFESCIENCES CORP,OD,Equity,Common Stock,Common Stock,EW,BBG000BRXP69,BBG001SF2288,,
38,38,TICKER,EW,42.0,BBG021C1P519,EW,EDWARDS LIFESCIENCES CORP,VT,Equity,Common Stock,Common Stock,EW,BBG000BRXP69,BBG001SF2288,,
38,38,TICKER,EW,43.0,BBG024YC6QY4,EW,EDWARDS LIFESCIENCES CORP,ER,Equity,Common Stock,Common Stock,EW,BBG024YC6QX5,BBG001SF2288,,
39,39,TICKER,373220,0.0,BBG00ZN6CKP8,373220,LG ENERGY SOLUTION,KS,Equity,Common Stock,Common Stock,373220,BBG00ZN6CKP8,BBG00ZN6CKS5,,
39,39,TICKER,373220,1.0,BBG013YK8K98,373220,LG ENERGY SOLUTION,KP,Equity,Common Stock,Common Stock,373220,BBG00ZN6CKP8,BBG00ZN6CKS5,,
39,39,TICKER,373220,2.0,BBG01VQPTCG1,373220,LG ENERGY SOLUTION,KT,Equity,Common Stock,Common Stock,373220,BBG00ZN6CKP8,BBG00ZN6CKS5,,
39,39,TICKER,373220,3.0,BBG0250FXMC4,373220,LG ENERGY SOLUTION,ER,Equity,Common Stock,Common Stock,373220,BBG0250FXMB5,BBG00ZN6CKS5,,
40,40,TICKER,688472,0.0,BBG00CRG0YF7,688472,CSI SOLAR CO LTD-A,CH,Equity,Common Stock,Common Stock,688472,BBG00CRG0YF7,BBG00CRG0YG6,,
40,40,TICKER,688472,1.0,BBG011MS03Q5,688472,CSI SOLAR CO LTD-A,CG,Equity,Common Stock,Common Stock,688472,BBG00CRG0YF7,BBG00CRG0YG6,,
40,40,TICKER,688472,2.0,BBG01NRP9815,688472,CSI SOLAR CO LTD-A,C1,Equity,Common Stock,Common Stock,688472,BBG01NRP9806,BBG00CRG0YG6,,
41,41,TICKER,DXCM,0.0,BBG000QTF8K1,DXCM,DEXCOM INC,US,Equity,Common Stock,Common Stock,DXCM,BBG000QTF8K1,BBG001SKZG99,,
41,41,TICKER,DXCM,1.0,BBG000QTF8T2,DXCM,DEXCOM INC,UA,Equity,Common Stock,Common Stock,DXCM,BBG000QTF8K1,BBG001SKZG99,,
41,41,TICKER,DXCM,2.0,BBG000QTF901,DXCM,DEXCOM INC,UC,Equity,Common Stock,Common Stock,DXCM,BBG000QTF8K1,BBG001SKZG99,,
41,41,TICKER,DXCM,3.0,BBG000QTF9J1,DXCM,DEXCOM INC,UN,Equity,Common Stock,Common Stock,DXCM,BBG000QTF8K1,BBG001SKZG99,,
41,41,TICKER,DXCM,4.0,BBG000QTF9R2,DXCM,DEXCOM INC,UP,Equity,Common Stock,Common Stock,DXCM,BBG000QTF8K1,BBG001SKZG99,,
41,41,TICKER,DXCM,5.0,BBG000QTFBC3,DXCM,DEXCOM INC,UB,Equity,Common Stock,Common Stock,DXCM,BBG000QTF8K1,BBG001SKZG99,,
41,41,TICKER,DXCM,6.0,BBG000QTFC22,DXCM,DEXCOM INC,UM,Equity,Common Stock,Common Stock,DXCM,BBG000QTF8K1,BBG001SKZG99,,
41,41,TICKER,DXCM,7.0,BBG000QTFC77,DXCM,DEXCOM INC,UX,Equity,Common Stock,Common Stock,DXCM,BBG000QTF8K1,BBG001SKZG99,,
41,41,TICKER,DXCM,8.0,BBG000QTFFZ9,DXCM,DEXCOM INC,UD,Equity,Common Stock,Common Stock,DXCM,BBG000QTF8K1,BBG001SKZG99,,
41,41,TICKER,DXCM,9.0,BBG000QTFGV1,DXCM,DEXCOM INC,UW,Equity,Common Stock,Common Stock,DXCM,BBG000QTF8K1,BBG001SKZG99,,
41,41,TICKER,DXCM,10.0,BBG000QTFHN8,DXCM,DEXCOM INC,UF,Equity,Common Stock,Common Stock,DXCM,BBG000QTF8K1,BBG001SKZG99,,
41,41,TICKER,DXCM,11.0,BBG000QTFHZ5,DXCM,DEXCOM INC,VY,Equity,Common Stock,Common Stock,DXCM,BBG000QTF8K1,BBG001SKZG99,,
41,41,TICKER,DXCM,12.0,BBG000QTFJF3,DXCM,DEXCOM INC,VJ,Equity,Common Stock,Common Stock,DXCM,BBG000QTF8K1,BBG001SKZG99,,
41,41,TICKER,DXCM,13.0,BBG000QTFJM5,DXCM,DEXCOM INC,VK,Equity,Common Stock,Common Stock,DXCM,BBG000QTF8K1,BBG001SKZG99,,
41,41,TICKER,DXCM,14.0,BBG00DJGC341,DXCM,DEXCOM INC,VF,Equity,Common Stock,Common Stock,DXCM,BBG000QTF8K1,BBG001SKZG99,,
41,41,TICKER,DXCM,15.0,BBG00LVD7CD2,DXCM,DEXCOM INC,SW,Equity,Common Stock,Common Stock,DXCM,BBG00LVD7CD2,BBG001SKZG99,,
41,41,TICKER,DXCM,16.0,BBG00LVD7CG9,DXCM,DEXCOM INC,SE,Equity,Common Stock,Common Stock,DXCM,BBG00LVD7CD2,BBG001SKZG99,,
41,41,TICKER,DXCM,17.0,BBG00LVD7CL3,DXCM,DEXCOM INC,BW,Equity,Common Stock,Common Stock,DXCM,BBG00LVD7CD2,BBG001SKZG99,,
41,41,TICKER,DXCM,18.0,BBG00THGJD30,DXCM,DEXCOM INC,VL,Equity,Common Stock,Common Stock,DXCM,BBG000QTF8K1,BBG001SKZG99,,
41,41,TICKER,DXCM,19.0,BBG00X1NN4V7,DXCM,DEXCOM INC,VG,Equity,Common Stock,Common Stock,DXCM,BBG000QTF8K1,BBG001SKZG99,,
41,41,TICKER,DXCM,20.0,BBG00X1S2NW6,DXCM,DEXCOM INC,VP,Equity,Common Stock,Common Stock,DXCM,BBG000QTF8K1,BBG001SKZG99,,
41,41,TICKER,DXCM,21.0,BBG011RJCZZ6,DXCM,DEXCOM INC,AV,Equity,Common Stock,Common Stock,DXCM,BBG011RJCZY7,BBG001SKZG99,,
41,41,TICKER,DXCM,22.0,BBG01V7YFT17,DXCM,DEXCOM INC,OC,Equity,Common Stock,Common Stock,DXCM,BBG000QTF8K1,BBG001SKZG99,,
41,41,TICKER,DXCM,23.0,BBG01X4LQSG8,DXCM,DEXCOM INC,OD,Equity,Common Stock,Common Stock,DXCM,BBG000QTF8K1,BBG001SKZG99,,
41,41,TICKER,DXCM,24.0,BBG021BZ0WM0,DXCM,DEXCOM INC,VT,Equity,Common Stock,Common Stock,DXCM,BBG000QTF8K1,BBG001SKZG99,,
41,41,TICKER,DXCM,25.0,BBG024YFCBH2,DXCM,DEXCOM INC,ER,Equity,Common Stock,Common Stock,DXCM,BBG024YFCBF4,BBG001SKZG99,,
42,42,TICKER,9901,0.0,BBG00Y0937D2,9901,NEW ORIENTAL EDUCATION & TEC,HK,Equity,Common Stock,Common Stock,9901,BBG000BWSVL4,BBG001SJC9C9,,
42,42,TICKER,9901,1.0,BBG024YRN4H0,9901,NEW ORIENTAL EDUCATION & TEC,ER,Equity,Common Stock,Common Stock,9901,BBG024YRN4G1,BBG001SJC9C9,,
43,43,TICKER,TAL,0.0,BBG000BCP413,TAL,PETROTAL CORP,CN,Equity,Common Stock,Common Stock,TAL,BBG000BCP413,BBG001S60F45,,
43,43,TICKER,TAL,1.0,BBG000BCP5N6,TAL,PETROTAL CORP,CT,Equity,Common Stock,Common Stock,TAL,BBG000BCP413,BBG001S60F45,,
43,43,TICKER,TAL,2.0,BBG000BCP8S5,TAL,PETROTAL CORP,CJ,Equity,Common Stock,Common Stock,TAL,BBG000BCP413,BBG001S60F45,,
43,43,TICKER,TAL,3.0,BBG000BCPB26,TAL,PETROTAL CORP,TR,Equity,Common Stock,Common Stock,TAL,BBG000BCP413,BBG001S60F45,,
43,43,TICKER,TAL,4.0,BBG000BCPF18,TAL,PETROTAL CORP,TX,Equity,Common Stock,Common Stock,TAL,BBG000BCP413,BBG001S60F45,,
43,43,TICKER,TAL,5.0,BBG000BCPFF3,TAL,PETROTAL CORP,TA,Equity,Common Stock,Common Stock,TAL,BBG000BCP413,BBG001S60F45,,
43,43,TICKER,TAL,6.0,BBG000BCPGK5,TAL,PETROTAL CORP,TG,Equity,Common Stock,Common Stock,TAL,BBG000BCP413,BBG001S60F45,,
43,43,TICKER,TAL,7.0,BBG000BCPH32,TAL,PETROTAL CORP,TK,Equity,Common Stock,Common Stock,TAL,BBG000BCP413,BBG001S60F45,,
43,43,TICKER,TAL,8.0,BBG000BGMDW3,TAL,TALIUS GROUP LTD,AU,Equity,Common Stock,Common Stock,TAL,BBG000BGMDW3,BBG001S7C1J5,,
43,43,TICKER,TAL,9.0,BBG000BGMF58,TAL,TALIUS GROUP LTD,AT,Equity,Common Stock,Common Stock,TAL,BBG000BGMDW3,BBG001S7C1J5,,
43,43,TICKER,TAL,10.0,BBG000FQ6HD7,TAL,TALIIN GAL JSC,MO,Equity,Common Stock,Common Stock,TAL,BBG000FQ6GM9,BBG001SNP1F0,,
43,43,TICKER,TAL,11.0,BBG0016XJ8S0,TAL,TAL EDUCATION GROUP- ADR,US,Equity,ADR,Depositary Receipt,TAL,BBG0016XJ8S0,BBG001TCN2J9,,
43,43,TICKER,TAL,12.0,BBG00174XPQ1,TAL,TAL EDUCATION GROUP- ADR,UA,Equity,ADR,Depositary Receipt,TAL,BBG0016XJ8S0,BBG001TCN2J9,,
43,43,TICKER,TAL,13.0,BBG00174XPR0,TAL,TAL EDUCATION GROUP- ADR,UC,Equity,ADR,Depositary Receipt,TAL,BBG0016XJ8S0,BBG001TCN2J9,,
43,43,TICKER,TAL,14.0,BBG00174XPT8,TAL,TAL EDUCATION GROUP- ADR,UN,Equity,ADR,Depositary Receipt,TAL,BBG0016XJ8S0,BBG001TCN2J9,,
43,43,TICKER,TAL,15.0,BBG00174XPV5,TAL,TAL EDUCATION GROUP- ADR,UP,Equity,ADR,Depositary Receipt,TAL,BBG0016XJ8S0,BBG001TCN2J9,,
43,43,TICKER,TAL,16.0,BBG00174XPX3,TAL,TAL EDUCATION GROUP- ADR,UB,Equity,ADR,Depositary Receipt,TAL,BBG0016XJ8S0,BBG001TCN2J9,,
43,43,TICKER,TAL,17.0,BBG00174XPY2,TAL,TAL EDUCATION GROUP- ADR,UT,Equity,ADR,Depositary Receipt,TAL,BBG0016XJ8S0,BBG001TCN2J9,,
43,43,TICKER,TAL,18.0,BBG00174XPZ1,TAL,TAL EDUCATION GROUP- ADR,UM,Equity,ADR,Depositary Receipt,TAL,BBG0016XJ8S0,BBG001TCN2J9,,
43,43,TICKER,TAL,19.0,BBG00174XQ07,TAL,TAL EDUCATION GROUP- ADR,UX,Equity,ADR,Depositary Receipt,TAL,BBG0016XJ8S0,BBG001TCN2J9,,
43,43,TICKER,TAL,20.0,BBG00174XQ61,TAL,TAL EDUCATION GROUP- ADR,UD,Equity,ADR,Depositary Receipt,TAL,BBG0016XJ8S0,BBG001TCN2J9,,
43,43,TICKER,TAL,21.0,BBG00174XQB5,TAL,TAL EDUCATION GROUP- ADR,UF,Equity,ADR,Depositary Receipt,TAL,BBG0016XJ8S0,BBG001TCN2J9,,
43,43,TICKER,TAL,22.0,BBG00174XQC4,TAL,TAL EDUCATION GROUP- ADR,VY,Equity,ADR,Depositary Receipt,TAL,BBG0016XJ8S0,BBG001TCN2J9,,
43,43,TICKER,TAL,23.0,BBG00174XQD3,TAL,TAL EDUCATION GROUP- ADR,VJ,Equity,ADR,Depositary Receipt,TAL,BBG0016XJ8S0,BBG001TCN2J9,,
43,43,TICKER,TAL,24.0,BBG00174XQF1,TAL,TAL EDUCATION GROUP- ADR,VK,Equity,ADR,Depositary Receipt,TAL,BBG0016XJ8S0,BBG001TCN2J9,,
43,43,TICKER,TAL,25.0,BBG001QLB0B7,TAL,PETROTAL CORP,TW,Equity,Common Stock,Common Stock,TAL,BBG000BCP413,BBG001S60F45,,
43,43,TICKER,TAL,26.0,BBG002F3G647,TAL,TALIUS GROUP LTD,AH,Equity,Common Stock,Common Stock,TAL,BBG000BGMDW3,BBG001S7C1J5,,
43,43,TICKER,TAL,27.0,BBG004JB0Z71,TAL,PETROTAL CORP,DT,Equity,Common Stock,Common Stock,TAL,BBG000BCP413,BBG001S60F45,,
43,43,TICKER,TAL,28.0,BBG005XR8J66,TAL,PETROTAL CORP,DG,Equity,Common Stock,Common Stock,TAL,BBG000BCP413,BBG001S60F45,,
43,43,TICKER,TAL,29.0,BBG0086JYD17,TAL,PETROTAL CORP,QF,Equity,Common Stock,Common Stock,TAL,BBG000BCP413,BBG001S60F45,,
43,43,TICKER,TAL,30.0,BBG0086JYD26,TAL,PETROTAL CORP,QH,Equity,Common Stock,Common Stock,TAL,BBG000BCP413,BBG001S60F45,,
43,43,TICKER,TAL,31.0,BBG00DJGRST3,TAL,TAL EDUCATION GROUP- ADR,VF,Equity,ADR,Depositary Receipt,TAL,BBG0016XJ8S0,BBG001TCN2J9,,
43,43,TICKER,TAL,32.0,BBG00DVMDV14,TAL,PETROTAL CORP,DJ,Equity,Common Stock,Common Stock,TAL,BBG000BCP413,BBG001S60F45,,
43,43,TICKER,TAL,33.0,BBG00LN98ZD8,TAL,PETROTAL CORP,QG,Equity,Common Stock,Common Stock,TAL,BBG000BCP413,BBG001S60F45,,
43,43,TICKER,TAL,34.0,BBG00THGXY38,TAL,TAL EDUCATION GROUP- ADR,VL,Equity,ADR,Depositary Receipt,TAL,BBG0016XJ8S0,BBG001TCN2J9,,
43,43,TICKER,TAL,35.0,BBG00X1P1T78,TAL,TAL EDUCATION GROUP- ADR,VG,Equity,ADR,Depositary Receipt,TAL,BBG0016XJ8S0,BBG001TCN2J9,,
43,43,TICKER,TAL,36.0,BBG00X1SH6K0,TAL,TAL EDUCATION GROUP- ADR,VP,Equity,ADR,Depositary Receipt,TAL,BBG0016XJ8S0,BBG001TCN2J9,,
43,43,TICKER,TAL,37.0,BBG019LP7QV1,TAL,PETROTAL CORP,BF,Equity,Common Stock,Common Stock,TAL,BBG000BCP413,BBG001S60F45,,
43,43,TICKER,TAL,38.0,BBG01J14FQP6,TAL,PETROTAL CORP,HD,Equity,Common Stock,Common Stock,TAL,BBG000BCP413,BBG001S60F45,,
43,43,TICKER,TAL,39.0,BBG01J1550N3,TAL,PETROTAL CORP,HX,Equity,Common Stock,Common Stock,TAL,BBG000BCP413,BBG001S60F45,,
43,43,TICKER,TAL,40.0,BBG01J5NJRV7,TAL,TASECO LAND INVESTMENT JSC,VN,Equity,Common Stock,Common Stock,TAL,BBG01J5NJRV7,BBG01J5NJRW6,,
43,43,TICKER,TAL,41.0,BBG01KTT8FX1,TAL,TASECO LAND INVESTMENT JSC,VM,Equity,Common Stock,Common Stock,TAL,BBG01J5NJRV7,BBG01J5NJRW6,,
43,43,TICKER,TAL,42.0,BBG01V7YVFH2,TAL,TAL EDUCATION GROUP- ADR,OC,Equity,ADR,Depositary Receipt,TAL,BBG0016XJ8S0,BBG001TCN2J9,,
43,43,TICKER,TAL,43.0,BBG01X4M4DX4,TAL,TAL EDUCATION GROUP- ADR,OD,Equity,ADR,Depositary Receipt,TAL,BBG0016XJ8S0,BBG001TCN2J9,,
43,43,TICKER,TAL,44.0,BBG021C04XN9,TAL,TAL EDUCATION GROUP- ADR,VT,Equity,ADR,Depositary Receipt,TAL,BBG0016XJ8S0,BBG001TCN2J9,,
43,43,TICKER,TAL,45.0,BBG024YJBBV9,TAL,PETROTAL CORP,ER,Equity,Common Stock,Common Stock,TAL,BBG024YJBBT2,BBG001S60F45,,
44,44,TICKER,ARGX,0.0,BBG006MF2DW2,ARGX,ARGENX SE,BB,Equity,Common Stock,Common Stock,ARGX,BBG001J2PBK8,BBG001V0GFM7,,
44,44,TICKER,ARGX,1.0,BBG00GHB88X9,ARGX,ARGENX SE - ADR,US,Equity,ADR,Depositary Receipt,ARGX,BBG00GHB88X9,BBG00GHB88Y8,,
44,44,TICKER,ARGX,2.0,BBG00GK2ZPT2,ARGX,ARGENX SE - ADR,UA,Equity,ADR,Depositary Receipt,ARGX,BBG00GHB88X9,BBG00GHB88Y8,,
44,44,TICKER,ARGX,3.0,BBG00GK2ZPW8,ARGX,ARGENX SE - ADR,UN,Equity,ADR,Depositary Receipt,ARGX,BBG00GHB88X9,BBG00GHB88Y8,,
44,44,TICKER,ARGX,4.0,BBG00GK2ZPX7,ARGX,ARGENX SE - ADR,UP,Equity,ADR,Depositary Receipt,ARGX,BBG00GHB88X9,BBG00GHB88Y8,,
44,44,TICKER,ARGX,5.0,BBG00GK2ZPZ5,ARGX,ARGENX SE - ADR,UB,Equity,ADR,Depositary Receipt,ARGX,BBG00GHB88X9,BBG00GHB88Y8,,
44,44,TICKER,ARGX,6.0,BBG00GK2ZQ10,ARGX,ARGENX SE - ADR,UM,Equity,ADR,Depositary Receipt,ARGX,BBG00GHB88X9,BBG00GHB88Y8,,
44,44,TICKER,ARGX,7.0,BBG00GK2ZQ29,ARGX,ARGENX SE - ADR,UX,Equity,ADR,Depositary Receipt,ARGX,BBG00GHB88X9,BBG00GHB88Y8,,
44,44,TICKER,ARGX,8.0,BBG00GK2ZQ74,ARGX,ARGENX SE - ADR,UD,Equity,ADR,Depositary Receipt,ARGX,BBG00GHB88X9,BBG00GHB88Y8,,
44,44,TICKER,ARGX,9.0,BBG00GK2ZQ92,ARGX,ARGENX SE - ADR,UW,Equity,ADR,Depositary Receipt,ARGX,BBG00GHB88X9,BBG00GHB88Y8,,
44,44,TICKER,ARGX,10.0,BBG00GK2ZQB9,ARGX,ARGENX SE - ADR,UF,Equity,ADR,Depositary Receipt,ARGX,BBG00GHB88X9,BBG00GHB88Y8,,
44,44,TICKER,ARGX,11.0,BBG00GK2ZQC8,ARGX,ARGENX SE - ADR,VY,Equity,ADR,Depositary Receipt,ARGX,BBG00GHB88X9,BBG00GHB88Y8,,
44,44,TICKER,ARGX,12.0,BBG00GK2ZQD7,ARGX,ARGENX SE - ADR,VJ,Equity,ADR,Depositary Receipt,ARGX,BBG00GHB88X9,BBG00GHB88Y8,,
44,44,TICKER,ARGX,13.0,BBG00GK2ZQF5,ARGX,ARGENX SE - ADR,VK,Equity,ADR,Depositary Receipt,ARGX,BBG00GHB88X9,BBG00GHB88Y8,,
44,44,TICKER,ARGX,14.0,BBG00GK2ZQG4,ARGX,ARGENX SE - ADR,VF,Equity,ADR,Depositary Receipt,ARGX,BBG00GHB88X9,BBG00GHB88Y8,,
44,44,TICKER,ARGX,15.0,BBG00KY7KL21,ARGX,ARGENX SE - ADR,UC,Equity,ADR,Depositary Receipt,ARGX,BBG00GHB88X9,BBG00GHB88Y8,,
44,44,TICKER,ARGX,16.0,BBG00X1LHWK8,ARGX,ARGENX SE - ADR,VG,Equity,ADR,Depositary Receipt,ARGX,BBG00GHB88X9,BBG00GHB88Y8,,
44,44,TICKER,ARGX,17.0,BBG00X1PY5K9,ARGX,ARGENX SE - ADR,VP,Equity,ADR,Depositary Receipt,ARGX,BBG00GHB88X9,BBG00GHB88Y8,,
44,44,TICKER,ARGX,18.0,BBG00X8QM1B2,ARGX,ARGENX SE,AV,Equity,Common Stock,Common Stock,ARGX,BBG00X8QM186,BBG001V0GFM7,,
44,44,TICKER,ARGX,19.0,BBG01V7W9J74,ARGX,ARGENX SE - ADR,OC,Equity,ADR,Depositary Receipt,ARGX,BBG00GHB88X9,BBG00GHB88Y8,,
44,44,TICKER,ARGX,20.0,BBG021BZGYG6,ARGX,ARGENX SE - ADR,VT,Equity,ADR,Depositary Receipt,ARGX,BBG00GHB88X9,BBG00GHB88Y8,,
44,44,TICKER,ARGX,21.0,BBG024YNYRY7,ARGX,ARGENX SE,ER,Equity,Common Stock,Common Stock,ARGX,BBG024YNYRX8,BBG001V0GFM7,,
45,45,TICKER,UU.,,,,,,,,,,,,No identifier found.,
46,46,TICKER,66,0.0,BBG000MKLJD1,66,MTR CORP,HK,Equity,Common Stock,Common Stock,66,BBG000MKLHP2,BBG001SD50Y5,,
46,46,TICKER,66,1.0,BBG006Z3JHC0,66,MTR CORP,H1,Equity,Common Stock,Common Stock,66,BBG006Z3JHB1,BBG001SD50Y5,,
46,46,TICKER,66,2.0,BBG00F134RC1,66,MTR CORP,H2,Equity,Common Stock,Common Stock,66,BBG00F134RB2,BBG001SD50Y5,,
46,46,TICKER,66,3.0,BBG024Y07VG8,66,MTR CORP,ER,Equity,Common Stock,Common Stock,66,BBG024Y07VF9,BBG001SD50Y5,,
47,47,TICKER,ALNY,0.0,BBG000BFGNJ5,ALNY,ALNYLAM PHARMACEUTICALS INC,US,Equity,Common Stock,Common Stock,ALNY,BBG000BFGNJ5,BBG001S7FTC8,,
47,47,TICKER,ALNY,1.0,BBG000BFGP00,ALNY,ALNYLAM PHARMACEUTICALS INC,UA,Equity,Common Stock,Common Stock,ALNY,BBG000BFGNJ5,BBG001S7FTC8,,
47,47,TICKER,ALNY,2.0,BBG000BFGPF4,ALNY,ALNYLAM PHARMACEUTICALS INC,UC,Equity,Common Stock,Common Stock,ALNY,BBG000BFGNJ5,BBG001S7FTC8,,
47,47,TICKER,ALNY,3.0,BBG000BFGQH0,ALNY,ALNYLAM PHARMACEUTICALS INC,UN,Equity,Common Stock,Common Stock,ALNY,BBG000BFGNJ5,BBG001S7FTC8,,
47,47,TICKER,ALNY,4.0,BBG000BFGQR9,ALNY,ALNYLAM PHARMACEUTICALS INC,UP,Equity,Common Stock,Common Stock,ALNY,BBG000BFGNJ5,BBG001S7FTC8,,
47,47,TICKER,ALNY,5.0,BBG000BFGSR5,ALNY,ALNYLAM PHARMACEUTICALS INC,UB,Equity,Common Stock,Common Stock,ALNY,BBG000BFGNJ5,BBG001S7FTC8,,
47,47,TICKER,ALNY,6.0,BBG000BFGTD8,ALNY,ALNYLAM PHARMACEUTICALS INC,UM,Equity,Common Stock,Common Stock,ALNY,BBG000BFGNJ5,BBG001S7FTC8,,
47,47,TICKER,ALNY,7.0,BBG000BFGTP5,ALNY,ALNYLAM PHARMACEUTICALS INC,UX,Equity,Common Stock,Common Stock,ALNY,BBG000BFGNJ5,BBG001S7FTC8,,
47,47,TICKER,ALNY,8.0,BBG000BFGXD9,ALNY,ALNYLAM PHARMACEUTICALS INC,UD,Equity,Common Stock,Common Stock,ALNY,BBG000BFGNJ5,BBG001S7FTC8,,
47,47,TICKER,ALNY,9.0,BBG000BFGYR2,ALNY,ALNYLAM PHARMACEUTICALS INC,UW,Equity,Common Stock,Common Stock,ALNY,BBG000BFGNJ5,BBG001S7FTC8,,
47,47,TICKER,ALNY,10.0,BBG000BFGZ62,ALNY,ALNYLAM PHARMACEUTICALS INC,UF,Equity,Common Stock,Common Stock,ALNY,BBG000BFGNJ5,BBG001S7FTC8,,
47,47,TICKER,ALNY,11.0,BBG000BFGZF2,ALNY,ALNYLAM PHARMACEUTICALS INC,VY,Equity,Common Stock,Common Stock,ALNY,BBG000BFGNJ5,BBG001S7FTC8,,
47,47,TICKER,ALNY,12.0,BBG000BFH013,ALNY,ALNYLAM PHARMACEUTICALS INC,VJ,Equity,Common Stock,Common Stock,ALNY,BBG000BFGNJ5,BBG001S7FTC8,,
47,47,TICKER,ALNY,13.0,BBG000BFH0B2,ALNY,ALNYLAM PHARMACEUTICALS INC,VK,Equity,Common Stock,Common Stock,ALNY,BBG000BFGNJ5,BBG001S7FTC8,,
47,47,TICKER,ALNY,14.0,BBG00DJD71J2,ALNY,ALNYLAM PHARMACEUTICALS INC,VF,Equity,Common Stock,Common Stock,ALNY,BBG000BFGNJ5,BBG001S7FTC8,,
47,47,TICKER,ALNY,15.0,BBG00THDFRF7,ALNY,ALNYLAM PHARMACEUTICALS INC,VL,Equity,Common Stock,Common Stock,ALNY,BBG000BFGNJ5,BBG001S7FTC8,,
47,47,TICKER,ALNY,16.0,BBG00X1LKKH4,ALNY,ALNYLAM PHARMACEUTICALS INC,VG,Equity,Common Stock,Common Stock,ALNY,BBG000BFGNJ5,BBG001S7FTC8,,
47,47,TICKER,ALNY,17.0,BBG00X1PZVG6,ALNY,ALNYLAM PHARMACEUTICALS INC,VP,Equity,Common Stock,Common Stock,ALNY,BBG000BFGNJ5,BBG001S7FTC8,,
47,47,TICKER,ALNY,18.0,BBG01V7WC650,ALNY,ALNYLAM PHARMACEUTICALS INC,OC,Equity,Common Stock,Common Stock,ALNY,BBG000BFGNJ5,BBG001S7FTC8,,
47,47,TICKER,ALNY,19.0,BBG01X4JN5J3,ALNY,ALNYLAM PHARMACEUTICALS INC,OD,Equity,Common Stock,Common Stock,ALNY,BBG000BFGNJ5,BBG001S7FTC8,,
47,47,TICKER,ALNY,20.0,BBG024W2KXN9,ALNY,ALNYLAM PHARMACEUTICALS INC,AV,Equity,Common Stock,Common Stock,ALNY,BBG024W2KXM0,BBG001S7FTC8,,
47,47,TICKER,ALNY,21.0,BBG024Y25RY5,ALNY,ALNYLAM PHARMACEUTICALS INC,ER,Equity,Common Stock,Common Stock,ALNY,BBG024Y25RX6,BBG001S7FTC8,,
48,48,TICKER,4523,0.0,BBG000BG6F83,4523,EISAI CO LTD,JP,Equity,Common Stock,Common Stock,4523,BBG000BG6F83,BBG001S6BB51,,
48,48,TICKER,4523,1.0,BBG000BG6FN6,4523,EISAI CO LTD,JT,Equity,Common Stock,Common Stock,4523,BBG000BG6F83,BBG001S6BB51,,
48,48,TICKER,4523,2.0,BBG000BG6M97,4523,EISAI CO LTD,JJ,Equity,Common Stock,Common Stock,4523,BBG000BG6F83,BBG001S6BB51,,
48,48,TICKER,4523,3.0,BBG000BG6NC1,4523,EISAI CO LTD,JE,Equity,Common Stock,Common Stock,4523,BBG000BG6F83,BBG001S6BB51,,
48,48,TICKER,4523,4.0,BBG000BG6NP7,4523,EISAI CO LTD,JI,Equity,Common Stock,Common Stock,4523,BBG000BG6F83,BBG001S6BB51,,
48,48,TICKER,4523,5.0,BBG000DHXSG2,4523,EVERBRITE TECHNOLOGY CO LTD,TT (Taipei Stock Exchange),Equity,Common Stock,Common Stock,4523,BBG000DHXS27,BBG001SDHL49,,
48,48,TICKER,4523,6.0,BBG002QK6513,4523,EISAI CO LTD,JU,Equity,Common Stock,Common Stock,4523,BBG000BG6F83,BBG001S6BB51,,
48,48,TICKER,4523,7.0,BBG00875BJH1,4523,EISAI CO LTD,JW,Equity,Common Stock,Common Stock,4523,BBG000BG6F83,BBG001S6BB51,,
48,48,TICKER,4523,8.0,BBG0193R4SC7,4523,EISAI CO LTD,JV,Equity,Common Stock,Common Stock,4523,BBG000BG6F83,BBG001S6BB51,,
48,48,TICKER,4523,9.0,BBG01XWH0LN1,4523,EISAI CO LTD,JL,Equity,Common Stock,Common Stock,4523,BBG000BG6F83,BBG001S6BB51,,
48,48,TICKER,4523,10.0,BBG024Y095J0,4523,EISAI CO LTD,ER,Equity,Common Stock,Common Stock,4523,BBG024Y095H2,BBG001S6BB51,,
49,49,TICKER,8113,0.0,BBG000BDJH37,8113,UNICHARM CORP,JP,Equity,Common Stock,Common Stock,8113,BBG000BDJH37,BBG001S6G0W0,,
49,49,TICKER,8113,1.0,BBG000BDJHD6,8113,UNICHARM CORP,JT,Equity,Common Stock,Common Stock,8113,BBG000BDJH37,BBG001S6G0W0,,
49,49,TICKER,8113,2.0,BBG000BDJN98,8113,UNICHARM CORP,JJ,Equity,Common Stock,Common Stock,8113,BBG000BDJH37,BBG001S6G0W0,,
49,49,TICKER,8113,3.0,BBG000BDJPZ4,8113,UNICHARM CORP,JE,Equity,Common Stock,Common Stock,8113,BBG000BDJH37,BBG001S6G0W0,,
49,49,TICKER,8113,4.0,BBG002QK7BX4,8113,UNICHARM CORP,JU,Equity,Common Stock,Common Stock,8113,BBG000BDJH37,BBG001S6G0W0,,
49,49,TICKER,8113,5.0,BBG00875CQ75,8113,UNICHARM CORP,JW,Equity,Common Stock,Common Stock,8113,BBG000BDJH37,BBG001S6G0W0,,
49,49,TICKER,8113,6.0,BBG00BSFSQ67,8113,V & V TECHNOLOGY HOLDINGS LT,HK,Equity,Common Stock,Common Stock,8113,BBG00BSFSQ49,BBG00BSFSQ58,,
49,49,TICKER,8113,7.0,BBG0193R5YV2,8113,UNICHARM CORP,JV,Equity,Common Stock,Common Stock,8113,BBG000BDJH37,BBG001S6G0W0,,
49,49,TICKER,8113,8.0,BBG01XWH1S55,8113,UNICHARM CORP,JL,Equity,Common Stock,Common Stock,8113,BBG000BDJH37,BBG001S6G0W0,,
49,49,TICKER,8113,9.0,BBG0250F8W76,8113,UNICHARM CORP,ER,Equity,Common Stock,Common Stock,8113,BBG0250F8W58,BBG001S6G0W0,,
50,50,TICKER,INCY,0.0,BBG000BNPSQ9,INCY,INCYTE CORP,US,Equity,Common Stock,Common Stock,INCY,BBG000BNPSQ9,BBG001S8Q6N2,,
50,50,TICKER,INCY,1.0,BBG000BNPSZ9,INCY,INCYTE CORP,UA,Equity,Common Stock,Common Stock,INCY,BBG000BNPSQ9,BBG001S8Q6N2,,
50,50,TICKER,INCY,2.0,BBG000BNPTF9,INCY,INCYTE CORP,UC,Equity,Common Stock,Common Stock,INCY,BBG000BNPSQ9,BBG001S8Q6N2,,
50,50,TICKER,INCY,3.0,BBG000BNPTS5,INCY,INCYTE CORP,UN,Equity,Common Stock,Common Stock,INCY,BBG000BNPSQ9,BBG001S8Q6N2,,
50,50,TICKER,INCY,4.0,BBG000BNPV28,INCY,INCYTE CORP,UP,Equity,Common Stock,Common Stock,INCY,BBG000BNPSQ9,BBG001S8Q6N2,,
50,50,TICKER,INCY,5.0,BBG000BNPVT9,INCY,INCYTE CORP,UB,Equity,Common Stock,Common Stock,INCY,BBG000BNPSQ9,BBG001S8Q6N2,,
50,50,TICKER,INCY,6.0,BBG000BNPWB6,INCY,INCYTE CORP,UM,Equity,Common Stock,Common Stock,INCY,BBG000BNPSQ9,BBG001S8Q6N2,,
50,50,TICKER,INCY,7.0,BBG000BNPWZ0,INCY,INCYTE CORP,UX,Equity,Common Stock,Common Stock,INCY,BBG000BNPSQ9,BBG001S8Q6N2,,
50,50,TICKER,INCY,8.0,BBG000BNQ016,INCY,INCYTE CORP,UD,Equity,Common Stock,Common Stock,INCY,BBG000BNPSQ9,BBG001S8Q6N2,,
50,50,TICKER,INCY,9.0,BBG000BNQ132,INCY,INCYTE CORP,UW,Equity,Common Stock,Common Stock,INCY,BBG000BNPSQ9,BBG001S8Q6N2,,
50,50,TICKER,INCY,10.0,BBG000BNQ2M9,INCY,INCYTE CORP,UF,Equity,Common Stock,Common Stock,INCY,BBG000BNPSQ9,BBG001S8Q6N2,,
50,50,TICKER,INCY,11.0,BBG000BNQ329,INCY,INCYTE CORP,VY,Equity,Common Stock,Common Stock,INCY,BBG000BNPSQ9,BBG001S8Q6N2,,
50,50,TICKER,INCY,12.0,BBG000BNQ3S1,INCY,INCYTE CORP,VJ,Equity,Common Stock,Common Stock,INCY,BBG000BNPSQ9,BBG001S8Q6N2,,
50,50,TICKER,INCY,13.0,BBG000BNQ4D5,INCY,INCYTE CORP,VK,Equity,Common Stock,Common Stock,INCY,BBG000BNPSQ9,BBG001S8Q6N2,,
50,50,TICKER,INCY,14.0,BBG00DJDDR26,INCY,INCYTE CORP,VF,Equity,Common Stock,Common Stock,INCY,BBG000BNPSQ9,BBG001S8Q6N2,,
50,50,TICKER,INCY,15.0,BBG00THDMDG9,INCY,INCYTE CORP,VL,Equity,Common Stock,Common Stock,INCY,BBG000BNPSQ9,BBG001S8Q6N2,,
50,50,TICKER,INCY,16.0,BBG00X1LR6K4,INCY,INCYTE CORP,VG,Equity,Common Stock,Common Stock,INCY,BBG000BNPSQ9,BBG001S8Q6N2,,
50,50,TICKER,INCY,17.0,BBG00X1Q5HH7,INCY,INCYTE CORP,VP,Equity,Common Stock,Common Stock,INCY,BBG000BNPSQ9,BBG001S8Q6N2,,
50,50,TICKER,INCY,18.0,BBG01V7WJV94,INCY,INCYTE CORP,OC,Equity,Common Stock,Common Stock,INCY,BBG000BNPSQ9,BBG001S8Q6N2,,
50,50,TICKER,INCY,19.0,BBG01X4JTTN0,INCY,INCYTE CORP,OD,Equity,Common Stock,Common Stock,INCY,BBG000BNPSQ9,BBG001S8Q6N2,,
50,50,TICKER,INCY,20.0,BBG021C15K36,INCY,INCYTE CORP,VT,Equity,Common Stock,Common Stock,INCY,BBG000BNPSQ9,BBG001S8Q6N2,,
50,50,TICKER,INCY,21.0,BBG024YMG1B1,INCY,INCYTE CORP,ER,Equity,Common Stock,Common Stock,INCY,BBG024YMG194,BBG001S8Q6N2,,
51,51,TICKER,GMAB,0.0,BBG000BKPC99,GMAB,GENMAB A/S,DC,Equity,Common Stock,Common Stock,GMAB,BBG000BKPC35,BBG001SCV1W8,,
51,51,TICKER,GMAB,1.0,BBG004MPKM64,GMAB,GENMAB A/S -SP ADR,US,Equity,ADR,Depositary Receipt,GMAB,BBG004MPKM64,BBG004MPKMY3,,
51,51,TICKER,GMAB,2.0,BBG004MPKM73,GMAB,GENMAB A/S -SP ADR,UA,Equity,ADR,Depositary Receipt,GMAB,BBG004MPKM64,BBG004MPKMY3,,
51,51,TICKER,GMAB,3.0,BBG004MPKM82,GMAB,GENMAB A/S -SP ADR,UC,Equity,ADR,Depositary Receipt,GMAB,BBG004MPKM64,BBG004MPKMY3,,
51,51,TICKER,GMAB,4.0,BBG004MPKMB8,GMAB,GENMAB A/S -SP ADR,UN,Equity,ADR,Depositary Receipt,GMAB,BBG004MPKM64,BBG004MPKMY3,,
51,51,TICKER,GMAB,5.0,BBG004MPKMC7,GMAB,GENMAB A/S -SP ADR,UP,Equity,ADR,Depositary Receipt,GMAB,BBG004MPKM64,BBG004MPKMY3,,
51,51,TICKER,GMAB,6.0,BBG004MPKMF4,GMAB,GENMAB A/S -SP ADR,UB,Equity,ADR,Depositary Receipt,GMAB,BBG004MPKM64,BBG004MPKMY3,,
51,51,TICKER,GMAB,7.0,BBG004MPKMH2,GMAB,GENMAB A/S -SP ADR,UM,Equity,ADR,Depositary Receipt,GMAB,BBG004MPKM64,BBG004MPKMY3,,
51,51,TICKER,GMAB,8.0,BBG004MPKMJ0,GMAB,GENMAB A/S -SP ADR,UX,Equity,ADR,Depositary Receipt,GMAB,BBG004MPKM64,BBG004MPKMY3,,
51,51,TICKER,GMAB,9.0,BBG004MPKMQ2,GMAB,GENMAB A/S -SP ADR,UD,Equity,ADR,Depositary Receipt,GMAB,BBG004MPKM64,BBG004MPKMY3,,
51,51,TICKER,GMAB,10.0,BBG004MPKMS0,GMAB,GENMAB A/S -SP ADR,UW,Equity,ADR,Depositary Receipt,GMAB,BBG004MPKM64,BBG004MPKMY3,,
51,51,TICKER,GMAB,11.0,BBG004MPKMT9,GMAB,GENMAB A/S -SP ADR,UF,Equity,ADR,Depositary Receipt,GMAB,BBG004MPKM64,BBG004MPKMY3,,
51,51,TICKER,GMAB,12.0,BBG004MPKMV6,GMAB,GENMAB A/S -SP ADR,VY,Equity,ADR,Depositary Receipt,GMAB,BBG004MPKM64,BBG004MPKMY3,,
51,51,TICKER,GMAB,13.0,BBG004MPKMW5,GMAB,GENMAB A/S -SP ADR,VJ,Equity,ADR,Depositary Receipt,GMAB,BBG004MPKM64,BBG004MPKMY3,,
51,51,TICKER,GMAB,14.0,BBG004MPKMX4,GMAB,GENMAB A/S -SP ADR,VK,Equity,ADR,Depositary Receipt,GMAB,BBG004MPKM64,BBG004MPKMY3,,
51,51,TICKER,GMAB,15.0,BBG00DJGXY86,GMAB,GENMAB A/S -SP ADR,VF,Equity,ADR,Depositary Receipt,GMAB,BBG004MPKM64,BBG004MPKMY3,,
51,51,TICKER,GMAB,16.0,BBG00X1P6R04,GMAB,GENMAB A/S -SP ADR,VG,Equity,ADR,Depositary Receipt,GMAB,BBG004MPKM64,BBG004MPKMY3,,
51,51,TICKER,GMAB,17.0,BBG00X1SN4B8,GMAB,GENMAB A/S -SP ADR,VP,Equity,ADR,Depositary Receipt,GMAB,BBG004MPKM64,BBG004MPKMY3,,
51,51,TICKER,GMAB,18.0,BBG00X8QFKR1,GMAB,GENMAB A/S,AV,Equity,Common Stock,Common Stock,GMAB,BBG00X8QFKQ2,BBG001SCV1W8,,
51,51,TICKER,GMAB,19.0,BBG01R3YTTP9,GMAB,GENMAB A/S,SW,Equity,Common Stock,Common Stock,GMAB,BBG01R3YTTP9,BBG001SCV1W8,,
51,51,TICKER,GMAB,20.0,BBG01R3YTTX0,GMAB,GENMAB A/S,BW,Equity,Common Stock,Common Stock,GMAB,BBG01R3YTTP9,BBG001SCV1W8,,
51,51,TICKER,GMAB,21.0,BBG01V7Z0K28,GMAB,GENMAB A/S -SP ADR,OC,Equity,ADR,Depositary Receipt,GMAB,BBG004MPKM64,BBG004MPKMY3,,
51,51,TICKER,GMAB,22.0,BBG01X4M9JS2,GMAB,GENMAB A/S -SP ADR,OD,Equity,ADR,Depositary Receipt,GMAB,BBG004MPKM64,BBG004MPKMY3,,
51,51,TICKER,GMAB,23.0,BBG024Y0KQ65,GMAB,GENMAB A/S,ER,Equity,Common Stock,Common Stock,GMAB,BBG024Y0KQ56,BBG001SCV1W8,,
52,52,TICKER,002129,0.0,BBG000PK1KS1,002129,TCL ZHONGHUAN RENEWABLE EN-A,CH,Equity,Common Stock,Common Stock,002129,BBG000PK1KS1,BBG001SR2ZK5,,
52,52,TICKER,002129,1.0,BBG000PK1M52,002129,TCL ZHONGHUAN RENEWABLE EN-A,CS,Equity,Common Stock,Common Stock,002129,BBG000PK1KS1,BBG001SR2ZK5,,
52,52,TICKER,002129,2.0,BBG00F137536,002129,TCL ZHONGHUAN RENEWABLE EN-A,C2,Equity,Common Stock,Common Stock,002129,BBG00F137527,BBG001SR2ZK5,,
53,53,TICKER,SOON,0.0,BBG000RSPBY9,SOON,SONOVA HOLDING AG-REG,SW,Equity,Common Stock,Common Stock,SOON,BBG000RSPBY9,BBG001S9M3H8,,
53,53,TICKER,SOON,1.0,BBG0089KB6S2,SOON,SONOVA HOLDING AG-REG,BW,Equity,Common Stock,Common Stock,SOON,BBG000RSPBY9,BBG001S9M3H8,,
53,53,TICKER,SOON,2.0,BBG00HCYSKM5,SOON,SONOVA HOLDING AG-REG,SE,Equity,Common Stock,Common Stock,SOON,BBG000RSPBY9,BBG001S9M3H8,,
53,53,TICKER,SOON,3.0,BBG024YRG2P3,SOON,SONOVA HOLDING AG-REG,ER,Equity,Common Stock,Common Stock,SOON,BBG024YRG2N5,BBG001S9M3H8,,
53,53,TICKER,SOON,4.0,KKG00000FB70,SOON,SoonCoin,,Curncy,Crypto,CRYPTO,,,,,
54,54,TICKER,SCG,0.0,BBG000BQFB99,SCG,RATCH PATHANA ENERGY PCL,TB,Equity,Common Stock,Common Stock,SCG,BBG000BQFB17,BBG001SBFZQ0,,
54,54,TICKER,SCG,1.0,BBG000JTL6F2,SCG,SPORTING CLUBE DE PORTUGAL -,GR,Equity,Common Stock,Common Stock,SCG,BBG000JTL6F2,BBG001SB4196,,
54,54,TICKER,SCG,2.0,BBG000JTMBX0,SCG,SPORTING CLUBE DE PORTUGAL -,GS,Equity,Common Stock,Common Stock,SCG,BBG000JTL6F2,BBG001SB4196,,
54,54,TICKER,SCG,3.0,BBG000JTMCN9,SCG,SPORTING CLUBE DE PORTUGAL -,GM,Equity,Common Stock,Common Stock,SCG,BBG000JTL6F2,BBG001SB4196,,
54,54,TICKER,SCG,4.0,BBG0013RR4F0,SCG,SCANA CORPORATION,,M-Mkt,MED TERM NOTE,MTN,SCG MTN,,,,
54,54,TICKER,SCG,5.0,BBG0035NY5Y1,SCG,SKYLINK HOLDINGS LTD,SP,Equity,Common Stock,Common Stock,SCG,BBG0035NY5X2,BBG0035NY5Z0,,
54,54,TICKER,SCG,6.0,BBG0064P2D05,SCG,SCENTRE GROUP,AU,Equity,REIT,REIT,SCG,BBG0064P2D05,BBG0064P2CZ9,,
54,54,TICKER,SCG,7.0,BBG0064P2D14,SCG,SCENTRE GROUP,AT,Equity,REIT,REIT,SCG,BBG0064P2D05,BBG0064P2CZ9,,
54,54,TICKER,SCG,8.0,BBG0064P2D50,SCG,SCENTRE GROUP,AH,Equity,REIT,REIT,SCG,BBG0064P2D05,BBG0064P2CZ9,,
54,54,TICKER,SCG,9.0,BBG00879G267,SCG,SCENTRE GROUP,SW,Equity,REIT,REIT,SCG,BBG00879G267,BBG0064P2CZ9,,
54,54,TICKER,SCG,10.0,BBG00879G2D9,SCG,SCENTRE GROUP,BW,Equity,REIT,REIT,SCG,BBG00879G267,BBG0064P2CZ9,,
54,54,TICKER,SCG,11.0,BBG00ZR1QCY8,SCG,SCG CONSTRUCTION GROUP JSC,VN,Equity,Common Stock,Common Stock,SCG,BBG00ZR1QCY8,BBG00ZR1QD21,,
54,54,TICKER,SCG,12.0,BBG00ZR1QD03,SCG,SCG CONSTRUCTION GROUP JSC,VH,Equity,Common Stock,Common Stock,SCG,BBG00ZR1QCY8,BBG00ZR1QD21,,
54,54,TICKER,SCG,13.0,BBG018H8L886,SCG,SPORTING CLUBE DE PORTUGAL -,LA,Equity,Common Stock,Common Stock,SCG,BBG000JTL6F2,BBG001SB4196,,
54,54,TICKER,SCG,14.0,BBG018J27BL1,SCG,SPORTING CLUBE DE PORTUGAL -,LU,Equity,Common Stock,Common Stock,SCG,BBG000JTL6F2,BBG001SB4196,,
55,55,TICKER,6160,0.0,BBG000CLY190,6160,CIPHERLAB CO LTD,TT (Taipei Stock Exchange),Equity,Common Stock,Common Stock,6160,BBG000CLWZV2,BBG001SFKMF6,,
55,55,TICKER,6160,1.0,BBG00LLCFBZ4,6160,BEONE MEDICINES LTD-H,HK,Equity,Common Stock,Common Stock,6160,BBG00LLCFBY5,BBG00LLCFC00,,
55,55,TICKER,6160,2.0,BBG00X6K33B4,6160,BEONE MEDICINES LTD-H,H1,Equity,Common Stock,Common Stock,6160,BBG00X6K3397,BBG00LLCFC00,,
55,55,TICKER,6160,3.0,BBG00X6K38G8,6160,BEONE MEDICINES LTD-H,H2,Equity,Common Stock,Common Stock,6160,BBG00X6K38F9,BBG00LLCFC00,,
55,55,TICKER,6160,4.0,BBG0250HDTY3,6160,BEONE MEDICINES LTD-H,ER,Equity,Common Stock,Common Stock,6160,BBG0250HDTX4,BBG00LLCFC00,,
56,56,TICKER,URW,0.0,BBG00L19Y415,URW,UNIBAIL-RODAMCO-WESTFIEL/CDI,AU,Equity,CDI,Depositary Receipt,URW,BBG00L19Y415,BBG00L19Y488,,
56,56,TICKER,URW,1.0,BBG00L19Y424,URW,UNIBAIL-RODAMCO-WESTFIEL/CDI,AT,Equity,CDI,Depositary Receipt,URW,BBG00L19Y415,BBG00L19Y488,,
56,56,TICKER,URW,2.0,BBG00L1BBGW4,URW,UNIBAIL-RODAMCO-WESTFIELD,FP,Equity,REIT,REIT,URW,BBG00L1BBGV5,BBG00L16DLC4,,
56,56,TICKER,URW,3.0,BBG00L7FP102,URW,UNIBAIL-RODAMCO-WESTFIELD,SW,Equity,REIT,REIT,URW,BBG00L7FP102,BBG00L16DLC4,,
56,56,TICKER,URW,4.0,BBG00L7FP166,URW,UNIBAIL-RODAMCO-WESTFIELD,BW,Equity,REIT,REIT,URW,BBG00L7FP102,BBG00L16DLC4,,
56,56,TICKER,URW,5.0,BBG024X03P21,URW,UNIBAIL-RODAMCO-WESTFIELD,ER,Equity,REIT,REIT,URW,BBG024X03P12,BBG00L16DLC4,,
57,57,TICKER,SUZLON,,,,,,,,,,,,No identifier found.,
58,58,TICKER,4543,0.0,BBG000BK08X8,4543,TERUMO CORP,JP,Equity,Common Stock,Common Stock,4543,BBG000BK08X8,BBG001S6CGR5,,
58,58,TICKER,4543,1.0,BBG000BK09M8,4543,TERUMO CORP,JT,Equity,Common Stock,Common Stock,4543,BBG000BK08X8,BBG001S6CGR5,,
58,58,TICKER,4543,2.0,BBG000BK0GR7,4543,TERUMO CORP,JJ,Equity,Common Stock,Common Stock,4543,BBG000BK08X8,BBG001S6CGR5,,
58,58,TICKER,4543,3.0,BBG000BK0HM0,4543,TERUMO CORP,JE,Equity,Common Stock,Common Stock,4543,BBG000BK08X8,BBG001S6CGR5,,
58,58,TICKER,4543,4.0,BBG002QK6RP9,4543,TERUMO CORP,JU,Equity,Common Stock,Common Stock,4543,BBG000BK08X8,BBG001S6CGR5,,
58,58,TICKER,4543,5.0,BBG0077QPHV0,4543,MAN ZAI INDUSTRIAL CO LTD,TT (Taipei Stock Exchange),Equity,Common Stock,Common Stock,4543,BBG006SD0MB6,BBG006SD0MC5,,
58,58,TICKER,4543,6.0,BBG00875C474,4543,TERUMO CORP,JW,Equity,Common Stock,Common Stock,4543,BBG000BK08X8,BBG001S6CGR5,,
58,58,TICKER,4543,7.0,BBG0193R5CW9,4543,TERUMO CORP,JV,Equity,Common Stock,Common Stock,4543,BBG000BK08X8,BBG001S6CGR5,,
58,58,TICKER,4543,8.0,BBG0250G8NH3,4543,TERUMO CORP,ER,Equity,Common Stock,Common Stock,4543,BBG0250G8NG4,BBG001S6CGR5,,
59,59,TICKER,322,0.0,BBG000G5QMZ5,322,TINGYI (CAYMAN ISLN) HLDG CO,HK,Equity,Common Stock,Common Stock,322,BBG000G5QM12,BBG001S8R679,,
59,59,TICKER,322,1.0,BBG006Z3JL04,322,TINGYI (CAYMAN ISLN) HLDG CO,H1,Equity,Common Stock,Common Stock,322,BBG006Z3JKZ8,BBG001S8R679,,
59,59,TICKER,322,2.0,BBG00F134WM9,322,TINGYI (CAYMAN ISLN) HLDG CO,H2,Equity,Common Stock,Common Stock,322,BBG00F134WL0,BBG001S8R679,,
59,59,TICKER,322,3.0,BBG024Y3K8G8,322,TINGYI (CAYMAN ISLN) HLDG CO,ER,Equity,Common Stock,Common Stock,322,BBG024Y3K8D1,BBG001S8R679,,
60,60,TICKER,NBIX,0.0,BBG000GJS7C1,NBIX,NEUROCRINE BIOSCIENCES INC,US,Equity,Common Stock,Common Stock,NBIX,BBG000GJS7C1,BBG001S8W4X9,,
60,60,TICKER,NBIX,1.0,BBG000GJS7W9,NBIX,NEUROCRINE BIOSCIENCES INC,UA,Equity,Common Stock,Common Stock,NBIX,BBG000GJS7C1,BBG001S8W4X9,,
60,60,TICKER,NBIX,2.0,BBG000GJS8W7,NBIX,NEUROCRINE BIOSCIENCES INC,UC,Equity,Common Stock,Common Stock,NBIX,BBG000GJS7C1,BBG001S8W4X9,,
60,60,TICKER,NBIX,3.0,BBG000GJTCK0,NBIX,NEUROCRINE BIOSCIENCES INC,UN,Equity,Common Stock,Common Stock,NBIX,BBG000GJS7C1,BBG001S8W4X9,,
60,60,TICKER,NBIX,4.0,BBG000GJTD91,NBIX,NEUROCRINE BIOSCIENCES INC,UP,Equity,Common Stock,Common Stock,NBIX,BBG000GJS7C1,BBG001S8W4X9,,
60,60,TICKER,NBIX,5.0,BBG000GJTFQ7,NBIX,NEUROCRINE BIOSCIENCES INC,UB,Equity,Common Stock,Common Stock,NBIX,BBG000GJS7C1,BBG001S8W4X9,,
60,60,TICKER,NBIX,6.0,BBG000GJTHB9,NBIX,NEUROCRINE BIOSCIENCES INC,UM,Equity,Common Stock,Common Stock,NBIX,BBG000GJS7C1,BBG001S8W4X9,,
60,60,TICKER,NBIX,7.0,BBG000GJTJ25,NBIX,NEUROCRINE BIOSCIENCES INC,UX,Equity,Common Stock,Common Stock,NBIX,BBG000GJS7C1,BBG001S8W4X9,,
60,60,TICKER,NBIX,8.0,BBG000GJTLQ4,NBIX,NEUROCRINE BIOSCIENCES INC,UD,Equity,Common Stock,Common Stock,NBIX,BBG000GJS7C1,BBG001S8W4X9,,
60,60,TICKER,NBIX,9.0,BBG000GJTN99,NBIX,NEUROCRINE BIOSCIENCES INC,UW,Equity,Common Stock,Common Stock,NBIX,BBG000GJS7C1,BBG001S8W4X9,,
60,60,TICKER,NBIX,10.0,BBG000GJTPY6,NBIX,NEUROCRINE BIOSCIENCES INC,UF,Equity,Common Stock,Common Stock,NBIX,BBG000GJS7C1,BBG001S8W4X9,,
60,60,TICKER,NBIX,11.0,BBG000GJTQ92,NBIX,NEUROCRINE BIOSCIENCES INC,VY,Equity,Common Stock,Common Stock,NBIX,BBG000GJS7C1,BBG001S8W4X9,,
60,60,TICKER,NBIX,12.0,BBG000GJTQN6,NBIX,NEUROCRINE BIOSCIENCES INC,VJ,Equity,Common Stock,Common Stock,NBIX,BBG000GJS7C1,BBG001S8W4X9,,
60,60,TICKER,NBIX,13.0,BBG000GJTR81,NBIX,NEUROCRINE BIOSCIENCES INC,VK,Equity,Common Stock,Common Stock,NBIX,BBG000GJS7C1,BBG001S8W4X9,,
60,60,TICKER,NBIX,14.0,BBG00DJDFFM8,NBIX,NEUROCRINE BIOSCIENCES INC,VF,Equity,Common Stock,Common Stock,NBIX,BBG000GJS7C1,BBG001S8W4X9,,
60,60,TICKER,NBIX,15.0,BBG00THDN307,NBIX,NEUROCRINE BIOSCIENCES INC,VL,Equity,Common Stock,Common Stock,NBIX,BBG000GJS7C1,BBG001S8W4X9,,
60,60,TICKER,NBIX,16.0,BBG00X1LRX34,NBIX,NEUROCRINE BIOSCIENCES INC,VG,Equity,Common Stock,Common Stock,NBIX,BBG000GJS7C1,BBG001S8W4X9,,
60,60,TICKER,NBIX,17.0,BBG00X1Q6617,NBIX,NEUROCRINE BIOSCIENCES INC,VP,Equity,Common Stock,Common Stock,NBIX,BBG000GJS7C1,BBG001S8W4X9,,
60,60,TICKER,NBIX,18.0,BBG01V7WKJW3,NBIX,NEUROCRINE BIOSCIENCES INC,OC,Equity,Common Stock,Common Stock,NBIX,BBG000GJS7C1,BBG001S8W4X9,,
60,60,TICKER,NBIX,19.0,BBG01X4JVJ77,NBIX,NEUROCRINE BIOSCIENCES INC,OD,Equity,Common Stock,Common Stock,NBIX,BBG000GJS7C1,BBG001S8W4X9,,
60,60,TICKER,NBIX,20.0,BBG021C0PB18,NBIX,NEUROCRINE BIOSCIENCES INC,VT,Equity,Common Stock,Common Stock,NBIX,BBG000GJS7C1,BBG001S8W4X9,,
60,60,TICKER,NBIX,21.0,BBG0222W9SK7,NBIX,NBI INTL EI FD/ETF,CN,Equity,ETP,Mutual Fund,NBIX,BBG0222W9SK7,BBG0222W9TR8,,
60,60,TICKER,NBIX,22.0,BBG0222W9SM5,NBIX,NBI INTL EI FD/ETF,CT,Equity,ETP,Mutual Fund,NBIX,BBG0222W9SK7,BBG0222W9TR8,,
60,60,TICKER,NBIX,23.0,BBG0222W9SS9,NBIX,NBI INTL EI FD/ETF,CJ,Equity,ETP,Mutual Fund,NBIX,BBG0222W9SK7,BBG0222W9TR8,,
60,60,TICKER,NBIX,24.0,BBG0222W9SV5,NBIX,NBI INTL EI FD/ETF,TR,Equity,ETP,Mutual Fund,NBIX,BBG0222W9SK7,BBG0222W9TR8,,
60,60,TICKER,NBIX,25.0,BBG0222W9SX3,NBIX,NBI INTL EI FD/ETF,TX,Equity,ETP,Mutual Fund,NBIX,BBG0222W9SK7,BBG0222W9TR8,,
60,60,TICKER,NBIX,26.0,BBG0222W9SY2,NBIX,NBI INTL EI FD/ETF,TA,Equity,ETP,Mutual Fund,NBIX,BBG0222W9SK7,BBG0222W9TR8,,
60,60,TICKER,NBIX,27.0,BBG0222W9T07,NBIX,NBI INTL EI FD/ETF,TG,Equity,ETP,Mutual Fund,NBIX,BBG0222W9SK7,BBG0222W9TR8,,
60,60,TICKER,NBIX,28.0,BBG0222W9T16,NBIX,NBI INTL EI FD/ETF,TK,Equity,ETP,Mutual Fund,NBIX,BBG0222W9SK7,BBG0222W9TR8,,
60,60,TICKER,NBIX,29.0,BBG0222W9T25,NBIX,NBI INTL EI FD/ETF,TW,Equity,ETP,Mutual Fund,NBIX,BBG0222W9SK7,BBG0222W9TR8,,
60,60,TICKER,NBIX,30.0,BBG0222W9T89,NBIX,NBI INTL EI FD/ETF,DT,Equity,ETP,Mutual Fund,NBIX,BBG0222W9SK7,BBG0222W9TR8,,
60,60,TICKER,NBIX,31.0,BBG0222W9T98,NBIX,NBI INTL EI FD/ETF,DG,Equity,ETP,Mutual Fund,NBIX,BBG0222W9SK7,BBG0222W9TR8,,
60,60,TICKER,NBIX,32.0,BBG0222W9TB5,NBIX,NBI INTL EI FD/ETF,QF,Equity,ETP,Mutual Fund,NBIX,BBG0222W9SK7,BBG0222W9TR8,,
60,60,TICKER,NBIX,33.0,BBG0222W9TC4,NBIX,NBI INTL EI FD/ETF,QH,Equity,ETP,Mutual Fund,NBIX,BBG0222W9SK7,BBG0222W9TR8,,
60,60,TICKER,NBIX,34.0,BBG0222W9TD3,NBIX,NBI INTL EI FD/ETF,DJ,Equity,ETP,Mutual Fund,NBIX,BBG0222W9SK7,BBG0222W9TR8,,
60,60,TICKER,NBIX,35.0,BBG0222W9TL4,NBIX,NBI INTL EI FD/ETF,QG,Equity,ETP,Mutual Fund,NBIX,BBG0222W9SK7,BBG0222W9TR8,,
60,60,TICKER,NBIX,36.0,BBG0222W9TM3,NBIX,NBI INTL EI FD/ETF,BF,Equity,ETP,Mutual Fund,NBIX,BBG0222W9SK7,BBG0222W9TR8,,
60,60,TICKER,NBIX,37.0,BBG0222W9TN2,NBIX,NBI INTL EI FD/ETF,HD,Equity,ETP,Mutual Fund,NBIX,BBG0222W9SK7,BBG0222W9TR8,,
60,60,TICKER,NBIX,38.0,BBG0222W9TP0,NBIX,NBI INTL EI FD/ETF,HX,Equity,ETP,Mutual Fund,NBIX,BBG0222W9SK7,BBG0222W9TR8,,
60,60,TICKER,NBIX,39.0,BBG024Y18XR9,NBIX,NEUROCRINE BIOSCIENCES INC,ER,Equity,Common Stock,Common Stock,NBIX,BBG024Y18XQ0,BBG001S8W4X9,,
61,61,TICKER,LI,0.0,BBG000BDX939,LI,KLEPIERRE,FP,Equity,REIT,REIT,LI,BBG000BDX8X8,BBG001S6HXX6,,
61,61,TICKER,LI,1.0,BBG000BZLJH6,LI,AMERICAN LITHIUM CORP,CN,Equity,Common Stock,Common Stock,LI,BBG000BZLJH6,BBG001S5ZLX4,,
61,61,TICKER,LI,2.0,BBG000BZLKW6,LI,AMERICAN LITHIUM CORP,CV,Equity,Common Stock,Common Stock,LI,BBG000BZLJH6,BBG001S5ZLX4,,
61,61,TICKER,LI,3.0,BBG000BZLM43,LI,AMERICAN LITHIUM CORP,CJ,Equity,Common Stock,Common Stock,LI,BBG000BZLJH6,BBG001S5ZLX4,,
61,61,TICKER,LI,4.0,BBG000BZLN69,LI,AMERICAN LITHIUM CORP,TV,Equity,Common Stock,Common Stock,LI,BBG000BZLJH6,BBG001S5ZLX4,,
61,61,TICKER,LI,5.0,BBG000BZLQ53,LI,AMERICAN LITHIUM CORP,TN,Equity,Common Stock,Common Stock,LI,BBG000BZLJH6,BBG001S5ZLX4,,
61,61,TICKER,LI,6.0,BBG000BZLRL3,LI,AMERICAN LITHIUM CORP,TG,Equity,Common Stock,Common Stock,LI,BBG000BZLJH6,BBG001S5ZLX4,,
61,61,TICKER,LI,7.0,BBG000BZLRT5,LI,AMERICAN LITHIUM CORP,TK,Equity,Common Stock,Common Stock,LI,BBG000BZLJH6,BBG001S5ZLX4,,
61,61,TICKER,LI,8.0,BBG000C45BL4,LI,7Q INVESTMENTS PUBLIC LTD,CY,Equity,Common Stock,Common Stock,LI,BBG000C45B70,BBG001SFZ647,,
61,61,TICKER,LI,9.0,BBG000HX9R54,LI,KLEPIERRE,EO,Equity,REIT,REIT,LI,BBG000HX9R54,BBG001S6HXX6,,
61,61,TICKER,LI,10.0,BBG000HX9TB3,LI,KLEPIERRE,XH,Equity,REIT,REIT,LI,BBG000HX9R54,BBG001S6HXX6,,
61,61,TICKER,LI,11.0,BBG000HX9VX4,LI,KLEPIERRE,XF,Equity,REIT,REIT,LI,BBG000HX9R54,BBG001S6HXX6,,
61,61,TICKER,LI,12.0,BBG000HX9WY1,LI,KLEPIERRE,XE,Equity,REIT,REIT,LI,BBG000HX9R54,BBG001S6HXX6,,
61,61,TICKER,LI,13.0,BBG000HX9XL3,LI,KLEPIERRE,XJ,Equity,REIT,REIT,LI,BBG000HX9R54,BBG001S6HXX6,,
61,61,TICKER,LI,14.0,BBG000HX9XQ8,LI,KLEPIERRE,XL,Equity,REIT,REIT,LI,BBG000HX9R54,BBG001S6HXX6,,
61,61,TICKER,LI,15.0,BBG000HX9YD0,LI,KLEPIERRE,XG,Equity,REIT,REIT,LI,BBG000HX9R54,BBG001S6HXX6,,
61,61,TICKER,LI,16.0,BBG000HX9Z01,LI,KLEPIERRE,XO,Equity,REIT,REIT,LI,BBG000HX9R54,BBG001S6HXX6,,
61,61,TICKER,LI,17.0,BBG000HXB238,LI,KLEPIERRE,XS,Equity,REIT,REIT,LI,BBG000HX9R54,BBG001S6HXX6,,
61,61,TICKER,LI,18.0,BBG000HXB2R2,LI,KLEPIERRE,XA,Equity,REIT,REIT,LI,BBG000HX9R54,BBG001S6HXX6,,
61,61,TICKER,LI,19.0,BBG000HXB327,LI,KLEPIERRE,E1,Equity,REIT,REIT,LI,BBG000HX9R54,BBG001S6HXX6,,
61,61,TICKER,LI,20.0,BBG000HXB3N4,LI,KLEPIERRE,XT,Equity,REIT,REIT,LI,BBG000HX9R54,BBG001S6HXX6,,
61,61,TICKER,LI,21.0,BBG000HXB531,LI,KLEPIERRE,EU,Equity,REIT,REIT,LI,BBG000HXB4R8,BBG001S6HXX6,,
61,61,TICKER,LI,22.0,BBG001QL9T54,LI,AMERICAN LITHIUM CORP,TW,Equity,Common Stock,Common Stock,LI,BBG000BZLJH6,BBG001S5ZLX4,,
61,61,TICKER,LI,23.0,BBG002G509C3,LI,KLEPIERRE,XU,Equity,REIT,REIT,LI,BBG000HX9R54,BBG001S6HXX6,,
61,61,TICKER,LI,24.0,BBG003G7XWD9,LI,AMERICAN LITHIUM CORP,DV,Equity,Common Stock,Common Stock,LI,BBG000BZLJH6,BBG001S5ZLX4,,
61,61,TICKER,LI,25.0,BBG004J9MN15,LI,AMERICAN LITHIUM CORP,DS,Equity,Common Stock,Common Stock,LI,BBG000BZLJH6,BBG001S5ZLX4,,
61,61,TICKER,LI,26.0,BBG00591FC49,LI,KLEPIERRE,XV,Equity,REIT,REIT,LI,BBG000HX9R54,BBG001S6HXX6,,
61,61,TICKER,LI,27.0,BBG005XR83F1,LI,AMERICAN LITHIUM CORP,DG,Equity,Common Stock,Common Stock,LI,BBG000BZLJH6,BBG001S5ZLX4,,
61,61,TICKER,LI,28.0,BBG0086JXHH2,LI,AMERICAN LITHIUM CORP,QF,Equity,Common Stock,Common Stock,LI,BBG000BZLJH6,BBG001S5ZLX4,,
61,61,TICKER,LI,29.0,BBG0086JXHK8,LI,AMERICAN LITHIUM CORP,QH,Equity,Common Stock,Common Stock,LI,BBG000BZLJH6,BBG001S5ZLX4,,
61,61,TICKER,LI,30.0,BBG00DVMT293,LI,AMERICAN LITHIUM CORP,DK,Equity,Common Stock,Common Stock,LI,BBG000BZLJH6,BBG001S5ZLX4,,
61,61,TICKER,LI,31.0,BBG00JN7C030,LI,KLEPIERRE,XX,Equity,REIT,REIT,LI,BBG000HX9R54,BBG001S6HXX6,,
61,61,TICKER,LI,32.0,BBG00LN98KJ5,LI,AMERICAN LITHIUM CORP,QG,Equity,Common Stock,Common Stock,LI,BBG000BZLJH6,BBG001S5ZLX4,,
61,61,TICKER,LI,33.0,BBG00PPXX597,LI,KLEPIERRE,EP,Equity,REIT,REIT,LI,BBG00PPXX588,BBG001S6HXX6,,
61,61,TICKER,LI,34.0,BBG00PPXX5C3,LI,KLEPIERRE,EZ,Equity,REIT,REIT,LI,BBG00PPXX5B4,BBG001S6HXX6,,
61,61,TICKER,LI,35.0,BBG00W0KZD98,LI,LI AUTO INC - ADR,US,Equity,ADR,Depositary Receipt,LI,BBG00W0KZD98,BBG00W0KZF57,,
61,61,TICKER,LI,36.0,BBG00W0KZDB5,LI,LI AUTO INC - ADR,UA,Equity,ADR,Depositary Receipt,LI,BBG00W0KZD98,BBG00W0KZF57,,
61,61,TICKER,LI,37.0,BBG00W0KZDC4,LI,LI AUTO INC - ADR,UC,Equity,ADR,Depositary Receipt,LI,BBG00W0KZD98,BBG00W0KZF57,,
61,61,TICKER,LI,38.0,BBG00W0KZDF1,LI,LI AUTO INC - ADR,UN,Equity,ADR,Depositary Receipt,LI,BBG00W0KZD98,BBG00W0KZF57,,
61,61,TICKER,LI,39.0,BBG00W0KZDG0,LI,LI AUTO INC - ADR,UP,Equity,ADR,Depositary Receipt,LI,BBG00W0KZD98,BBG00W0KZF57,,
61,61,TICKER,LI,40.0,BBG00W0KZDJ7,LI,LI AUTO INC - ADR,UB,Equity,ADR,Depositary Receipt,LI,BBG00W0KZD98,BBG00W0KZF57,,
61,61,TICKER,LI,41.0,BBG00W0KZDL4,LI,LI AUTO INC - ADR,UM,Equity,ADR,Depositary Receipt,LI,BBG00W0KZD98,BBG00W0KZF57,,
61,61,TICKER,LI,42.0,BBG00W0KZDM3,LI,LI AUTO INC - ADR,UX,Equity,ADR,Depositary Receipt,LI,BBG00W0KZD98,BBG00W0KZF57,,
61,61,TICKER,LI,43.0,BBG00W0KZDS7,LI,LI AUTO INC - ADR,UD,Equity,ADR,Depositary Receipt,LI,BBG00W0KZD98,BBG00W0KZF57,,
61,61,TICKER,LI,44.0,BBG00W0KZDV3,LI,LI AUTO INC - ADR,UW,Equity,ADR,Depositary Receipt,LI,BBG00W0KZD98,BBG00W0KZF57,,
61,61,TICKER,LI,45.0,BBG00W0KZDW2,LI,LI AUTO INC - ADR,UF,Equity,ADR,Depositary Receipt,LI,BBG00W0KZD98,BBG00W0KZF57,,
61,61,TICKER,LI,46.0,BBG00W0KZDX1,LI,LI AUTO INC - ADR,VY,Equity,ADR,Depositary Receipt,LI,BBG00W0KZD98,BBG00W0KZF57,,
61,61,TICKER,LI,47.0,BBG00W0KZDY0,LI,LI AUTO INC - ADR,VJ,Equity,ADR,Depositary Receipt,LI,BBG00W0KZD98,BBG00W0KZF57,,
61,61,TICKER,LI,48.0,BBG00W0KZF02,LI,LI AUTO INC - ADR,VK,Equity,ADR,Depositary Receipt,LI,BBG00W0KZD98,BBG00W0KZF57,,
61,61,TICKER,LI,49.0,BBG00W0KZF11,LI,LI AUTO INC - ADR,VF,Equity,ADR,Depositary Receipt,LI,BBG00W0KZD98,BBG00W0KZF57,,
61,61,TICKER,LI,50.0,BBG00W0KZF20,LI,LI AUTO INC - ADR,VL,Equity,ADR,Depositary Receipt,LI,BBG00W0KZD98,BBG00W0KZF57,,
61,61,TICKER,LI,51.0,BBG00X1PKLZ3,LI,LI AUTO INC - ADR,VG,Equity,ADR,Depositary Receipt,LI,BBG00W0KZD98,BBG00W0KZF57,,
61,61,TICKER,LI,52.0,BBG00X1T00C8,LI,LI AUTO INC - ADR,VP,Equity,ADR,Depositary Receipt,LI,BBG00W0KZD98,BBG00W0KZF57,,
61,61,TICKER,LI,53.0,BBG00YJKLC91,LI,KLEPIERRE,X9,Equity,REIT,REIT,LI,BBG00YJKLC73,BBG001S6HXX6,,
61,61,TICKER,LI,54.0,BBG019LP79Z5,LI,AMERICAN LITHIUM CORP,BF,Equity,Common Stock,Common Stock,LI,BBG000BZLJH6,BBG001S5ZLX4,,
61,61,TICKER,LI,55.0,BBG01J14F9T0,LI,AMERICAN LITHIUM CORP,HD,Equity,Common Stock,Common Stock,LI,BBG000BZLJH6,BBG001S5ZLX4,,
61,61,TICKER,LI,56.0,BBG01J154LS3,LI,AMERICAN LITHIUM CORP,HX,Equity,Common Stock,Common Stock,LI,BBG000BZLJH6,BBG001S5ZLX4,,
61,61,TICKER,LI,57.0,BBG01T6DG9T2,LI,KLEPIERRE,SW,Equity,REIT,REIT,LI,BBG01T6DG9T2,BBG001S6HXX6,,
61,61,TICKER,LI,58.0,BBG01T6DGB08,LI,KLEPIERRE,BW,Equity,REIT,REIT,LI,BBG01T6DG9T2,BBG001S6HXX6,,
61,61,TICKER,LI,59.0,BBG01V7ZCRT1,LI,LI AUTO INC - ADR,OC,Equity,ADR,Depositary Receipt,LI,BBG00W0KZD98,BBG00W0KZF57,,
61,61,TICKER,LI,60.0,BBG01X4MNRL5,LI,LI AUTO INC - ADR,OD,Equity,ADR,Depositary Receipt,LI,BBG00W0KZD98,BBG00W0KZF57,,
61,61,TICKER,LI,61.0,BBG021C1Q3M0,LI,LI AUTO INC - ADR,VT,Equity,ADR,Depositary Receipt,LI,BBG00W0KZD98,BBG00W0KZF57,,
61,61,TICKER,LI,62.0,BBG024YJDCK7,LI,KLEPIERRE,ER,Equity,REIT,REIT,LI,BBG024YJDCJ9,BBG001S6HXX6,,
62,62,TICKER,UTHR,0.0,BBG000BV4XJ1,UTHR,UNITED THERAPEUTICS CORP,US,Equity,Common Stock,Common Stock,UTHR,BBG000BV4XJ1,BBG001S8RV10,,
62,62,TICKER,UTHR,1.0,BBG000BV4Y09,UTHR,UNITED THERAPEUTICS CORP,UA,Equity,Common Stock,Common Stock,UTHR,BBG000BV4XJ1,BBG001S8RV10,,
62,62,TICKER,UTHR,2.0,BBG000BV4YH1,UTHR,UNITED THERAPEUTICS CORP,UC,Equity,Common Stock,Common Stock,UTHR,BBG000BV4XJ1,BBG001S8RV10,,
62,62,TICKER,UTHR,3.0,BBG000BV4ZP9,UTHR,UNITED THERAPEUTICS CORP,UN,Equity,Common Stock,Common Stock,UTHR,BBG000BV4XJ1,BBG001S8RV10,,
62,62,TICKER,UTHR,4.0,BBG000BV51B8,UTHR,UNITED THERAPEUTICS CORP,UP,Equity,Common Stock,Common Stock,UTHR,BBG000BV4XJ1,BBG001S8RV10,,
62,62,TICKER,UTHR,5.0,BBG000BV51Q2,UTHR,UNITED THERAPEUTICS CORP,UB,Equity,Common Stock,Common Stock,UTHR,BBG000BV4XJ1,BBG001S8RV10,,
62,62,TICKER,UTHR,6.0,BBG000BV5262,UTHR,UNITED THERAPEUTICS CORP,UM,Equity,Common Stock,Common Stock,UTHR,BBG000BV4XJ1,BBG001S8RV10,,
62,62,TICKER,UTHR,7.0,BBG000BV52S8,UTHR,UNITED THERAPEUTICS CORP,UX,Equity,Common Stock,Common Stock,UTHR,BBG000BV4XJ1,BBG001S8RV10,,
62,62,TICKER,UTHR,8.0,BBG000BV54Y7,UTHR,UNITED THERAPEUTICS CORP,UD,Equity,Common Stock,Common Stock,UTHR,BBG000BV4XJ1,BBG001S8RV10,,
62,62,TICKER,UTHR,9.0,BBG000BV5663,UTHR,UNITED THERAPEUTICS CORP,UW,Equity,Common Stock,Common Stock,UTHR,BBG000BV4XJ1,BBG001S8RV10,,
62,62,TICKER,UTHR,10.0,BBG000BV56H1,UTHR,UNITED THERAPEUTICS CORP,UF,Equity,Common Stock,Common Stock,UTHR,BBG000BV4XJ1,BBG001S8RV10,,
62,62,TICKER,UTHR,11.0,BBG000BV56N4,UTHR,UNITED THERAPEUTICS CORP,VY,Equity,Common Stock,Common Stock,UTHR,BBG000BV4XJ1,BBG001S8RV10,,
62,62,TICKER,UTHR,12.0,BBG000BV56T8,UTHR,UNITED THERAPEUTICS CORP,VJ,Equity,Common Stock,Common Stock,UTHR,BBG000BV4XJ1,BBG001S8RV10,,
62,62,TICKER,UTHR,13.0,BBG000BV57Q9,UTHR,UNITED THERAPEUTICS CORP,VK,Equity,Common Stock,Common Stock,UTHR,BBG000BV4XJ1,BBG001S8RV10,,
62,62,TICKER,UTHR,14.0,BBG00DJDZCG0,UTHR,UNITED THERAPEUTICS CORP,VF,Equity,Common Stock,Common Stock,UTHR,BBG000BV4XJ1,BBG001S8RV10,,
62,62,TICKER,UTHR,15.0,BBG00THF5V28,UTHR,UNITED THERAPEUTICS CORP,VL,Equity,Common Stock,Common Stock,UTHR,BBG000BV4XJ1,BBG001S8RV10,,
62,62,TICKER,UTHR,16.0,BBG00X1M9MV5,UTHR,UNITED THERAPEUTICS CORP,VG,Equity,Common Stock,Common Stock,UTHR,BBG000BV4XJ1,BBG001S8RV10,,
62,62,TICKER,UTHR,17.0,BBG00X1QQXP0,UTHR,UNITED THERAPEUTICS CORP,VP,Equity,Common Stock,Common Stock,UTHR,BBG000BV4XJ1,BBG001S8RV10,,
62,62,TICKER,UTHR,18.0,BBG01V7X38G2,UTHR,UNITED THERAPEUTICS CORP,OC,Equity,Common Stock,Common Stock,UTHR,BBG000BV4XJ1,BBG001S8RV10,,
62,62,TICKER,UTHR,19.0,BBG01X4KD7Z9,UTHR,UNITED THERAPEUTICS CORP,OD,Equity,Common Stock,Common Stock,UTHR,BBG000BV4XJ1,BBG001S8RV10,,
62,62,TICKER,UTHR,20.0,BBG021BYJ454,UTHR,UNITED THERAPEUTICS CORP,VT,Equity,Common Stock,Common Stock,UTHR,BBG000BV4XJ1,BBG001S8RV10,,
62,62,TICKER,UTHR,21.0,BBG024Y1JHY4,UTHR,UNITED THERAPEUTICS CORP,ER,Equity,Common Stock,Common Stock,UTHR,BBG024Y1JHX5,BBG001S8RV10,,
63,63,TICKER,916,0.0,BBG000P2MRM9,916,CHINA LONGYUAN POWER GROUP-H,HK,Equity,Common Stock,Common Stock,916,BBG000P2MR12,BBG001T5G8L6,,
63,63,TICKER,916,1.0,BBG006Z3JQB1,916,CHINA LONGYUAN POWER GROUP-H,H1,Equity,Common Stock,Common Stock,916,BBG006Z3JQ94,BBG001T5G8L6,,
63,63,TICKER,916,2.0,BBG00F1356C6,916,CHINA LONGYUAN POWER GROUP-H,H2,Equity,Common Stock,Common Stock,916,BBG00F1356B7,BBG001T5G8L6,,
63,63,TICKER,916,3.0,BBG024YPTQT6,916,CHINA LONGYUAN POWER GROUP-H,ER,Equity,Common Stock,Common Stock,916,BBG024YPTQR8,BBG001T5G8L6,,
64,64,TICKER,SALM,0.0,BBG000P3KW39,SALM,SALMAR ASA,NO,Equity,Common Stock,Common Stock,SALM,BBG000P3KVK2,BBG001SQWCZ9,,
64,64,TICKER,SALM,1.0,BBG000RFPMR1,SALM,BABELON INVESTMENTS CO PLC,JR,Equity,Common Stock,Common Stock,SALM,BBG000RFPMB8,BBG001STKBP9,,
64,64,TICKER,SALM,2.0,BBG000TP41W0,SALM,SALMAR ASA,EO,Equity,Common Stock,Common Stock,SALM,BBG000TP41W0,BBG001SQWCZ9,,
64,64,TICKER,SALM,3.0,BBG000TP42S3,SALM,SALMAR ASA,XH,Equity,Common Stock,Common Stock,SALM,BBG000TP41W0,BBG001SQWCZ9,,
64,64,TICKER,SALM,4.0,BBG000TP42Y6,SALM,SALMAR ASA,XC,Equity,Common Stock,Common Stock,SALM,BBG000TP41W0,BBG001SQWCZ9,,
64,64,TICKER,SALM,5.0,BBG000TP4383,SALM,SALMAR ASA,XF,Equity,Common Stock,Common Stock,SALM,BBG000TP41W0,BBG001SQWCZ9,,
64,64,TICKER,SALM,6.0,BBG000TP4445,SALM,SALMAR ASA,XE,Equity,Common Stock,Common Stock,SALM,BBG000TP41W0,BBG001SQWCZ9,,
64,64,TICKER,SALM,7.0,BBG000TP44M5,SALM,SALMAR ASA,XJ,Equity,Common Stock,Common Stock,SALM,BBG000TP41W0,BBG001SQWCZ9,,
64,64,TICKER,SALM,8.0,BBG000TP4542,SALM,SALMAR ASA,XL,Equity,Common Stock,Common Stock,SALM,BBG000TP41W0,BBG001SQWCZ9,,
64,64,TICKER,SALM,9.0,BBG000TP4597,SALM,SALMAR ASA,XG,Equity,Common Stock,Common Stock,SALM,BBG000TP41W0,BBG001SQWCZ9,,
64,64,TICKER,SALM,10.0,BBG000TP45K4,SALM,SALMAR ASA,XO,Equity,Common Stock,Common Stock,SALM,BBG000TP41W0,BBG001SQWCZ9,,
64,64,TICKER,SALM,11.0,BBG000TP46Y7,SALM,SALMAR ASA,XS,Equity,Common Stock,Common Stock,SALM,BBG000TP41W0,BBG001SQWCZ9,,
64,64,TICKER,SALM,12.0,BBG000TP47B0,SALM,SALMAR ASA,XA,Equity,Common Stock,Common Stock,SALM,BBG000TP41W0,BBG001SQWCZ9,,
64,64,TICKER,SALM,13.0,BBG000TP47S2,SALM,SALMAR ASA,E1,Equity,Common Stock,Common Stock,SALM,BBG000TP41W0,BBG001SQWCZ9,,
64,64,TICKER,SALM,14.0,BBG000TP4926,SALM,SALMAR ASA,XW,Equity,Common Stock,Common Stock,SALM,BBG000TP41W0,BBG001SQWCZ9,,
64,64,TICKER,SALM,15.0,BBG000TP49M4,SALM,SALMAR ASA,EU,Equity,Common Stock,Common Stock,SALM,BBG000TP49C5,BBG001SQWCZ9,,
64,64,TICKER,SALM,16.0,BBG003FWMKX1,SALM,SALMAR ASA,SF,Equity,Common Stock,Common Stock,SALM,BBG003FWMKS7,BBG001SQWCZ9,,
64,64,TICKER,SALM,17.0,BBG00591HSW1,SALM,SALMAR ASA,XV,Equity,Common Stock,Common Stock,SALM,BBG000TP41W0,BBG001SQWCZ9,,
64,64,TICKER,SALM,18.0,BBG00JN7FFT6,SALM,SALMAR ASA,XX,Equity,Common Stock,Common Stock,SALM,BBG000TP41W0,BBG001SQWCZ9,,
64,64,TICKER,SALM,19.0,BBG00PPYWMN3,SALM,SALMAR ASA,EP,Equity,Common Stock,Common Stock,SALM,BBG00PPYWMM4,BBG001SQWCZ9,,
64,64,TICKER,SALM,20.0,BBG00PPYWMQ0,SALM,SALMAR ASA,EZ,Equity,Common Stock,Common Stock,SALM,BBG00PPYWMP1,BBG001SQWCZ9,,
64,64,TICKER,SALM,21.0,BBG00QFY84N9,SALM,SALMAR ASA,X1,Equity,Common Stock,Common Stock,,BBG000TP41W0,BBG001SQWCZ9,,
64,64,TICKER,SALM,22.0,BBG010SX90L2,SALM,SALMAR ASA,X9,Equity,Common Stock,Common Stock,SALM,BBG010SX90K3,BBG001SQWCZ9,,
64,64,TICKER,SALM,23.0,BBG024Y8DVT0,SALM,SALMAR ASA,ER,Equity,Common Stock,Common Stock,SALM,BBG024Y8DVS1,BBG001SQWCZ9,,
65,65,TICKER,601127,0.0,BBG006M16841,601127,SERES GROUP CO L-A,CH,Equity,Common Stock,Common Stock,601127,BBG006M16841,BBG006M16832,,
65,65,TICKER,601127,1.0,BBG006M16850,601127,SERES GROUP CO L-A,CG,Equity,Common Stock,Common Stock,601127,BBG006M16841,BBG006M16832,,
65,65,TICKER,601127,2.0,BBG00FGGV8H3,601127,SERES GROUP CO L-A,C1,Equity,Common Stock,Common Stock,601127,BBG00FGGV8G4,BBG006M16832,,
66,66,TICKER,ELI,0.0,BBG000GZH6D8,ELI,EMPIRE EAST LAND HOLDINGS,PM,Equity,Common Stock,Common Stock,ELI,BBG000GZH5K2,BBG001S92QN2,,
66,66,TICKER,ELI,1.0,BBG000KR9Z28,ELI,ELIA GROUP SA/NV,BB,Equity,Common Stock,Common Stock,ELI,BBG000KR9YG6,BBG001SJQ7M7,,
66,66,TICKER,ELI,2.0,BBG000RXDMP7,ELI,ELIA SYSTEM OPERATOR SA/NV,EO,Equity,Common Stock,Common Stock,ELI,BBG000RXDMP7,BBG001SJQ7M7,,
66,66,TICKER,ELI,3.0,BBG000RXDNR3,ELI,ELIA GROUP SA/NV,XH,Equity,Common Stock,Common Stock,ELI,BBG000RXDMP7,BBG001SJQ7M7,,
66,66,TICKER,ELI,4.0,BBG000RXDNW7,ELI,ELIA GROUP SA/NV,XC,Equity,Common Stock,Common Stock,ELI,BBG000RXDMP7,BBG001SJQ7M7,,
66,66,TICKER,ELI,5.0,BBG000RXDP07,ELI,ELIA GROUP SA/NV,XF,Equity,Common Stock,Common Stock,ELI,BBG000RXDMP7,BBG001SJQ7M7,,
66,66,TICKER,ELI,6.0,BBG000RXDPC4,ELI,ELIA GROUP SA/NV,XE,Equity,Common Stock,Common Stock,ELI,BBG000RXDMP7,BBG001SJQ7M7,,
66,66,TICKER,ELI,7.0,BBG000RXDQ96,ELI,ELIA GROUP SA/NV,XJ,Equity,Common Stock,Common Stock,ELI,BBG000RXDMP7,BBG001SJQ7M7,,
66,66,TICKER,ELI,8.0,BBG000RXDQQ7,ELI,ELIA GROUP SA/NV,XL,Equity,Common Stock,Common Stock,ELI,BBG000RXDMP7,BBG001SJQ7M7,,
66,66,TICKER,ELI,9.0,BBG000RXDQY8,ELI,ELIA GROUP SA/NV,XG,Equity,Common Stock,Common Stock,ELI,BBG000RXDMP7,BBG001SJQ7M7,,
66,66,TICKER,ELI,10.0,BBG000RXDR58,ELI,ELIA GROUP SA/NV,XO,Equity,Common Stock,Common Stock,ELI,BBG000RXDMP7,BBG001SJQ7M7,,
66,66,TICKER,ELI,11.0,BBG000RXDS38,ELI,ELIA GROUP SA/NV,XS,Equity,Common Stock,Common Stock,ELI,BBG000RXDMP7,BBG001SJQ7M7,,
66,66,TICKER,ELI,12.0,BBG000RXDS83,ELI,ELIA GROUP SA/NV,XA,Equity,Common Stock,Common Stock,ELI,BBG000RXDMP7,BBG001SJQ7M7,,
66,66,TICKER,ELI,13.0,BBG000RXDSD7,ELI,ELIA SYSTEM OPERATOR SA/NV,E1,Equity,Common Stock,Common Stock,ELI,BBG000RXDMP7,BBG001SJQ7M7,,
66,66,TICKER,ELI,14.0,BBG000RXDSV7,ELI,ELIA GROUP SA/NV,XW,Equity,Common Stock,Common Stock,ELI,BBG000RXDMP7,BBG001SJQ7M7,,
66,66,TICKER,ELI,15.0,BBG000RXDTR0,ELI,ELIA GROUP SA/NV,EU,Equity,Common Stock,Common Stock,ELI,BBG000RXDTM5,BBG001SJQ7M7,,
66,66,TICKER,ELI,16.0,BBG001811Y00,ELI,VERA BRADLEY INC,GR,Equity,Common Stock,Common Stock,ELI,BBG001811Y00,BBG001T94V30,,
66,66,TICKER,ELI,17.0,BBG001811Y19,ELI,VERA BRADLEY INC,GF,Equity,Common Stock,Common Stock,ELI,BBG001811Y00,BBG001T94V30,,
66,66,TICKER,ELI,18.0,BBG001811Y28,ELI,VERA BRADLEY INC,GD,Equity,Common Stock,Common Stock,ELI,BBG001811Y00,BBG001T94V30,,
66,66,TICKER,ELI,19.0,BBG001811Y46,ELI,VERA BRADLEY INC,GS,Equity,Common Stock,Common Stock,ELI,BBG001811Y00,BBG001T94V30,,
66,66,TICKER,ELI,20.0,BBG001819113,ELI,VERA BRADLEY INC,TH,Equity,Common Stock,Common Stock,ELI,BBG001819104,BBG001T94V30,,
66,66,TICKER,ELI,21.0,BBG00591K6V6,ELI,ELIA GROUP SA/NV,XV,Equity,Common Stock,Common Stock,ELI,BBG000RXDMP7,BBG001SJQ7M7,,
66,66,TICKER,ELI,22.0,BBG00D8FDCK6,ELI,VERA BRADLEY INC,QT,Equity,Common Stock,Common Stock,ELI,BBG00D8FDCJ8,BBG001T94V30,,
66,66,TICKER,ELI,23.0,BBG00JN7GVN6,ELI,ELIA SYSTEM OPERATOR SA/NV,XX,Equity,Common Stock,Common Stock,ELI,BBG000RXDMP7,BBG001SJQ7M7,,
66,66,TICKER,ELI,24.0,BBG00PPYMN52,ELI,ELIA GROUP SA/NV,EP,Equity,Common Stock,Common Stock,ELI,BBG00PPYMN43,BBG001SJQ7M7,,
66,66,TICKER,ELI,25.0,BBG00PPYMN70,ELI,ELIA GROUP SA/NV,EZ,Equity,Common Stock,Common Stock,ELI,BBG00PPYMN61,BBG001SJQ7M7,,
66,66,TICKER,ELI,26.0,BBG00QFY9KH9,ELI,ELIA GROUP SA/NV,X1,Equity,Common Stock,Common Stock,,BBG000RXDMP7,BBG001SJQ7M7,,
66,66,TICKER,ELI,27.0,BBG00YJHGX34,ELI,ELIA GROUP SA/NV,X9,Equity,Common Stock,Common Stock,ELI,BBG00YJHGX25,BBG001SJQ7M7,,
66,66,TICKER,ELI,28.0,BBG018H946N0,ELI,VERA BRADLEY INC,LA,Equity,Common Stock,Common Stock,ELI,BBG001811Y00,BBG001T94V30,,
66,66,TICKER,ELI,29.0,BBG018J2S7J0,ELI,VERA BRADLEY INC,LU,Equity,Common Stock,Common Stock,ELI,BBG001811Y00,BBG001T94V30,,
66,66,TICKER,ELI,30.0,BBG01KM84025,ELI,VERA BRADLEY INC,GZ,Equity,Common Stock,Common Stock,ELI,BBG01KM84016,BBG001T94V30,,
66,66,TICKER,ELI,31.0,BBG0250DM440,ELI,ELIA GROUP SA/NV,ER,Equity,Common Stock,Common Stock,ELI,BBG0250DM431,BBG001SJQ7M7,,
66,66,TICKER,ELI,32.0,KKG00000GRZ3,ELI,Eligma Token,,Curncy,Crypto,CRYPTO,,,,,
67,67,TICKER,010120,0.0,BBG000GPVN92,010120,LS ELECTRIC CO LTD,KS,Equity,Common Stock,Common Stock,010120,BBG000GPVN92,BBG001S8ZTR8,,
67,67,TICKER,010120,1.0,BBG000GPVNR2,010120,LS ELECTRIC CO LTD,KP,Equity,Common Stock,Common Stock,010120,BBG000GPVN92,BBG001S8ZTR8,,
67,67,TICKER,010120,2.0,BBG01VQPNHD9,010120,LS ELECTRIC CO LTD,KT,Equity,Common Stock,Common Stock,010120,BBG000GPVN92,BBG001S8ZTR8,,
67,67,TICKER,010120,3.0,BBG0250DTV07,010120,LS ELECTRIC CO LTD,ER,Equity,Common Stock,Common Stock,010120,BBG0250DTTZ4,BBG001S8ZTR8,,
68,68,TICKER,SUI,0.0,BBG000BLJWF3,SUI,SUN COMMUNITIES INC,US,Equity,REIT,REIT,SUI,BBG000BLJWF3,BBG001S7HRC0,,
68,68,TICKER,SUI,1.0,BBG000BLJWP2,SUI,SUN COMMUNITIES INC,UA,Equity,REIT,REIT,SUI,BBG000BLJWF3,BBG001S7HRC0,,
68,68,TICKER,SUI,2.0,BBG000BLJWY2,SUI,SUN COMMUNITIES INC,UC,Equity,REIT,REIT,SUI,BBG000BLJWF3,BBG001S7HRC0,,
68,68,TICKER,SUI,3.0,BBG000BLJXH9,SUI,SUN COMMUNITIES INC,UN,Equity,REIT,REIT,SUI,BBG000BLJWF3,BBG001S7HRC0,,
68,68,TICKER,SUI,4.0,BBG000BLJXR8,SUI,SUN COMMUNITIES INC,UP,Equity,REIT,REIT,SUI,BBG000BLJWF3,BBG001S7HRC0,,
68,68,TICKER,SUI,5.0,BBG000BLJYT4,SUI,SUN COMMUNITIES INC,UB,Equity,REIT,REIT,SUI,BBG000BLJWF3,BBG001S7HRC0,,
68,68,TICKER,SUI,6.0,BBG000BLJZN7,SUI,SUN COMMUNITIES INC,UT,Equity,REIT,REIT,SUI,BBG000BLJWF3,BBG001S7HRC0,,
68,68,TICKER,SUI,7.0,BBG000BLK043,SUI,SUN COMMUNITIES INC,UM,Equity,REIT,REIT,SUI,BBG000BLJWF3,BBG001S7HRC0,,
68,68,TICKER,SUI,8.0,BBG000BLK0T6,SUI,SUN COMMUNITIES INC,UX,Equity,REIT,REIT,SUI,BBG000BLJWF3,BBG001S7HRC0,,
68,68,TICKER,SUI,9.0,BBG000BLK4Z1,SUI,SUN COMMUNITIES INC,UD,Equity,REIT,REIT,SUI,BBG000BLJWF3,BBG001S7HRC0,,
68,68,TICKER,SUI,10.0,BBG000BLK668,SUI,SUN COMMUNITIES INC,UF,Equity,REIT,REIT,SUI,BBG000BLJWF3,BBG001S7HRC0,,
68,68,TICKER,SUI,11.0,BBG000BLK6R5,SUI,SUN COMMUNITIES INC,VY,Equity,REIT,REIT,SUI,BBG000BLJWF3,BBG001S7HRC0,,
68,68,TICKER,SUI,12.0,BBG000BLK766,SUI,SUN COMMUNITIES INC,VJ,Equity,REIT,REIT,SUI,BBG000BLJWF3,BBG001S7HRC0,,
68,68,TICKER,SUI,13.0,BBG000BLK7H4,SUI,SUN COMMUNITIES INC,VK,Equity,REIT,REIT,SUI,BBG000BLJWF3,BBG001S7HRC0,,
68,68,TICKER,SUI,14.0,BBG000BWYFN0,SUI,SUPERIOR MINING INTERNATIONA,CN,Equity,Common Stock,Common Stock,SUI,BBG000BWYFN0,BBG001S90Z72,,
68,68,TICKER,SUI,15.0,BBG000BWYGR4,SUI,SUPERIOR MINING INTERNATIONA,CV,Equity,Common Stock,Common Stock,SUI,BBG000BWYFN0,BBG001S90Z72,,
68,68,TICKER,SUI,16.0,BBG000BWYJC4,SUI,SUPERIOR MINING INTERNATIONA,CJ,Equity,Common Stock,Common Stock,SUI,BBG000BWYFN0,BBG001S90Z72,,
68,68,TICKER,SUI,17.0,BBG000BWYKK2,SUI,SUPERIOR MINING INTERNATIONA,TV,Equity,Common Stock,Common Stock,SUI,BBG000BWYFN0,BBG001S90Z72,,
68,68,TICKER,SUI,18.0,BBG000BWYLT1,SUI,SUPERIOR MINING INTERNATIONA,TN,Equity,Common Stock,Common Stock,SUI,BBG000BWYFN0,BBG001S90Z72,,
68,68,TICKER,SUI,19.0,BBG000BWYMV6,SUI,SUPERIOR MINING INTERNATIONA,TG,Equity,Common Stock,Common Stock,SUI,BBG000BWYFN0,BBG001S90Z72,,
68,68,TICKER,SUI,20.0,BBG000BWYN53,SUI,SUPERIOR MINING INTERNATIONA,TK,Equity,Common Stock,Common Stock,SUI,BBG000BWYFN0,BBG001S90Z72,,
68,68,TICKER,SUI,21.0,BBG000BYXWR6,SUI,SUN INTERNATIONAL LTD,SJ,Equity,Common Stock,Common Stock,SUI,BBG000BYXWL2,BBG001SJRV61,,
68,68,TICKER,SUI,22.0,BBG000BYYK55,SUI,SEKISUI CHEMICAL CO LTD,GR,Equity,Common Stock,Common Stock,SUI,BBG000BYYK55,BBG001S6B9J1,,
68,68,TICKER,SUI,23.0,BBG000BYYKB8,SUI,SEKISUI CHEMICAL CO LTD,GF,Equity,Common Stock,Common Stock,SUI,BBG000BYYK55,BBG001S6B9J1,,
68,68,TICKER,SUI,24.0,BBG000BYYKV6,SUI,SEKISUI CHEMICAL CO LTD,GD,Equity,Common Stock,Common Stock,SUI,BBG000BYYK55,BBG001S6B9J1,,
68,68,TICKER,SUI,25.0,BBG000BYYLH0,SUI,SEKISUI CHEMICAL CO LTD,GS,Equity,Common Stock,Common Stock,SUI,BBG000BYYK55,BBG001S6B9J1,,
68,68,TICKER,SUI,26.0,BBG000BYYP54,SUI,SEKISUI CHEMICAL CO LTD,GI,Equity,Common Stock,Common Stock,SUI,BBG000BYYK55,BBG001S6B9J1,,
68,68,TICKER,SUI,27.0,BBG000BYYPB7,SUI,SEKISUI CHEMICAL CO LTD,GH,Equity,Common Stock,Common Stock,SUI,BBG000BYYK55,BBG001S6B9J1,,
68,68,TICKER,SUI,28.0,BBG000DH3JQ4,SUI,SUN INTERNATIONAL LTD,EO,Equity,Common Stock,Common Stock,SUI,BBG000DH3JQ4,BBG001SJRV61,,
68,68,TICKER,SUI,29.0,BBG000DH4V22,SUI,SUN INTERNATIONAL LTD,E1,Equity,Common Stock,Common Stock,SUI,BBG000DH3JQ4,BBG001SJRV61,,
68,68,TICKER,SUI,30.0,BBG000DH4VL1,SUI,SUN INTERNATIONAL LTD,XT,Equity,Common Stock,Common Stock,SUI,BBG000DH3JQ4,BBG001SJRV61,,
68,68,TICKER,SUI,31.0,BBG000DH4VX8,SUI,SUN INTERNATIONAL LTD,XW,Equity,Common Stock,Common Stock,SUI,BBG000DH3JQ4,BBG001SJRV61,,
68,68,TICKER,SUI,32.0,BBG0013T6GK6,SUI,SUN COMMUNITIES OPER LP,,M-Mkt,MED TERM NOTE,MTN,SUI MTN,,,,
68,68,TICKER,SUI,33.0,BBG001QLCL66,SUI,SUPERIOR MINING INTERNATIONA,TW,Equity,Common Stock,Common Stock,SUI,BBG000BWYFN0,BBG001S90Z72,,
68,68,TICKER,SUI,34.0,BBG003G818W4,SUI,SUPERIOR MINING INTERNATIONA,DV,Equity,Common Stock,Common Stock,SUI,BBG000BWYFN0,BBG001S90Z72,,
68,68,TICKER,SUI,35.0,BBG004J9QYC5,SUI,SUPERIOR MINING INTERNATIONA,DS,Equity,Common Stock,Common Stock,SUI,BBG000BWYFN0,BBG001S90Z72,,
68,68,TICKER,SUI,36.0,BBG005917PX7,SUI,SUN INTERNATIONAL LTD,XV,Equity,Common Stock,Common Stock,SUI,BBG000DH3JQ4,BBG001SJRV61,,
68,68,TICKER,SUI,37.0,BBG005XRCFR6,SUI,SUPERIOR MINING INTERNATIONA,DG,Equity,Common Stock,Common Stock,SUI,BBG000BWYFN0,BBG001S90Z72,,
68,68,TICKER,SUI,38.0,BBG0086K48B7,SUI,SUPERIOR MINING INTERNATIONA,QF,Equity,Common Stock,Common Stock,SUI,BBG000BWYFN0,BBG001S90Z72,,
68,68,TICKER,SUI,39.0,BBG0086K48C6,SUI,SUPERIOR MINING INTERNATIONA,QH,Equity,Common Stock,Common Stock,SUI,BBG000BWYFN0,BBG001S90Z72,,
68,68,TICKER,SUI,40.0,BBG008LT4493,SUI,SEKISUI CHEMICAL CO LTD,QT,Equity,Common Stock,Common Stock,SUI,BBG008LT4475,BBG001S6B9J1,,
68,68,TICKER,SUI,41.0,BBG00DJD7D97,SUI,SUN COMMUNITIES INC,VF,Equity,REIT,REIT,SUI,BBG000BLJWF3,BBG001S7HRC0,,
68,68,TICKER,SUI,42.0,BBG00DVMXCR6,SUI,SUPERIOR MINING INTERNATIONA,DK,Equity,Common Stock,Common Stock,SUI,BBG000BWYFN0,BBG001S90Z72,,
68,68,TICKER,SUI,43.0,BBG00J75B6Q5,SUI,SUN INTERNATIONAL LTD,AJ,Equity,Common Stock,Common Stock,SUI,BBG000BYXWL2,BBG001SJRV61,,
68,68,TICKER,SUI,44.0,BBG00JN75BZ9,SUI,SUN INTERNATIONAL LTD,XX,Equity,Common Stock,Common Stock,SUI,BBG000DH3JQ4,BBG001SJRV61,,
68,68,TICKER,SUI,45.0,BBG00L56W7L0,SUI,SUN INTERNATIONAL LTD,EU,Equity,Common Stock,Common Stock,SUI,BBG00L56W7K1,BBG001SJRV61,,
68,68,TICKER,SUI,46.0,BBG00LN9CWW9,SUI,SUPERIOR MINING INTERNATIONA,QG,Equity,Common Stock,Common Stock,SUI,BBG000BWYFN0,BBG001S90Z72,,
68,68,TICKER,SUI,47.0,BBG00QFY0162,SUI,SUN INTERNATIONAL LTD,X1,Equity,Common Stock,Common Stock,,BBG000DH3JQ4,BBG001SJRV61,,
68,68,TICKER,SUI,48.0,BBG00X1LKX59,SUI,SUN COMMUNITIES INC,VG,Equity,REIT,REIT,SUI,BBG000BLJWF3,BBG001S7HRC0,,
68,68,TICKER,SUI,49.0,BBG00X1Q0640,SUI,SUN COMMUNITIES INC,VP,Equity,REIT,REIT,SUI,BBG000BLJWF3,BBG001S7HRC0,,
68,68,TICKER,SUI,50.0,BBG018H7M5L8,SUI,SEKISUI CHEMICAL CO LTD,LA,Equity,Common Stock,Common Stock,SUI,BBG000BYYK55,BBG001S6B9J1,,
68,68,TICKER,SUI,51.0,BBG018J18811,SUI,SEKISUI CHEMICAL CO LTD,LU,Equity,Common Stock,Common Stock,SUI,BBG000BYYK55,BBG001S6B9J1,,
68,68,TICKER,SUI,52.0,BBG019LPBNC4,SUI,SUPERIOR MINING INTERNATIONA,BF,Equity,Common Stock,Common Stock,SUI,BBG000BWYFN0,BBG001S90Z72,,
68,68,TICKER,SUI,53.0,BBG01J14JN51,SUI,SUPERIOR MINING INTERNATIONA,HD,Equity,Common Stock,Common Stock,SUI,BBG000BWYFN0,BBG001S90Z72,,
68,68,TICKER,SUI,54.0,BBG01J157Y48,SUI,SUPERIOR MINING INTERNATIONA,HX,Equity,Common Stock,Common Stock,SUI,BBG000BWYFN0,BBG001S90Z72,,
68,68,TICKER,SUI,55.0,BBG01KRPWJ93,SUI,SEKISUI CHEMICAL CO LTD,GZ,Equity,Common Stock,Common Stock,SUI,BBG01KRPWJ84,BBG001S6B9J1,,
68,68,TICKER,SUI,56.0,BBG01WDD9531,SUI,SEKISUI CHEMICAL CO LTD,TH,Equity,Common Stock,Common Stock,SUI,BBG01WDD9522,BBG001S6B9J1,,
68,68,TICKER,SUI,57.0,BBG01X4JNJ67,SUI,SUN COMMUNITIES INC,OD,Equity,REIT,REIT,SUI,BBG000BLJWF3,BBG001S7HRC0,,
68,68,TICKER,SUI,58.0,BBG021C26JJ9,SUI,SUN COMMUNITIES INC,VT,Equity,REIT,REIT,SUI,BBG000BLJWF3,BBG001S7HRC0,,
68,68,TICKER,SUI,59.0,BBG024Y61H27,SUI,SUN COMMUNITIES INC,ER,Equity,REIT,REIT,SUI,BBG024Y61H18,BBG001S7HRC0,,
68,68,TICKER,SUI,60.0,KKG00000FW92,SUI,SuiNetwork,,Curncy,Crypto,CRYPTO,,,,,
69,69,TICKER,4519,0.0,BBG000BJVLC1,4519,CHUGAI PHARMACEUTICAL CO LTD,JP,Equity,Common Stock,Common Stock,4519,BBG000BJVLC1,BBG001S6CF60,,
69,69,TICKER,4519,1.0,BBG000BJVM02,4519,CHUGAI PHARMACEUTICAL CO LTD,JT,Equity,Common Stock,Common Stock,4519,BBG000BJVLC1,BBG001S6CF60,,
69,69,TICKER,4519,2.0,BBG000BJVSF3,4519,CHUGAI PHARMACEUTICAL CO LTD,JJ,Equity,Common Stock,Common Stock,4519,BBG000BJVLC1,BBG001S6CF60,,
69,69,TICKER,4519,3.0,BBG000BJVT43,4519,CHUGAI PHARMACEUTICAL CO LTD,JE,Equity,Common Stock,Common Stock,4519,BBG000BJVLC1,BBG001S6CF60,,
69,69,TICKER,4519,4.0,BBG002QK6QG1,4519,CHUGAI PHARMACEUTICAL CO LTD,JU,Equity,Common Stock,Common Stock,4519,BBG000BJVLC1,BBG001S6CF60,,
69,69,TICKER,4519,5.0,BBG00875C303,4519,CHUGAI PHARMACEUTICAL CO LTD,JW,Equity,Common Stock,Common Stock,4519,BBG000BJVLC1,BBG001S6CF60,,
69,69,TICKER,4519,6.0,BBG0193R5BN1,4519,CHUGAI PHARMACEUTICAL CO LTD,JV,Equity,Common Stock,Common Stock,4519,BBG000BJVLC1,BBG001S6CF60,,
69,69,TICKER,4519,7.0,BBG0250C2BM8,4519,CHUGAI PHARMACEUTICAL CO LTD,ER,Equity,Common Stock,Common Stock,4519,BBG0250C2BL9,BBG001S6CF60,,
70,70,TICKER,SCA B,,,,,,,,,,,,No identifier found.,
71,71,TICKER,1044,0.0,BBG000CJXNB5,1044,HENGAN INTL GROUP CO LTD,HK,Equity,Common Stock,Common Stock,1044,BBG000CJXML6,BBG001SC7CN1,,
71,71,TICKER,1044,1.0,BBG006Z3JR74,1044,HENGAN INTL GROUP CO LTD,H1,Equity,Common Stock,Common Stock,1044,BBG006Z3JR65,BBG001SC7CN1,,
71,71,TICKER,1044,2.0,BBG00F135850,1044,HENGAN INTL GROUP CO LTD,H2,Equity,Common Stock,Common Stock,1044,BBG00F135841,BBG001SC7CN1,,
71,71,TICKER,1044,3.0,BBG024YQYS05,1044,HENGAN INTL GROUP CO LTD,ER,Equity,Common Stock,Common Stock,1044,BBG024YQYRZ9,BBG001SC7CN1,,
72,72,TICKER,603806,0.0,BBG001S0LH96,603806,HANGZHOU FIRST APPLIED MAT-A,CH,Equity,Common Stock,Common Stock,603806,BBG001S0LH96,BBG001V33FK7,,
72,72,TICKER,603806,1.0,BBG002WTLVW9,603806,HANGZHOU FIRST APPLIED MAT-A,CG,Equity,Common Stock,Common Stock,603806,BBG001S0LH96,BBG001V33FK7,,
72,72,TICKER,603806,2.0,BBG00D1Z9GG0,603806,HANGZHOU FIRST APPLIED MAT-A,C1,Equity,Common Stock,Common Stock,603806,BBG00D1Z9GF1,BBG001V33FK7,,
73,73,TICKER,4507,0.0,BBG000BJQ7X5,4507,SHIONOGI & CO LTD,JP,Equity,Common Stock,Common Stock,4507,BBG000BJQ7X5,BBG001S6CCT2,,
73,73,TICKER,4507,1.0,BBG000BJQ872,4507,SHIONOGI & CO LTD,JT,Equity,Common Stock,Common Stock,4507,BBG000BJQ7X5,BBG001S6CCT2,,
73,73,TICKER,4507,2.0,BBG000BJQF30,4507,SHIONOGI & CO LTD,JJ,Equity,Common Stock,Common Stock,4507,BBG000BJQ7X5,BBG001S6CCT2,,
73,73,TICKER,4507,3.0,BBG000BJQGH3,4507,SHIONOGI & CO LTD,JE,Equity,Common Stock,Common Stock,4507,BBG000BJQ7X5,BBG001S6CCT2,,
73,73,TICKER,4507,4.0,BBG002QK6PD6,4507,SHIONOGI & CO LTD,JU,Equity,Common Stock,Common Stock,4507,BBG000BJQ7X5,BBG001S6CCT2,,
73,73,TICKER,4507,5.0,BBG00875C1Y0,4507,SHIONOGI & CO LTD,JW,Equity,Common Stock,Common Stock,4507,BBG000BJQ7X5,BBG001S6CCT2,,
73,73,TICKER,4507,6.0,BBG0193R59L8,4507,SHIONOGI & CO LTD,JV,Equity,Common Stock,Common Stock,4507,BBG000BJQ7X5,BBG001S6CCT2,,
73,73,TICKER,4507,7.0,BBG0250DZ847,4507,SHIONOGI & CO LTD,ER,Equity,Common Stock,Common Stock,4507,BBG0250DZ829,BBG001S6CCT2,,
74,74,TICKER,KIMBERA,0.0,BBG000BQCDN2,KIMBERA,KIMBERLY-CLARK DE MEXICO-A,MM,Equity,Common Stock,Common Stock,KIMBERA,BBG000BQCDN2,BBG001SCCKH4,,
74,74,TICKER,KIMBERA,1.0,BBG000BQCFF6,KIMBERA,KIMBERLY-CLARK DE MEXICO-A,MF,Equity,Common Stock,Common Stock,KIMBERA,BBG000BQCDN2,BBG001SCCKH4,,
74,74,TICKER,KIMBERA,2.0,BBG00JX0NV70,KIMBERA,KIMBERLY-CLARK DE MEXICO-A,MU,Equity,Common Stock,Common Stock,KIMBERA,BBG000BQCDN2,BBG001SCCKH4,,
74,74,TICKER,KIMBERA,3.0,BBG024Y348X7,KIMBERA,KIMBERLY-CLARK DE MEXICO-A,ER,Equity,Common Stock,Common Stock,KIMBERA,BBG024Y348W8,BBG001SCCKH4,,
75,75,TICKER,HINDUNILVR,,,,,,,,,,,,No identifier found.,
76,76,TICKER,CICT,0.0,BBG000HR2RM5,CICT,CAPITALAND INTEGRATED COMMER,SP,Equity,REIT,REIT,CICT,BBG000HR2RC6,BBG001SFLVP4,,
77,77,TICKER,001979,0.0,BBG000QKV4L0,001979,CHINA MERCHANTS SHEKOU IND-A,CH,Equity,Common Stock,Common Stock,001979,BBG000QKV4L0,BBG001SS9C45,,
77,77,TICKER,001979,1.0,BBG00BS2FZ24,001979,CHINA MERCHANTS SHEKOU IND-A,CS,Equity,Common Stock,Common Stock,001979,BBG000QKV4L0,BBG001SS9C45,,
77,77,TICKER,001979,2.0,BBG00DY66236,001979,CHINA MERCHANTS SHEKOU IND-A,C2,Equity,Common Stock,Common Stock,001979,BBG00DY66227,BBG001SS9C45,,
78,78,TICKER,1585,0.0,BBG0057TL8Z8,1585,IFREE ETF TOPIX EX-FINANCIAL,JP,Equity,ETP,Mutual Fund,1585,BBG0057TL8Z8,BBG0057TL904,,
78,78,TICKER,1585,1.0,BBG0057TL913,1585,IFREE ETF TOPIX EX-FINANCIAL,JT,Equity,ETP,Mutual Fund,1585,BBG0057TL8Z8,BBG0057TL904,,
78,78,TICKER,1585,2.0,BBG0057TL9B2,1585,IFREE ETF TOPIX EX-FINANCIAL,JJ,Equity,ETP,Mutual Fund,1585,BBG0057TL8Z8,BBG0057TL904,,
78,78,TICKER,1585,3.0,BBG0057TL9F8,1585,IFREE ETF TOPIX EX-FINANCIAL,JE,Equity,ETP,Mutual Fund,1585,BBG0057TL8Z8,BBG0057TL904,,
78,78,TICKER,1585,4.0,BBG0057TL9H6,1585,IFREE ETF TOPIX EX-FINANCIAL,JU,Equity,ETP,Mutual Fund,1585,BBG0057TL8Z8,BBG0057TL904,,
78,78,TICKER,1585,5.0,BBG00875LGH6,1585,IFREE ETF TOPIX EX-FINANCIAL,JW,Equity,ETP,Mutual Fund,1585,BBG0057TL8Z8,BBG0057TL904,,
78,78,TICKER,1585,6.0,BBG00CW0KK19,1585,YADEA GROUP HOLDINGS LTD,HK,Equity,Common Stock,Common Stock,1585,BBG00CW0KJZ5,BBG00CW0KK00,,
78,78,TICKER,1585,7.0,BBG00HMKDLF6,1585,YADEA GROUP HOLDINGS LTD,H2,Equity,Common Stock,Common Stock,1585,BBG00HMKDLD8,BBG00CW0KK00,,
78,78,TICKER,1585,8.0,BBG00KDRZR58,1585,DAIWA ETF TOPIX EX-FINANCIAL,T2,Equity,ETP,Mutual Fund,1585,BBG00KDRZR49,BBG0057TL904,,
78,78,TICKER,1585,9.0,BBG00NR9NHD3,1585,DAIWA ETF TOPIX EX-FINANCIAL,WT,Equity,ETP,Mutual Fund,1585,BBG00NR9NHC4,BBG0057TL904,,
78,78,TICKER,1585,10.0,BBG00ZN4MRN9,1585,YADEA GROUP HOLDINGS LTD,H1,Equity,Common Stock,Common Stock,1585,BBG00ZN4MRM0,BBG00CW0KK00,,
78,78,TICKER,1585,11.0,BBG0193RCYJ8,1585,IFREE ETF TOPIX EX-FINANCIAL,JV,Equity,ETP,Mutual Fund,1585,BBG0057TL8Z8,BBG0057TL904,,
78,78,TICKER,1585,12.0,BBG024Y8DZT1,1585,YADEA GROUP HOLDINGS LTD,ER,Equity,Common Stock,Common Stock,1585,BBG024Y8DZS2,BBG00CW0KK00,,
79,79,TICKER,SGRO,0.0,BBG000BF1HY7,SGRO,SEGRO PLC,LN,Equity,REIT,REIT,SGRO,BBG000BF1H40,BBG001S639R1,,
79,79,TICKER,SGRO,1.0,BBG000CLVKZ2,SGRO,PRIME AGRI RESOURCES TBK PT,IJ,Equity,Common Stock,Common Stock,SGRO,BBG000CLVK73,BBG001SM1NN1,,
79,79,TICKER,SGRO,2.0,BBG000CTZR68,SGRO,SIERRA GRANDE MINERALS INC,CN,Equity,Common Stock,Common Stock,SGRO,BBG000CTZR68,BBG001SGP7Z0,,
79,79,TICKER,SGRO,3.0,BBG000CV0WH8,SGRO,SIERRA GRANDE MINERALS INC,CF,Equity,Common Stock,Common Stock,SGRO,BBG000CTZR68,BBG001SGP7Z0,,
79,79,TICKER,SGRO,4.0,BBG000CV0ZX3,SGRO,SIERRA GRANDE MINERALS INC,TG,Equity,Common Stock,Common Stock,SGRO,BBG000CTZR68,BBG001SGP7Z0,,
79,79,TICKER,SGRO,5.0,BBG000HB9Q09,SGRO,SEGRO PLC,EU,Equity,REIT,REIT,SGRO,BBG000HB9PP4,BBG001S639R1,,
79,79,TICKER,SGRO,6.0,BBG000J3L3K0,SGRO,SEGRO PLC,EO,Equity,REIT,REIT,SGRO,BBG000J3L3K0,BBG001S639R1,,
79,79,TICKER,SGRO,7.0,BBG000J3L6X9,SGRO,SEGRO PLC,XH,Equity,REIT,REIT,SGRO,BBG000J3L3K0,BBG001S639R1,,
79,79,TICKER,SGRO,8.0,BBG000J3L883,SGRO,SEGRO PLC,XF,Equity,REIT,REIT,SGRO,BBG000J3L3K0,BBG001S639R1,,
79,79,TICKER,SGRO,9.0,BBG000J3MBF7,SGRO,SEGRO PLC,XE,Equity,REIT,REIT,SGRO,BBG000J3L3K0,BBG001S639R1,,
79,79,TICKER,SGRO,10.0,BBG000J3MCL8,SGRO,SEGRO PLC,XJ,Equity,REIT,REIT,SGRO,BBG000J3L3K0,BBG001S639R1,,
79,79,TICKER,SGRO,11.0,BBG000J3MCZ3,SGRO,SEGRO PLC,XL,Equity,REIT,REIT,SGRO,BBG000J3L3K0,BBG001S639R1,,
79,79,TICKER,SGRO,12.0,BBG000J3MDX3,SGRO,SEGRO PLC,XG,Equity,REIT,REIT,SGRO,BBG000J3L3K0,BBG001S639R1,,
79,79,TICKER,SGRO,13.0,BBG000J3MFR5,SGRO,SEGRO PLC,XO,Equity,REIT,REIT,SGRO,BBG000J3L3K0,BBG001S639R1,,
79,79,TICKER,SGRO,14.0,BBG000J3MHX4,SGRO,SEGRO PLC,XS,Equity,REIT,REIT,SGRO,BBG000J3L3K0,BBG001S639R1,,
79,79,TICKER,SGRO,15.0,BBG000J3MJG9,SGRO,SEGRO PLC,XA,Equity,REIT,REIT,SGRO,BBG000J3L3K0,BBG001S639R1,,
79,79,TICKER,SGRO,16.0,BBG000J3MKF7,SGRO,SEGRO PLC,E1,Equity,REIT,REIT,SGRO,BBG000J3L3K0,BBG001S639R1,,
79,79,TICKER,SGRO,17.0,BBG001QLG031,SGRO,SIERRA GRANDE MINERALS INC,TW,Equity,Common Stock,Common Stock,SGRO,BBG000CTZR68,BBG001SGP7Z0,,
79,79,TICKER,SGRO,18.0,BBG002G575X1,SGRO,SEGRO PLC,XU,Equity,REIT,REIT,SGRO,BBG000J3L3K0,BBG001S639R1,,
79,79,TICKER,SGRO,19.0,BBG002K2S631,SGRO,SEGRO PLC,FP,Equity,REIT,REIT,SGRO,BBG000G4LW45,BBG001S639R1,,
79,79,TICKER,SGRO,20.0,BBG00591Q542,SGRO,SEGRO PLC,XV,Equity,REIT,REIT,SGRO,BBG000J3L3K0,BBG001S639R1,,
79,79,TICKER,SGRO,21.0,BBG005XRGCY1,SGRO,SIERRA GRANDE MINERALS INC,DG,Equity,Common Stock,Common Stock,SGRO,BBG000CTZR68,BBG001SGP7Z0,,
79,79,TICKER,SGRO,22.0,BBG0086KBFB3,SGRO,SIERRA GRANDE MINERALS INC,QF,Equity,Common Stock,Common Stock,SGRO,BBG000CTZR68,BBG001SGP7Z0,,
79,79,TICKER,SGRO,23.0,BBG0086KBFC2,SGRO,SIERRA GRANDE MINERALS INC,QH,Equity,Common Stock,Common Stock,SGRO,BBG000CTZR68,BBG001SGP7Z0,,
79,79,TICKER,SGRO,24.0,BBG00G8YFDY9,SGRO,SIERRA GRANDE MINERALS INC,TO,Equity,Common Stock,Common Stock,SGRO,BBG000CTZR68,BBG001SGP7Z0,,
79,79,TICKER,SGRO,25.0,BBG00JN7MT36,SGRO,SEGRO PLC,XX,Equity,REIT,REIT,SGRO,BBG000J3L3K0,BBG001S639R1,,
79,79,TICKER,SGRO,26.0,BBG00K7X0987,SGRO,SIERRA GRANDE MINERALS INC,DL,Equity,Common Stock,Common Stock,SGRO,BBG000CTZR68,BBG001SGP7Z0,,
79,79,TICKER,SGRO,27.0,BBG00K7XFJX1,SGRO,SIERRA GRANDE MINERALS INC,DM,Equity,Common Stock,Common Stock,SGRO,BBG000CTZR68,BBG001SGP7Z0,,
79,79,TICKER,SGRO,28.0,BBG00K7XVSG2,SGRO,SIERRA GRANDE MINERALS INC,DN,Equity,Common Stock,Common Stock,SGRO,BBG000CTZR68,BBG001SGP7Z0,,
79,79,TICKER,SGRO,29.0,BBG00LN9GVX6,SGRO,SIERRA GRANDE MINERALS INC,QG,Equity,Common Stock,Common Stock,SGRO,BBG000CTZR68,BBG001SGP7Z0,,
79,79,TICKER,SGRO,30.0,BBG00PPZ7TM4,SGRO,SEGRO PLC,EP,Equity,REIT,REIT,SGRO,BBG00PPZ7TL5,BBG001S639R1,,
79,79,TICKER,SGRO,31.0,BBG00PPZ7TP1,SGRO,SEGRO PLC,EZ,Equity,REIT,REIT,SGRO,BBG00PPZ7TN3,BBG001S639R1,,
79,79,TICKER,SGRO,32.0,BBG00YJ7W3K5,SGRO,SEGRO PLC,X9,Equity,REIT,REIT,SGRO,BBG00YJ7W3J7,BBG001S639R1,,
79,79,TICKER,SGRO,33.0,BBG019LPFMG8,SGRO,SIERRA GRANDE MINERALS INC,BF,Equity,Common Stock,Common Stock,SGRO,BBG000CTZR68,BBG001SGP7Z0,,
79,79,TICKER,SGRO,34.0,BBG024YLB9Z5,SGRO,SIERRA GRANDE MINERALS INC,ER,Equity,Common Stock,Common Stock,SGRO,BBG024YLB9Y6,BBG001SGP7Z0,,
80,80,TICKER,VER,0.0,BBG000BFGPZ2,VER,VERBUND AG,AV,Equity,Common Stock,Common Stock,VER,BBG000BFGNH7,BBG001S6PP55,,
80,80,TICKER,VER,1.0,BBG000J22724,VER,VERBUND AG,EO,Equity,Common Stock,Common Stock,VER,BBG000J22724,BBG001S6PP55,,
80,80,TICKER,VER,2.0,BBG000J23BS6,VER,VERBUND AG,XH,Equity,Common Stock,Common Stock,VER,BBG000J22724,BBG001S6PP55,,
80,80,TICKER,VER,3.0,BBG000J23CB2,VER,VERBUND AG,XC,Equity,Common Stock,Common Stock,VER,BBG000J22724,BBG001S6PP55,,
80,80,TICKER,VER,4.0,BBG000J23CS4,VER,VERBUND AG,XF,Equity,Common Stock,Common Stock,VER,BBG000J22724,BBG001S6PP55,,
80,80,TICKER,VER,5.0,BBG000J23DB0,VER,VERBUND AG,XE,Equity,Common Stock,Common Stock,VER,BBG000J22724,BBG001S6PP55,,
80,80,TICKER,VER,6.0,BBG000J23FJ7,VER,VERBUND AG,XJ,Equity,Common Stock,Common Stock,VER,BBG000J22724,BBG001S6PP55,,
80,80,TICKER,VER,7.0,BBG000J23GJ5,VER,VERBUND AG,XL,Equity,Common Stock,Common Stock,VER,BBG000J22724,BBG001S6PP55,,
80,80,TICKER,VER,8.0,BBG000J23HF7,VER,VERBUND AG,XG,Equity,Common Stock,Common Stock,VER,BBG000J22724,BBG001S6PP55,,
80,80,TICKER,VER,9.0,BBG000J23HY6,VER,VERBUND AG,XO,Equity,Common Stock,Common Stock,VER,BBG000J22724,BBG001S6PP55,,
80,80,TICKER,VER,10.0,BBG000J23LV0,VER,VERBUND AG,XS,Equity,Common Stock,Common Stock,VER,BBG000J22724,BBG001S6PP55,,
80,80,TICKER,VER,11.0,BBG000J23MG5,VER,VERBUND AG,XA,Equity,Common Stock,Common Stock,VER,BBG000J22724,BBG001S6PP55,,
80,80,TICKER,VER,12.0,BBG000J23MS2,VER,VERBUND AG,E1,Equity,Common Stock,Common Stock,VER,BBG000J22724,BBG001S6PP55,,
80,80,TICKER,VER,13.0,BBG000J23NB8,VER,VERBUND AG,XT,Equity,Common Stock,Common Stock,VER,BBG000J22724,BBG001S6PP55,,
80,80,TICKER,VER,14.0,BBG000J23PJ5,VER,VERBUND AG,XW,Equity,Common Stock,Common Stock,VER,BBG000J22724,BBG001S6PP55,,
80,80,TICKER,VER,15.0,BBG000J23R10,VER,VERBUND AG,EU,Equity,Common Stock,Common Stock,VER,BBG000J23Q76,BBG001S6PP55,,
80,80,TICKER,VER,16.0,BBG001J4J8Y3,VER,VEREIT INC,UN,Equity,REIT,REIT,VER,BBG001J4J8T9,BBG001V0GYQ2,,
80,80,TICKER,VER,17.0,BBG001K1GL35,VER,MPL VERBUM SA,PW,Equity,Common Stock,Common Stock,VER,BBG001K1GL26,BBG001V0K4J1,,
80,80,TICKER,VER,18.0,BBG00591H837,VER,VERBUND AG,XV,Equity,Common Stock,Common Stock,VER,BBG000J22724,BBG001S6PP55,,
80,80,TICKER,VER,19.0,BBG00JN7DX19,VER,VERBUND AG,XX,Equity,Common Stock,Common Stock,VER,BBG000J22724,BBG001S6PP55,,
80,80,TICKER,VER,20.0,BBG00L4CVCX5,VER,VERBUND AG,CP,Equity,Common Stock,Common Stock,VER,BBG00L4CVCX5,BBG001S6PP55,,
80,80,TICKER,VER,21.0,BBG00L4CVCY4,VER,VERBUND AG,CK,Equity,Common Stock,Common Stock,VER,BBG00L4CVCX5,BBG001S6PP55,,
80,80,TICKER,VER,22.0,BBG00PPXXXY8,VER,VERBUND AG,EP,Equity,Common Stock,Common Stock,VER,BBG00PPXXXX9,BBG001S6PP55,,
80,80,TICKER,VER,23.0,BBG00PPXXY03,VER,VERBUND AG,EZ,Equity,Common Stock,Common Stock,VER,BBG00PPXXXZ7,BBG001S6PP55,,
80,80,TICKER,VER,24.0,BBG00QFY7LW2,VER,VERBUND AG,X1,Equity,Common Stock,Common Stock,,BBG000J22724,BBG001S6PP55,,
80,80,TICKER,VER,25.0,BBG00XRGYP36,VER,VERVE GROUP MEDIA SE,SF,Equity,Common Stock,Common Stock,VER,BBG00XRGYNZ6,BBG001XSCMP0,,
80,80,TICKER,VER,26.0,BBG00YL2R3J1,VER,VERBUND AG,X9,Equity,Common Stock,Common Stock,VER,BBG00YL2R3H3,BBG001S6PP55,,
80,80,TICKER,VER,27.0,BBG024Y1GC50,VER,VERBUND AG,ER,Equity,Common Stock,Common Stock,VER,BBG024Y1GC41,BBG001S6PP55,,
81,81,TICKER,CLAR,0.0,BBG000C6QPN3,CLAR,CLARUS CORP,US,Equity,Common Stock,Common Stock,CLAR,BBG000C6QPN3,BBG001SBNNC3,,
81,81,TICKER,CLAR,1.0,BBG000C6QQ24,CLAR,CLARUS CORP,UA,Equity,Common Stock,Common Stock,CLAR,BBG000C6QPN3,BBG001SBNNC3,,
81,81,TICKER,CLAR,2.0,BBG000C6QQ97,CLAR,CLARUS CORP,UC,Equity,Common Stock,Common Stock,CLAR,BBG000C6QPN3,BBG001SBNNC3,,
81,81,TICKER,CLAR,3.0,BBG000C6QRF8,CLAR,CLARUS CORP,UN,Equity,Common Stock,Common Stock,CLAR,BBG000C6QPN3,BBG001SBNNC3,,
81,81,TICKER,CLAR,4.0,BBG000C6QRS4,CLAR,CLARUS CORP,UP,Equity,Common Stock,Common Stock,CLAR,BBG000C6QPN3,BBG001SBNNC3,,
81,81,TICKER,CLAR,5.0,BBG000C6QSZ4,CLAR,CLARUS CORP,UB,Equity,Common Stock,Common Stock,CLAR,BBG000C6QPN3,BBG001SBNNC3,,
81,81,TICKER,CLAR,6.0,BBG000C6QVC2,CLAR,CLARUS CORP,UM,Equity,Common Stock,Common Stock,CLAR,BBG000C6QPN3,BBG001SBNNC3,,
81,81,TICKER,CLAR,7.0,BBG000C6QVZ7,CLAR,CLARUS CORP,UX,Equity,Common Stock,Common Stock,CLAR,BBG000C6QPN3,BBG001SBNNC3,,
81,81,TICKER,CLAR,8.0,BBG000C6QYX3,CLAR,CLARUS CORP,UD,Equity,Common Stock,Common Stock,CLAR,BBG000C6QPN3,BBG001SBNNC3,,
81,81,TICKER,CLAR,9.0,BBG000C6R0T1,CLAR,CLARUS CORP,UW,Equity,Common Stock,Common Stock,CLAR,BBG000C6QPN3,BBG001SBNNC3,,
81,81,TICKER,CLAR,10.0,BBG000C6R128,CLAR,CLARUS CORP,UF,Equity,Common Stock,Common Stock,CLAR,BBG000C6QPN3,BBG001SBNNC3,,
81,81,TICKER,CLAR,11.0,BBG000C6R1X4,CLAR,CLARUS CORP,VY,Equity,Common Stock,Common Stock,CLAR,BBG000C6QPN3,BBG001SBNNC3,,
81,81,TICKER,CLAR,12.0,BBG000C6R2H0,CLAR,CLARUS CORP,VJ,Equity,Common Stock,Common Stock,CLAR,BBG000C6QPN3,BBG001SBNNC3,,
81,81,TICKER,CLAR,13.0,BBG000C6S467,CLAR,CLARUS CORP,VK,Equity,Common Stock,Common Stock,CLAR,BBG000C6QPN3,BBG001SBNNC3,,
81,81,TICKER,CLAR,14.0,BBG000PFLWB2,CLAR,CAPITALAND ASCENDAS REIT,SP,Equity,REIT,REIT,CLAR,BBG000PFLVY9,BBG001SK0ZT3,,
81,81,TICKER,CLAR,15.0,BBG0013W8DS6,CLAR,CLARIANT (TAIWAN) CO LTD,,M-Mkt,TAIWAN CP,CP,CLAR TWCP,,,,
81,81,TICKER,CLAR,16.0,BBG0029H4K45,CLAR,CLARITATE SA,MB,Equity,Common Stock,Common Stock,CLAR,BBG0029H4K36,BBG0029H4K54,,
81,81,TICKER,CLAR,17.0,BBG00DJDS8H6,CLAR,CLARUS CORP,VF,Equity,Common Stock,Common Stock,CLAR,BBG000C6QPN3,BBG001SBNNC3,,
81,81,TICKER,CLAR,18.0,BBG00THDZTS7,CLAR,CLARUS CORP,VL,Equity,Common Stock,Common Stock,CLAR,BBG000C6QPN3,BBG001SBNNC3,,
81,81,TICKER,CLAR,19.0,BBG00X1M3MR6,CLAR,CLARUS CORP,VG,Equity,Common Stock,Common Stock,CLAR,BBG000C6QPN3,BBG001SBNNC3,,
81,81,TICKER,CLAR,20.0,BBG00X1QJXL2,CLAR,CLARUS CORP,VP,Equity,Common Stock,Common Stock,CLAR,BBG000C6QPN3,BBG001SBNNC3,,
81,81,TICKER,CLAR,21.0,BBG01V7WX880,CLAR,CLARUS CORP,OC,Equity,Common Stock,Common Stock,CLAR,BBG000C6QPN3,BBG001SBNNC3,,
81,81,TICKER,CLAR,22.0,BBG01X4K67Q7,CLAR,CLARUS CORP,OD,Equity,Common Stock,Common Stock,CLAR,BBG000C6QPN3,BBG001SBNNC3,,
81,81,TICKER,CLAR,23.0,BBG021C0PB81,CLAR,CLARUS CORP,VT,Equity,Common Stock,Common Stock,CLAR,BBG000C6QPN3,BBG001SBNNC3,,
81,81,TICKER,CLAR,24.0,BBG0250BQ4V0,CLAR,CLARUS CORP,ER,Equity,Common Stock,Common Stock,CLAR,BBG0250BQ4S4,BBG001SBNNC3,,
82,82,TICKER,EDPR,0.0,BBG000PRGX02,EDPR,EDP RENEWABLES SA,PL,Equity,Common Stock,Common Stock,EDPR,BBG000PRGVZ8,BBG001SM5LL3,,
82,82,TICKER,EDPR,1.0,BBG000RC8ND0,EDPR,EDP RENOVAVEIS SA,EO,Equity,Common Stock,Common Stock,EDPR,BBG000RC8ND0,BBG001SM5LL3,,
82,82,TICKER,EDPR,2.0,BBG000RC8PL6,EDPR,EDP RENEWABLES SA,XC,Equity,Common Stock,Common Stock,EDPR,BBG000RC8ND0,BBG001SM5LL3,,
82,82,TICKER,EDPR,3.0,BBG000RC8Q43,EDPR,EDP RENOVAVEIS SA,XE,Equity,Common Stock,Common Stock,EDPR,BBG000RC8ND0,BBG001SM5LL3,,
82,82,TICKER,EDPR,4.0,BBG000RC8QK5,EDPR,EDP RENEWABLES SA,XL,Equity,Common Stock,Common Stock,EDPR,BBG000RC8ND0,BBG001SM5LL3,,
82,82,TICKER,EDPR,5.0,BBG000RC8S30,EDPR,EDP RENOVAVEIS SA,XS,Equity,Common Stock,Common Stock,EDPR,BBG000RC8ND0,BBG001SM5LL3,,
82,82,TICKER,EDPR,6.0,BBG000RC8V79,EDPR,EDP RENEWABLES SA,XA,Equity,Common Stock,Common Stock,EDPR,BBG000RC8ND0,BBG001SM5LL3,,
82,82,TICKER,EDPR,7.0,BBG000RC8VC3,EDPR,EDP RENOVAVEIS SA,E1,Equity,Common Stock,Common Stock,EDPR,BBG000RC8ND0,BBG001SM5LL3,,
82,82,TICKER,EDPR,8.0,BBG000RC8WF8,EDPR,EDP RENEWABLES SA,XW,Equity,Common Stock,Common Stock,EDPR,BBG000RC8ND0,BBG001SM5LL3,,
82,82,TICKER,EDPR,9.0,BBG000RC8Y82,EDPR,EDP RENEWABLES SA,EU,Equity,Common Stock,Common Stock,EDPR,BBG000RC8Y19,BBG001SM5LL3,,
82,82,TICKER,EDPR,10.0,BBG00591BVB3,EDPR,EDP RENEWABLES SA,XV,Equity,Common Stock,Common Stock,EDPR,BBG000RC8ND0,BBG001SM5LL3,,
82,82,TICKER,EDPR,11.0,BBG00JN78H65,EDPR,EDP RENOVAVEIS SA,XX,Equity,Common Stock,Common Stock,EDPR,BBG000RC8ND0,BBG001SM5LL3,,
82,82,TICKER,EDPR,12.0,BBG00PPZX672,EDPR,EDP RENEWABLES SA,EP,Equity,Common Stock,Common Stock,EDPR,BBG00PPZX663,BBG001SM5LL3,,
82,82,TICKER,EDPR,13.0,BBG00PPZX690,EDPR,EDP RENEWABLES SA,EZ,Equity,Common Stock,Common Stock,EDPR,BBG00PPZX681,BBG001SM5LL3,,
82,82,TICKER,EDPR,14.0,BBG00QFY35M2,EDPR,EDP RENOVAVEIS SA,X1,Equity,Common Stock,Common Stock,,BBG000RC8ND0,BBG001SM5LL3,,
82,82,TICKER,EDPR,15.0,BBG00YJ6ZKD4,EDPR,EDP RENOVAVEIS SA,X9,Equity,Common Stock,Common Stock,EDPR,BBG00YJ6ZKC5,BBG001SM5LL3,,
82,82,TICKER,EDPR,16.0,BBG024YGFR46,EDPR,EDP RENEWABLES SA,ER,Equity,Common Stock,Common Stock,EDPR,BBG024YGFR37,BBG001SM5LL3,,
83,83,TICKER,247540,0.0,BBG00D3DK603,247540,ECOPRO BM CO LTD,KS,Equity,Common Stock,Common Stock,247540,BBG00D3DK603,BBG00D3DK621,,
83,83,TICKER,247540,1.0,BBG00N36X2X5,247540,ECOPRO BM CO LTD,KQ,Equity,Common Stock,Common Stock,247540,BBG00D3DK603,BBG00D3DK621,,
83,83,TICKER,247540,2.0,BBG01VQPS7V6,247540,ECOPRO BM CO LTD,KT,Equity,Common Stock,Common Stock,247540,BBG00D3DK603,BBG00D3DK621,,
83,83,TICKER,247540,3.0,BBG0250B9MR4,247540,ECOPRO BM CO LTD,ER,Equity,Common Stock,Common Stock,247540,BBG0250B9MP6,BBG00D3DK621,,
84,84,TICKER,COV,0.0,BBG000BJ2HD1,COV,COVIVIO,FP,Equity,REIT,REIT,COV,BBG000BJ2H14,BBG001S6CVC8,,
84,84,TICKER,COV,1.0,BBG000GJGRS3,COV,TOXOTIS INVESTMENT PUBLIC,CY,Equity,Common Stock,Common Stock,COV,BBG000GJGR85,BBG001S8W1F5,,
84,84,TICKER,COV,2.0,BBG000HDJVN8,COV,COVALON TECHNOLOGIES LTD,CN,Equity,Common Stock,Common Stock,COV,BBG000HDJVN8,BBG001SHNX10,,
84,84,TICKER,COV,3.0,BBG000HDJXF3,COV,COVALON TECHNOLOGIES LTD,CV,Equity,Common Stock,Common Stock,COV,BBG000HDJVN8,BBG001SHNX10,,
84,84,TICKER,COV,4.0,BBG000HDK0D5,COV,COVALON TECHNOLOGIES LTD,CJ,Equity,Common Stock,Common Stock,COV,BBG000HDJVN8,BBG001SHNX10,,
84,84,TICKER,COV,5.0,BBG000HDL5V3,COV,COVALON TECHNOLOGIES LTD,TV,Equity,Common Stock,Common Stock,COV,BBG000HDJVN8,BBG001SHNX10,,
84,84,TICKER,COV,6.0,BBG000HDL776,COV,COVALON TECHNOLOGIES LTD,TN,Equity,Common Stock,Common Stock,COV,BBG000HDJVN8,BBG001SHNX10,,
84,84,TICKER,COV,7.0,BBG000HDL7W8,COV,COVALON TECHNOLOGIES LTD,TG,Equity,Common Stock,Common Stock,COV,BBG000HDJVN8,BBG001SHNX10,,
84,84,TICKER,COV,8.0,BBG000HDL8T0,COV,COVALON TECHNOLOGIES LTD,TK,Equity,Common Stock,Common Stock,COV,BBG000HDJVN8,BBG001SHNX10,,
84,84,TICKER,COV,9.0,BBG001QLG709,COV,COVALON TECHNOLOGIES LTD,TW,Equity,Common Stock,Common Stock,COV,BBG000HDJVN8,BBG001SHNX10,,
84,84,TICKER,COV,10.0,BBG003FWL7P0,COV,CONTEXTVISION AB,SF,Equity,Common Stock,Common Stock,COV,BBG003FWL7K5,BBG001S9RQY3,,
84,84,TICKER,COV,11.0,BBG003G859Q5,COV,COVALON TECHNOLOGIES LTD,DV,Equity,Common Stock,Common Stock,COV,BBG000HDJVN8,BBG001SHNX10,,
84,84,TICKER,COV,12.0,BBG004J9V4V4,COV,COVALON TECHNOLOGIES LTD,DS,Equity,Common Stock,Common Stock,COV,BBG000HDJVN8,BBG001SHNX10,,
84,84,TICKER,COV,13.0,BBG005XRGNV0,COV,COVALON TECHNOLOGIES LTD,DG,Equity,Common Stock,Common Stock,COV,BBG000HDJVN8,BBG001SHNX10,,
84,84,TICKER,COV,14.0,BBG0086KC2G6,COV,COVALON TECHNOLOGIES LTD,QF,Equity,Common Stock,Common Stock,COV,BBG000HDJVN8,BBG001SHNX10,,
84,84,TICKER,COV,15.0,BBG0086KC2H5,COV,COVALON TECHNOLOGIES LTD,QH,Equity,Common Stock,Common Stock,COV,BBG000HDJVN8,BBG001SHNX10,,
84,84,TICKER,COV,16.0,BBG00DVN0LZ1,COV,COVALON TECHNOLOGIES LTD,DK,Equity,Common Stock,Common Stock,COV,BBG000HDJVN8,BBG001SHNX10,,
84,84,TICKER,COV,17.0,BBG00LN9H4V7,COV,COVALON TECHNOLOGIES LTD,QG,Equity,Common Stock,Common Stock,COV,BBG000HDJVN8,BBG001SHNX10,,
84,84,TICKER,COV,18.0,BBG019LPFXF5,COV,COVALON TECHNOLOGIES LTD,BF,Equity,Common Stock,Common Stock,COV,BBG000HDJVN8,BBG001SHNX10,,
84,84,TICKER,COV,19.0,BBG01HBC36S5,COV,CLEO DIAGNOSTICS LTD,AU,Equity,Common Stock,Common Stock,COV,BBG01HBC36S5,BBG01HBC3703,,
84,84,TICKER,COV,20.0,BBG01HBC36T4,COV,CLEO DIAGNOSTICS LTD,AT,Equity,Common Stock,Common Stock,COV,BBG01HBC36S5,BBG01HBC3703,,
84,84,TICKER,COV,21.0,BBG01HBC36Y8,COV,CLEO DIAGNOSTICS LTD,AH,Equity,Common Stock,Common Stock,COV,BBG01HBC36S5,BBG01HBC3703,,
84,84,TICKER,COV,22.0,BBG01J14MX64,COV,COVALON TECHNOLOGIES LTD,HD,Equity,Common Stock,Common Stock,COV,BBG000HDJVN8,BBG001SHNX10,,
84,84,TICKER,COV,23.0,BBG01J15C652,COV,COVALON TECHNOLOGIES LTD,HX,Equity,Common Stock,Common Stock,COV,BBG000HDJVN8,BBG001SHNX10,,
84,84,TICKER,COV,24.0,BBG01RJPLZY5,COV,COVIVIO,SW,Equity,REIT,REIT,COV,BBG01RJPLZY5,BBG001S6CVC8,,
84,84,TICKER,COV,25.0,BBG01RJPM044,COV,COVIVIO,BW,Equity,REIT,REIT,COV,BBG01RJPLZY5,BBG001S6CVC8,,
84,84,TICKER,COV,26.0,BBG024YMDP67,COV,COVIVIO,ER,Equity,REIT,REIT,COV,BBG024YMDP58,BBG001S6CVC8,,
84,84,TICKER,COV,27.0,KKG0000005F0,COV,covesting,,Curncy,Crypto,CRYPTO,,,,,
85,85,TICKER,300274,0.0,BBG001V6JQH3,300274,SUNGROW POWER SUPPLY CO LT-A,CH,Equity,Common Stock,Common Stock,300274,BBG001V6JQH3,BBG001V6JQK9,,
85,85,TICKER,300274,1.0,BBG001Z3H0L0,300274,SUNGROW POWER SUPPLY CO LT-A,CS,Equity,Common Stock,Common Stock,300274,BBG001V6JQH3,BBG001V6JQK9,,
85,85,TICKER,300274,2.0,BBG00F13CY28,300274,SUNGROW POWER SUPPLY CO LT-A,C2,Equity,Common Stock,Common Stock,300274,BBG00F13CY19,BBG001V6JQK9,,
85,85,TICKER,300274,3.0,BBG024Y29JG9,300274,SUNGROW POWER SUPPLY CO LT-A,ER,Equity,Common Stock,Common Stock,300274,BBG024Y29JD2,BBG001V6JQK9,,
86,86,TICKER,ENLT,0.0,BBG000NQKK36,ENLT,ENLIGHT RENEWABLE ENERGY LTD,IT,Equity,Common Stock,Common Stock,ENLT,BBG000NQKJ84,BBG001SHX5W6,,
86,86,TICKER,ENLT,1.0,BBG00PYR86N0,ENLT,ENLIGHT RENEWABLE ENERGY LTD,US,Equity,Common Stock,Common Stock,ENLT,BBG00PYR86N0,BBG001SHX5W6,,
86,86,TICKER,ENLT,2.0,BBG00PYR86P8,ENLT,ENLIGHT RENEWABLE ENERGY LTD,UA,Equity,Common Stock,Common Stock,ENLT,BBG00PYR86N0,BBG001SHX5W6,,
86,86,TICKER,ENLT,3.0,BBG00PYR86Q7,ENLT,ENLIGHT RENEWABLE ENERGY LTD,UC,Equity,Common Stock,Common Stock,ENLT,BBG00PYR86N0,BBG001SHX5W6,,
86,86,TICKER,ENLT,4.0,BBG00PYR86S5,ENLT,ENLIGHT RENEWABLE ENERGY LTD,UN,Equity,Common Stock,Common Stock,ENLT,BBG00PYR86N0,BBG001SHX5W6,,
86,86,TICKER,ENLT,5.0,BBG00PYR86T4,ENLT,ENLIGHT RENEWABLE ENERGY LTD,UP,Equity,Common Stock,Common Stock,ENLT,BBG00PYR86N0,BBG001SHX5W6,,
86,86,TICKER,ENLT,6.0,BBG00PYR86W0,ENLT,ENLIGHT RENEWABLE ENERGY LTD,UB,Equity,Common Stock,Common Stock,ENLT,BBG00PYR86N0,BBG001SHX5W6,,
86,86,TICKER,ENLT,7.0,BBG00PYR86Y8,ENLT,ENLIGHT RENEWABLE ENERGY LTD,UM,Equity,Common Stock,Common Stock,ENLT,BBG00PYR86N0,BBG001SHX5W6,,
86,86,TICKER,ENLT,8.0,BBG00PYR86Z7,ENLT,ENLIGHT RENEWABLE ENERGY LTD,UX,Equity,Common Stock,Common Stock,ENLT,BBG00PYR86N0,BBG001SHX5W6,,
86,86,TICKER,ENLT,9.0,BBG00PYR8758,ENLT,ENLIGHT RENEWABLE ENERGY LTD,UD,Equity,Common Stock,Common Stock,ENLT,BBG00PYR86N0,BBG001SHX5W6,,
86,86,TICKER,ENLT,10.0,BBG00PYR8776,ENLT,ENLIGHT RENEWABLE ENERGY LTD,UW,Equity,Common Stock,Common Stock,ENLT,BBG00PYR86N0,BBG001SHX5W6,,
86,86,TICKER,ENLT,11.0,BBG00PYR8785,ENLT,ENLIGHT RENEWABLE ENERGY LTD,UF,Equity,Common Stock,Common Stock,ENLT,BBG00PYR86N0,BBG001SHX5W6,,
86,86,TICKER,ENLT,12.0,BBG00PYR8794,ENLT,ENLIGHT RENEWABLE ENERGY LTD,VY,Equity,Common Stock,Common Stock,ENLT,BBG00PYR86N0,BBG001SHX5W6,,
86,86,TICKER,ENLT,13.0,BBG00PYR87B1,ENLT,ENLIGHT RENEWABLE ENERGY LTD,VJ,Equity,Common Stock,Common Stock,ENLT,BBG00PYR86N0,BBG001SHX5W6,,
86,86,TICKER,ENLT,14.0,BBG00PYR87C0,ENLT,ENLIGHT RENEWABLE ENERGY LTD,VK,Equity,Common Stock,Common Stock,ENLT,BBG00PYR86N0,BBG001SHX5W6,,
86,86,TICKER,ENLT,15.0,BBG00PYR87D9,ENLT,ENLIGHT RENEWABLE ENERGY LTD,VF,Equity,Common Stock,Common Stock,ENLT,BBG00PYR86N0,BBG001SHX5W6,,
86,86,TICKER,ENLT,16.0,BBG00THHD4D3,ENLT,ENLIGHT RENEWABLE ENERGY LTD,VL,Equity,Common Stock,Common Stock,ENLT,BBG00PYR86N0,BBG001SHX5W6,,
86,86,TICKER,ENLT,17.0,BBG00X1PHZC1,ENLT,ENLIGHT RENEWABLE ENERGY LTD,VG,Equity,Common Stock,Common Stock,ENLT,BBG00PYR86N0,BBG001SHX5W6,,
86,86,TICKER,ENLT,18.0,BBG00X1SYCR1,ENLT,ENLIGHT RENEWABLE ENERGY LTD,VP,Equity,Common Stock,Common Stock,ENLT,BBG00PYR86N0,BBG001SHX5W6,,
86,86,TICKER,ENLT,19.0,BBG01V7ZB1P3,ENLT,ENLIGHT RENEWABLE ENERGY LTD,OC,Equity,Common Stock,Common Stock,ENLT,BBG00PYR86N0,BBG001SHX5W6,,
86,86,TICKER,ENLT,20.0,BBG01X4MM1P9,ENLT,ENLIGHT RENEWABLE ENERGY LTD,OD,Equity,Common Stock,Common Stock,ENLT,BBG00PYR86N0,BBG001SHX5W6,,
86,86,TICKER,ENLT,21.0,BBG021BZHHX3,ENLT,ENLIGHT RENEWABLE ENERGY LTD,VT,Equity,Common Stock,Common Stock,ENLT,BBG00PYR86N0,BBG001SHX5W6,,
87,87,TICKER,IPN,0.0,BBG000BWH999,IPN,IPSEN,FP,Equity,Common Stock,Common Stock,IPN,BBG000BWH908,BBG001SFCJ35,,
87,87,TICKER,IPN,1.0,BBG000J2Z4V3,IPN,IPSEN,EO,Equity,Common Stock,Common Stock,IPN,BBG000J2Z4V3,BBG001SFCJ35,,
87,87,TICKER,IPN,2.0,BBG000J2Z6Z4,IPN,IPSEN,XH,Equity,Common Stock,Common Stock,IPN,BBG000J2Z4V3,BBG001SFCJ35,,
87,87,TICKER,IPN,3.0,BBG000J2Z7G3,IPN,IPSEN,XC,Equity,Common Stock,Common Stock,IPN,BBG000J2Z4V3,BBG001SFCJ35,,
87,87,TICKER,IPN,4.0,BBG000J2Z862,IPN,IPSEN,XF,Equity,Common Stock,Common Stock,IPN,BBG000J2Z4V3,BBG001SFCJ35,,
87,87,TICKER,IPN,5.0,BBG000J30C50,IPN,IPSEN,XE,Equity,Common Stock,Common Stock,IPN,BBG000J2Z4V3,BBG001SFCJ35,,
87,87,TICKER,IPN,6.0,BBG000J30D12,IPN,IPSEN,XJ,Equity,Common Stock,Common Stock,IPN,BBG000J2Z4V3,BBG001SFCJ35,,
87,87,TICKER,IPN,7.0,BBG000J30F99,IPN,IPSEN,XL,Equity,Common Stock,Common Stock,IPN,BBG000J2Z4V3,BBG001SFCJ35,,
87,87,TICKER,IPN,8.0,BBG000J30G33,IPN,IPSEN,XG,Equity,Common Stock,Common Stock,IPN,BBG000J2Z4V3,BBG001SFCJ35,,
87,87,TICKER,IPN,9.0,BBG000J30GX0,IPN,IPSEN,XO,Equity,Common Stock,Common Stock,IPN,BBG000J2Z4V3,BBG001SFCJ35,,
87,87,TICKER,IPN,10.0,BBG000J30KW2,IPN,IPSEN,XS,Equity,Common Stock,Common Stock,IPN,BBG000J2Z4V3,BBG001SFCJ35,,
87,87,TICKER,IPN,11.0,BBG000J30LP8,IPN,IPSEN,XA,Equity,Common Stock,Common Stock,IPN,BBG000J2Z4V3,BBG001SFCJ35,,
87,87,TICKER,IPN,12.0,BBG000J30MB1,IPN,IPSEN,E1,Equity,Common Stock,Common Stock,IPN,BBG000J2Z4V3,BBG001SFCJ35,,
87,87,TICKER,IPN,13.0,BBG000J30MV9,IPN,IPSEN,XT,Equity,Common Stock,Common Stock,IPN,BBG000J2Z4V3,BBG001SFCJ35,,
87,87,TICKER,IPN,14.0,BBG000J30N83,IPN,IPSEN,XW,Equity,Common Stock,Common Stock,IPN,BBG000J2Z4V3,BBG001SFCJ35,,
87,87,TICKER,IPN,15.0,BBG000J30PR7,IPN,IPSEN,EU,Equity,Common Stock,Common Stock,IPN,BBG000J30NZ3,BBG001SFCJ35,,
87,87,TICKER,IPN,16.0,BBG00591D3S5,IPN,IPSEN,XV,Equity,Common Stock,Common Stock,IPN,BBG000J2Z4V3,BBG001SFCJ35,,
87,87,TICKER,IPN,17.0,BBG00JN79RS8,IPN,IPSEN,XX,Equity,Common Stock,Common Stock,IPN,BBG000J2Z4V3,BBG001SFCJ35,,
87,87,TICKER,IPN,18.0,BBG00PQ0JQQ9,IPN,IPSEN,EP,Equity,Common Stock,Common Stock,IPN,BBG00PQ0JQP0,BBG001SFCJ35,,
87,87,TICKER,IPN,19.0,BBG00PQ0JQS7,IPN,IPSEN,EZ,Equity,Common Stock,Common Stock,IPN,BBG00PQ0JQR8,BBG001SFCJ35,,
87,87,TICKER,IPN,20.0,BBG00QFY4G74,IPN,IPSEN,X1,Equity,Common Stock,Common Stock,,BBG000J2Z4V3,BBG001SFCJ35,,
87,87,TICKER,IPN,21.0,BBG00X8QK311,IPN,IPSEN,AV,Equity,Common Stock,Common Stock,IPN,BBG00X8QK2Z6,BBG001SFCJ35,,
87,87,TICKER,IPN,22.0,BBG00YJ6TL21,IPN,IPSEN,X9,Equity,Common Stock,Common Stock,IPN,BBG00YJ6TL12,BBG001SFCJ35,,
87,87,TICKER,IPN,23.0,BBG01RJP98D2,IPN,IPSEN,SW,Equity,Common Stock,Common Stock,IPN,BBG01RJP98D2,BBG001SFCJ35,,
87,87,TICKER,IPN,24.0,BBG01RJP98L3,IPN,IPSEN,BW,Equity,Common Stock,Common Stock,IPN,BBG01RJP98D2,BBG001SFCJ35,,
87,87,TICKER,IPN,25.0,BBG02508GB06,IPN,IPSEN,ER,Equity,Common Stock,Common Stock,IPN,BBG02508G9Z3,BBG001SFCJ35,,
88,88,TICKER,12,0.0,BBG000BDWF36,12,HENDERSON LAND DEVELOPMENT,HK,Equity,Common Stock,Common Stock,12,BBG000BDWD59,BBG001S6HVB4,,
88,88,TICKER,12,1.0,BBG006Z3JGL2,12,HENDERSON LAND DEVELOPMENT,H1,Equity,Common Stock,Common Stock,12,BBG006Z3JGK3,BBG001S6HVB4,,
88,88,TICKER,12,2.0,BBG00F134ND9,12,HENDERSON LAND DEVELOPMENT,H2,Equity,Common Stock,Common Stock,12,BBG00F134NC0,BBG001S6HVB4,,
88,88,TICKER,12,3.0,BBG00QSDQJT2,12,CREDIT SUISSE NEW YORK,,M-Mkt,EURO MTN,MTN,12 EMTN,,,,
88,88,TICKER,12,4.0,BBG024YNH155,12,HENDERSON LAND DEVELOPMENT,ER,Equity,Common Stock,Common Stock,12,BBG024YNH146,BBG001S6HVB4,,
89,89,TICKER,SOBI,0.0,BBG000C3YBT6,SOBI,SWEDISH ORPHAN BIOVITRUM AB,SS,Equity,Common Stock,Common Stock,SOBI,BBG000C3YBM3,BBG001SDX305,,
89,89,TICKER,SOBI,1.0,BBG000RX97S2,SOBI,SWEDISH ORPHAN BIOVITRUM AB,EO,Equity,Common Stock,Common Stock,SOBI,BBG000RX97S2,BBG001SDX305,,
89,89,TICKER,SOBI,2.0,BBG000RX9B85,SOBI,SWEDISH ORPHAN BIOVITRUM AB,XH,Equity,Common Stock,Common Stock,SOBI,BBG000RX97S2,BBG001SDX305,,
89,89,TICKER,SOBI,3.0,BBG000RX9BG6,SOBI,SWEDISH ORPHAN BIOVITRUM AB,XC,Equity,Common Stock,Common Stock,SOBI,BBG000RX97S2,BBG001SDX305,,
89,89,TICKER,SOBI,4.0,BBG000RX9BV9,SOBI,SWEDISH ORPHAN BIOVITRUM AB,XF,Equity,Common Stock,Common Stock,SOBI,BBG000RX97S2,BBG001SDX305,,
89,89,TICKER,SOBI,5.0,BBG000RX9CW6,SOBI,SWEDISH ORPHAN BIOVITRUM AB,XE,Equity,Common Stock,Common Stock,SOBI,BBG000RX97S2,BBG001SDX305,,
89,89,TICKER,SOBI,6.0,BBG000RX9D45,SOBI,SWEDISH ORPHAN BIOVITRUM AB,XJ,Equity,Common Stock,Common Stock,SOBI,BBG000RX97S2,BBG001SDX305,,
89,89,TICKER,SOBI,7.0,BBG000RX9DG2,SOBI,SWEDISH ORPHAN BIOVITRUM AB,XL,Equity,Common Stock,Common Stock,SOBI,BBG000RX97S2,BBG001SDX305,,
89,89,TICKER,SOBI,8.0,BBG000RX9DY2,SOBI,SWEDISH ORPHAN BIOVITRUM AB,XG,Equity,Common Stock,Common Stock,SOBI,BBG000RX97S2,BBG001SDX305,,
89,89,TICKER,SOBI,9.0,BBG000RX9FJ4,SOBI,SWEDISH ORPHAN BIOVITRUM AB,XO,Equity,Common Stock,Common Stock,SOBI,BBG000RX97S2,BBG001SDX305,,
89,89,TICKER,SOBI,10.0,BBG000RX9GL9,SOBI,SWEDISH ORPHAN BIOVITRUM AB,XS,Equity,Common Stock,Common Stock,SOBI,BBG000RX97S2,BBG001SDX305,,
89,89,TICKER,SOBI,11.0,BBG000RX9H00,SOBI,SWEDISH ORPHAN BIOVITRUM AB,XA,Equity,Common Stock,Common Stock,SOBI,BBG000RX97S2,BBG001SDX305,,
89,89,TICKER,SOBI,12.0,BBG000RX9HB8,SOBI,SWEDISH ORPHAN BIOVITRUM AB,E1,Equity,Common Stock,Common Stock,SOBI,BBG000RX97S2,BBG001SDX305,,
89,89,TICKER,SOBI,13.0,BBG000RX9J33,SOBI,SWEDISH ORPHAN BIOVITRUM AB,XW,Equity,Common Stock,Common Stock,SOBI,BBG000RX97S2,BBG001SDX305,,
89,89,TICKER,SOBI,14.0,BBG000RX9JF0,SOBI,SWEDISH ORPHAN BIOVITRUM AB,EU,Equity,Common Stock,Common Stock,SOBI,BBG000RX9J60,BBG001SDX305,,
89,89,TICKER,SOBI,15.0,BBG00591K2H1,SOBI,SWEDISH ORPHAN BIOVITRUM AB,XV,Equity,Common Stock,Common Stock,SOBI,BBG000RX97S2,BBG001SDX305,,
89,89,TICKER,SOBI,16.0,BBG00JN7GQ93,SOBI,SWEDISH ORPHAN BIOVITRUM AB,XX,Equity,Common Stock,Common Stock,SOBI,BBG000RX97S2,BBG001SDX305,,
89,89,TICKER,SOBI,17.0,BBG00PPY1L40,SOBI,SWEDISH ORPHAN BIOVITRUM AB,EP,Equity,Common Stock,Common Stock,SOBI,BBG00PPY1L31,BBG001SDX305,,
89,89,TICKER,SOBI,18.0,BBG00PPY1L68,SOBI,SWEDISH ORPHAN BIOVITRUM AB,EZ,Equity,Common Stock,Common Stock,SOBI,BBG00PPY1L59,BBG001SDX305,,
89,89,TICKER,SOBI,19.0,BBG00QFY9F44,SOBI,SWEDISH ORPHAN BIOVITRUM AB,X1,Equity,Common Stock,Common Stock,,BBG000RX97S2,BBG001SDX305,,
89,89,TICKER,SOBI,20.0,BBG00YJKQ074,SOBI,SWEDISH ORPHAN BIOVITRUM AB,X9,Equity,Common Stock,Common Stock,SOBI,BBG00YJKQ065,BBG001SDX305,,
89,89,TICKER,SOBI,21.0,BBG0250BQ887,SOBI,SWEDISH ORPHAN BIOVITRUM AB,ER,Equity,Common Stock,Common Stock,SOBI,BBG0250BQ878,BBG001SDX305,,
90,90,TICKER,NRP,0.0,BBG000G6GX08,NRP,NARENDRA PROPERTIES LTD,IN,Equity,Common Stock,Common Stock,NRP,BBG000G6GX08,BBG001S8RG31,,
90,90,TICKER,NRP,1.0,BBG000G6GXP1,NRP,NARENDRA PROPERTIES LTD,IB,Equity,Common Stock,Common Stock,NRP,BBG000G6GX08,BBG001S8RG31,,
90,90,TICKER,NRP,2.0,BBG000GMHBH2,NRP,NATURAL RESOURCE PARTNERS LP,US,Equity,MLP,Partnership Shares,NRP,BBG000GMHBH2,BBG001SH9LZ5,,
90,90,TICKER,NRP,3.0,BBG000GMHBP3,NRP,NATURAL RESOURCE PARTNERS LP,UA,Equity,MLP,Partnership Shares,NRP,BBG000GMHBH2,BBG001SH9LZ5,,
90,90,TICKER,NRP,4.0,BBG000GMHCF2,NRP,NATURAL RESOURCE PARTNERS LP,UC,Equity,MLP,Partnership Shares,NRP,BBG000GMHBH2,BBG001SH9LZ5,,
90,90,TICKER,NRP,5.0,BBG000GMHCX2,NRP,NATURAL RESOURCE PARTNERS LP,UN,Equity,MLP,Partnership Shares,NRP,BBG000GMHBH2,BBG001SH9LZ5,,
90,90,TICKER,NRP,6.0,BBG000GMHDH8,NRP,NATURAL RESOURCE PARTNERS LP,UP,Equity,MLP,Partnership Shares,NRP,BBG000GMHBH2,BBG001SH9LZ5,,
90,90,TICKER,NRP,7.0,BBG000GMHGB7,NRP,NATURAL RESOURCE PARTNERS LP,UB,Equity,MLP,Partnership Shares,NRP,BBG000GMHBH2,BBG001SH9LZ5,,
90,90,TICKER,NRP,8.0,BBG000GMHH43,NRP,NATURAL RESOURCE PARTNERS LP,UT,Equity,MLP,Partnership Shares,NRP,BBG000GMHBH2,BBG001SH9LZ5,,
90,90,TICKER,NRP,9.0,BBG000GMHHX1,NRP,NATURAL RESOURCE PARTNERS LP,UM,Equity,MLP,Partnership Shares,NRP,BBG000GMHBH2,BBG001SH9LZ5,,
90,90,TICKER,NRP,10.0,BBG000GMHJ94,NRP,NATURAL RESOURCE PARTNERS LP,UX,Equity,MLP,Partnership Shares,NRP,BBG000GMHBH2,BBG001SH9LZ5,,
90,90,TICKER,NRP,11.0,BBG000GMHM88,NRP,NATURAL RESOURCE PARTNERS LP,UD,Equity,MLP,Partnership Shares,NRP,BBG000GMHBH2,BBG001SH9LZ5,,
90,90,TICKER,NRP,12.0,BBG000GMJRX7,NRP,NATURAL RESOURCE PARTNERS LP,UF,Equity,MLP,Partnership Shares,NRP,BBG000GMHBH2,BBG001SH9LZ5,,
90,90,TICKER,NRP,13.0,BBG000GMJT09,NRP,NATURAL RESOURCE PARTNERS LP,VY,Equity,MLP,Partnership Shares,NRP,BBG000GMHBH2,BBG001SH9LZ5,,
90,90,TICKER,NRP,14.0,BBG000GMJTK7,NRP,NATURAL RESOURCE PARTNERS LP,VJ,Equity,MLP,Partnership Shares,NRP,BBG000GMHBH2,BBG001SH9LZ5,,
90,90,TICKER,NRP,15.0,BBG000GMJTZ1,NRP,NATURAL RESOURCE PARTNERS LP,VK,Equity,MLP,Partnership Shares,NRP,BBG000GMHBH2,BBG001SH9LZ5,,
90,90,TICKER,NRP,16.0,BBG00DJFJJW0,NRP,NATURAL RESOURCE PARTNERS LP,VF,Equity,MLP,Partnership Shares,NRP,BBG000GMHBH2,BBG001SH9LZ5,,
90,90,TICKER,NRP,17.0,BBG00H1RHJC8,NRP,NEPI ROCKCASTLE N.V.,SJ,Equity,Common Stock,Common Stock,NRP,BBG00GVP5S70,BBG00GVP5S89,,
90,90,TICKER,NRP,18.0,BBG00H45L8F9,NRP,NEPI ROCKCASTLE N.V.,NA,Equity,Common Stock,Common Stock,NRP,BBG00H45L8D1,BBG00GVP5S89,,
90,90,TICKER,NRP,19.0,BBG00J75BPS1,NRP,NEPI ROCKCASTLE N.V.,AJ,Equity,Common Stock,Common Stock,NRP,BBG00GVP5S70,BBG00GVP5S89,,
90,90,TICKER,NRP,20.0,BBG00X1MVBN3,NRP,NATURAL RESOURCE PARTNERS LP,VG,Equity,MLP,Partnership Shares,NRP,BBG000GMHBH2,BBG001SH9LZ5,,
90,90,TICKER,NRP,21.0,BBG00X1R8W43,NRP,NATURAL RESOURCE PARTNERS LP,VP,Equity,MLP,Partnership Shares,NRP,BBG000GMHBH2,BBG001SH9LZ5,,
90,90,TICKER,NRP,22.0,BBG01X4KXZ12,NRP,NATURAL RESOURCE PARTNERS LP,OD,Equity,MLP,Partnership Shares,NRP,BBG000GMHBH2,BBG001SH9LZ5,,
90,90,TICKER,NRP,23.0,BBG021BYJDN4,NRP,NATURAL RESOURCE PARTNERS LP,VT,Equity,MLP,Partnership Shares,NRP,BBG000GMHBH2,BBG001SH9LZ5,,
90,90,TICKER,NRP,24.0,KKG00000BMN2,NRP,Neural Protocol,,Curncy,Crypto,CRYPTO,,,,,
91,91,TICKER,1801,0.0,BBG000BFR3K5,1801,TAISEI CORP,JP,Equity,Common Stock,Common Stock,1801,BBG000BFR3K5,BBG001S6B3P7,,
91,91,TICKER,1801,1.0,BBG000BFR3Z9,1801,TAISEI CORP,JT,Equity,Common Stock,Common Stock,1801,BBG000BFR3K5,BBG001S6B3P7,,
91,91,TICKER,1801,2.0,BBG000BFR4G8,1801,TAISEI CORP,JN,Equity,Common Stock,Common Stock,1801,BBG000BFR3K5,BBG001S6B3P7,,
91,91,TICKER,1801,3.0,BBG000BFR8G9,1801,TAISEI CORP,JJ,Equity,Common Stock,Common Stock,1801,BBG000BFR3K5,BBG001S6B3P7,,
91,91,TICKER,1801,4.0,BBG000BFRBV5,1801,TAISEI CORP,JE,Equity,Common Stock,Common Stock,1801,BBG000BFR3K5,BBG001S6B3P7,,
91,91,TICKER,1801,5.0,BBG000BFRC89,1801,TAISEI CORP,JI,Equity,Common Stock,Common Stock,1801,BBG000BFR3K5,BBG001S6B3P7,,
91,91,TICKER,1801,6.0,BBG002QK62J1,1801,TAISEI CORP,JU,Equity,Common Stock,Common Stock,1801,BBG000BFR3K5,BBG001S6B3P7,,
91,91,TICKER,1801,7.0,BBG00875BG05,1801,TAISEI CORP,JW,Equity,Common Stock,Common Stock,1801,BBG000BFR3K5,BBG001S6B3P7,,
91,91,TICKER,1801,8.0,BBG00M8832B5,1801,INNOVENT BIOLOGICS INC,HK,Equity,Common Stock,Common Stock,1801,BBG00M883298,BBG00M8832C4,,
91,91,TICKER,1801,9.0,BBG00X6K34Z6,1801,INNOVENT BIOLOGICS INC,H1,Equity,Common Stock,Common Stock,1801,BBG00X6K34Y7,BBG00M8832C4,,
91,91,TICKER,1801,10.0,BBG00X6K3832,1801,INNOVENT BIOLOGICS INC,H2,Equity,Common Stock,Common Stock,1801,BBG00X6K3823,BBG00M8832C4,,
91,91,TICKER,1801,11.0,BBG0193R4PW1,1801,TAISEI CORP,JV,Equity,Common Stock,Common Stock,1801,BBG000BFR3K5,BBG001S6B3P7,,
91,91,TICKER,1801,12.0,BBG024YN7M41,1801,INNOVENT BIOLOGICS INC,ER,Equity,Common Stock,Common Stock,1801,BBG024YN7M32,BBG00M8832C4,,
92,92,TICKER,1093,0.0,BBG000C3N3B5,1093,CSPC PHARMACEUTICAL GROUP LT,HK,Equity,Common Stock,Common Stock,1093,BBG000C3N1Z3,BBG001S7QWD8,,
92,92,TICKER,1093,1.0,BBG006Z3JRW6,1093,CSPC PHARMACEUTICAL GROUP LT,H1,Equity,Common Stock,Common Stock,1093,BBG006Z3JRV7,BBG001S7QWD8,,
92,92,TICKER,1093,2.0,BBG00F1359B1,1093,CSPC PHARMACEUTICAL GROUP LT,H2,Equity,Common Stock,Common Stock,1093,BBG00F135994,BBG001S7QWD8,,
92,92,TICKER,1093,3.0,BBG024YRN5M1,1093,CSPC PHARMACEUTICAL GROUP LT,ER,Equity,Common Stock,Common Stock,1093,BBG024YRN5L2,BBG001S7QWD8,,
93,93,TICKER,002202,0.0,BBG000BN94X2,002202,GOLDWIND SCIENCE & TECHNOL-A,CH,Equity,Common Stock,Common Stock,002202,BBG000BN94X2,BBG001SF32L2,,
93,93,TICKER,002202,1.0,BBG000BN96N8,002202,GOLDWIND SCIENCE & TECHNOL-A,CS,Equity,Common Stock,Common Stock,002202,BBG000BN94X2,BBG001SF32L2,,
93,93,TICKER,002202,2.0,BBG00F137CP7,002202,GOLDWIND SCIENCE & TECHNOL-A,C2,Equity,Common Stock,Common Stock,002202,BBG00F137CN9,BBG001SF32L2,,
94,94,TICKER,9633,0.0,BBG000BDLF65,9633,TOKYO THEATRES CO INC,JP,Equity,Common Stock,Common Stock,9633,BBG000BDLF65,BBG001S6G9S6,,
94,94,TICKER,9633,1.0,BBG000BDLG27,9633,TOKYO THEATRES CO INC,JT,Equity,Common Stock,Common Stock,9633,BBG000BDLF65,BBG001S6G9S6,,
94,94,TICKER,9633,2.0,BBG000BDLL80,9633,TOKYO THEATRES CO INC,JJ,Equity,Common Stock,Common Stock,9633,BBG000BDLF65,BBG001S6G9S6,,
94,94,TICKER,9633,3.0,BBG000BDLMX0,9633,TOKYO THEATRES CO INC,JE,Equity,Common Stock,Common Stock,9633,BBG000BDLF65,BBG001S6G9S6,,
94,94,TICKER,9633,4.0,BBG002QK7GV5,9633,TOKYO THEATRES CO INC,JU,Equity,Common Stock,Common Stock,9633,BBG000BDLF65,BBG001S6G9S6,,
94,94,TICKER,9633,5.0,BBG00875CV38,9633,TOKYO THEATRES CO INC,JW,Equity,Common Stock,Common Stock,9633,BBG000BDLF65,BBG001S6G9S6,,
94,94,TICKER,9633,6.0,BBG00WR0QPZ7,9633,NONGFU SPRING CO LTD-H,HK,Equity,Common Stock,Common Stock,9633,BBG00WR0QPX9,BBG00WR0QQ21,,
94,94,TICKER,9633,7.0,BBG00XJRTVJ7,9633,NONGFU SPRING CO LTD-H,H2,Equity,Common Stock,Common Stock,9633,BBG00XJRTVH9,BBG00WR0QQ21,,
94,94,TICKER,9633,8.0,BBG00XZP3CN8,9633,NONGFU SPRING CO LTD-H,H1,Equity,Common Stock,Common Stock,9633,BBG00XZP3CM9,BBG00WR0QQ21,,
94,94,TICKER,9633,9.0,BBG0193R62R6,9633,TOKYO THEATRES CO INC,JV,Equity,Common Stock,Common Stock,9633,BBG000BDLF65,BBG001S6G9S6,,
94,94,TICKER,9633,10.0,BBG01XWH1X27,9633,TOKYO THEATRES CO INC,JL,Equity,Common Stock,Common Stock,9633,BBG000BDLF65,BBG001S6G9S6,,
94,94,TICKER,9633,11.0,BBG024Y2SYK0,9633,NONGFU SPRING CO LTD-H,ER,Equity,Common Stock,Common Stock,9633,BBG024Y2SYJ2,BBG00WR0QQ21,,
95,95,TICKER,VCX,0.0,BBG000HH1RP5,VCX,VICINITY CENTRES,AU,Equity,REIT,REIT,VCX,BBG000HH1RP5,BBG001SM2F48,,
95,95,TICKER,VCX,1.0,BBG000HH1S64,VCX,VICINITY CENTRES,AT,Equity,REIT,REIT,VCX,BBG000HH1RP5,BBG001SM2F48,,
95,95,TICKER,VCX,2.0,BBG002F3LJQ9,VCX,VICINITY CENTRES,AH,Equity,REIT,REIT,VCX,BBG000HH1RP5,BBG001SM2F48,,
95,95,TICKER,VCX,3.0,BBG0068926Q4,VCX,YEN BINH CEMENT JSC,VN,Equity,Common Stock,Common Stock,VCX,BBG0068926Q4,BBG0068926R3,,
95,95,TICKER,VCX,4.0,BBG0068926X6,VCX,YEN BINH CEMENT JSC,VU,Equity,Common Stock,Common Stock,VCX,BBG0068926Q4,BBG0068926R3,,
95,95,TICKER,VCX,5.0,BBG01THXB421,VCX,FUNDRISE INNOVATION FUND LLC,US,Equity,Closed-End Fund,Mutual Fund,VCX,BBG01THXB421,BBG01THXB449,,
95,95,TICKER,VCX,6.0,BBG020VV8951,VCX,FUNDRISE INNOVATION FUND LLC,UA,Equity,Closed-End Fund,Mutual Fund,VCX,BBG01THXB421,BBG01THXB449,,
95,95,TICKER,VCX,7.0,BBG020VV8960,VCX,FUNDRISE INNOVATION FUND LLC,UC,Equity,Closed-End Fund,Mutual Fund,VCX,BBG01THXB421,BBG01THXB449,,
95,95,TICKER,VCX,8.0,BBG020VV8988,VCX,FUNDRISE INNOVATION FUND LLC,UN,Equity,Closed-End Fund,Mutual Fund,VCX,BBG01THXB421,BBG01THXB449,,
95,95,TICKER,VCX,9.0,BBG020VV8997,VCX,FUNDRISE INNOVATION FUND LLC,UP,Equity,Closed-End Fund,Mutual Fund,VCX,BBG01THXB421,BBG01THXB449,,
95,95,TICKER,VCX,10.0,BBG020VV89C3,VCX,FUNDRISE INNOVATION FUND LLC,UB,Equity,Closed-End Fund,Mutual Fund,VCX,BBG01THXB421,BBG01THXB449,,
95,95,TICKER,VCX,11.0,BBG020VV89D2,VCX,FUNDRISE INNOVATION FUND LLC,UT,Equity,Closed-End Fund,Mutual Fund,VCX,BBG01THXB421,BBG01THXB449,,
95,95,TICKER,VCX,12.0,BBG020VV89G9,VCX,FUNDRISE INNOVATION FUND LLC,UM,Equity,Closed-End Fund,Mutual Fund,VCX,BBG01THXB421,BBG01THXB449,,
95,95,TICKER,VCX,13.0,BBG020VV89H8,VCX,FUNDRISE INNOVATION FUND LLC,UX,Equity,Closed-End Fund,Mutual Fund,VCX,BBG01THXB421,BBG01THXB449,,
95,95,TICKER,VCX,14.0,BBG020VV89N1,VCX,FUNDRISE INNOVATION FUND LLC,UD,Equity,Closed-End Fund,Mutual Fund,VCX,BBG01THXB421,BBG01THXB449,,
95,95,TICKER,VCX,15.0,BBG020VV89R7,VCX,FUNDRISE INNOVATION FUND LLC,UF,Equity,Closed-End Fund,Mutual Fund,VCX,BBG01THXB421,BBG01THXB449,,
95,95,TICKER,VCX,16.0,BBG020VV89S6,VCX,FUNDRISE INNOVATION FUND LLC,VY,Equity,Closed-End Fund,Mutual Fund,VCX,BBG01THXB421,BBG01THXB449,,
95,95,TICKER,VCX,17.0,BBG020VV89T5,VCX,FUNDRISE INNOVATION FUND LLC,VJ,Equity,Closed-End Fund,Mutual Fund,VCX,BBG01THXB421,BBG01THXB449,,
95,95,TICKER,VCX,18.0,BBG020VV89W1,VCX,FUNDRISE INNOVATION FUND LLC,VK,Equity,Closed-End Fund,Mutual Fund,VCX,BBG01THXB421,BBG01THXB449,,
95,95,TICKER,VCX,19.0,BBG020VV89X0,VCX,FUNDRISE INNOVATION FUND LLC,VF,Equity,Closed-End Fund,Mutual Fund,VCX,BBG01THXB421,BBG01THXB449,,
95,95,TICKER,VCX,20.0,BBG020VV89Y9,VCX,FUNDRISE INNOVATION FUND LLC,VL,Equity,Closed-End Fund,Mutual Fund,VCX,BBG01THXB421,BBG01THXB449,,
95,95,TICKER,VCX,21.0,BBG020VV89Z8,VCX,FUNDRISE INNOVATION FUND LLC,VP,Equity,Closed-End Fund,Mutual Fund,VCX,BBG01THXB421,BBG01THXB449,,
95,95,TICKER,VCX,22.0,BBG020VV8B01,VCX,FUNDRISE INNOVATION FUND LLC,VG,Equity,Closed-End Fund,Mutual Fund,VCX,BBG01THXB421,BBG01THXB449,,
95,95,TICKER,VCX,23.0,BBG020VV8B10,VCX,FUNDRISE INNOVATION FUND LLC,OC,Equity,Closed-End Fund,Mutual Fund,VCX,BBG01THXB421,BBG01THXB449,,
95,95,TICKER,VCX,24.0,BBG020VV8B29,VCX,FUNDRISE INNOVATION FUND LLC,OD,Equity,Closed-End Fund,Mutual Fund,VCX,BBG01THXB421,BBG01THXB449,,
95,95,TICKER,VCX,25.0,BBG021C1S507,VCX,FUNDRISE INNOVATION FUND LLC,VT,Equity,Closed-End Fund,Mutual Fund,VCX,BBG01THXB421,BBG01THXB449,,
96,96,TICKER,8951,0.0,BBG000HG80M2,8951,NIPPON BUILDING FUND INC,JP,Equity,REIT,REIT,8951,BBG000HG80M2,BBG001S641M2,,
96,96,TICKER,8951,1.0,BBG000HG8131,8951,NIPPON BUILDING FUND INC,JT,Equity,REIT,REIT,8951,BBG000HG80M2,BBG001S641M2,,
96,96,TICKER,8951,2.0,BBG000HG9BM7,8951,NIPPON BUILDING FUND INC,JJ,Equity,REIT,REIT,8951,BBG000HG80M2,BBG001S641M2,,
96,96,TICKER,8951,3.0,BBG000HG9FB0,8951,NIPPON BUILDING FUND INC,JE,Equity,REIT,REIT,8951,BBG000HG80M2,BBG001S641M2,,
96,96,TICKER,8951,4.0,BBG002QKC801,8951,NIPPON BUILDING FUND INC,JU,Equity,REIT,REIT,8951,BBG000HG80M2,BBG001S641M2,,
96,96,TICKER,8951,5.0,BBG00875H870,8951,NIPPON BUILDING FUND INC,JW,Equity,REIT,REIT,8951,BBG000HG80M2,BBG001S641M2,,
96,96,TICKER,8951,6.0,BBG02507GX91,8951,NIPPON BUILDING FUND INC,ER,Equity,REIT,REIT,8951,BBG02507GX73,BBG001S641M2,,
97,97,TICKER,4151,0.0,BBG000BG3926,4151,KYOWA KIRIN CO LTD,JP,Equity,Common Stock,Common Stock,4151,BBG000BG3926,BBG001S6B983,,
97,97,TICKER,4151,1.0,BBG000BG39L5,4151,KYOWA KIRIN CO LTD,JT,Equity,Common Stock,Common Stock,4151,BBG000BG3926,BBG001S6B983,,
97,97,TICKER,4151,2.0,BBG000BG3G75,4151,KYOWA KIRIN CO LTD,JJ,Equity,Common Stock,Common Stock,4151,BBG000BG3926,BBG001S6B983,,
97,97,TICKER,4151,3.0,BBG000BG3HH2,4151,KYOWA KIRIN CO LTD,JE,Equity,Common Stock,Common Stock,4151,BBG000BG3926,BBG001S6B983,,
97,97,TICKER,4151,4.0,BBG002QK64H9,4151,KYOWA KIRIN CO LTD,JU,Equity,Common Stock,Common Stock,4151,BBG000BG3926,BBG001S6B983,,
97,97,TICKER,4151,5.0,BBG00875BHY6,4151,KYOWA KIRIN CO LTD,JW,Equity,Common Stock,Common Stock,4151,BBG000BG3926,BBG001S6B983,,
97,97,TICKER,4151,6.0,BBG0193R4RT1,4151,KYOWA KIRIN CO LTD,JV,Equity,Common Stock,Common Stock,4151,BBG000BG3926,BBG001S6B983,,
97,97,TICKER,4151,7.0,BBG0250DWVD9,4151,KYOWA KIRIN CO LTD,ER,Equity,Common Stock,Common Stock,4151,BBG0250DWVB1,BBG001S6B983,,
98,98,TICKER,SPSN,0.0,BBG000CGWPH1,SPSN,SWISS PRIME SITE-REG,SW,Equity,Common Stock,Common Stock,SPSN,BBG000CGWPH1,BBG001SF2HF7,,
98,98,TICKER,SPSN,1.0,BBG000CGWQ98,SPSN,SWISS PRIME SITE-REG,SE,Equity,Common Stock,Common Stock,SPSN,BBG000CGWPH1,BBG001SF2HF7,,
98,98,TICKER,SPSN,2.0,BBG000GDB9T0,SPSN,SWISS PRIME SITE-REG,EO,Equity,Common Stock,Common Stock,SPSN,BBG000GDB9T0,BBG001SF2HF7,,
98,98,TICKER,SPSN,3.0,BBG000GDBG87,SPSN,SWISS PRIME SITE-REG,XE,Equity,Common Stock,Common Stock,SPSN,BBG000GDB9T0,BBG001SF2HF7,,
98,98,TICKER,SPSN,4.0,BBG000GDBJB7,SPSN,SWISS PRIME SITE-REG,XL,Equity,Common Stock,Common Stock,SPSN,BBG000GDB9T0,BBG001SF2HF7,,
98,98,TICKER,SPSN,5.0,BBG000GDBKW1,SPSN,SWISS PRIME SITE-REG,XO,Equity,Common Stock,Common Stock,SPSN,BBG000GDB9T0,BBG001SF2HF7,,
98,98,TICKER,SPSN,6.0,BBG000GDBNL7,SPSN,SWISS PRIME SITE-REG,XS,Equity,Common Stock,Common Stock,SPSN,BBG000GDB9T0,BBG001SF2HF7,,
98,98,TICKER,SPSN,7.0,BBG000GDBPX9,SPSN,SWISS PRIME SITE-REG,E1,Equity,Common Stock,Common Stock,SPSN,BBG000GDB9T0,BBG001SF2HF7,,
98,98,TICKER,SPSN,8.0,BBG000GDCRW5,SPSN,SWISS PRIME SITE-REG,XT,Equity,Common Stock,Common Stock,SPSN,BBG000GDB9T0,BBG001SF2HF7,,
98,98,TICKER,SPSN,9.0,BBG000GDCSH0,SPSN,SWISS PRIME SITE-REG,XW,Equity,Common Stock,Common Stock,SPSN,BBG000GDB9T0,BBG001SF2HF7,,
98,98,TICKER,SPSN,10.0,BBG000PQF3L8,SPSN,SWISS PRIME SITE-REG,EU,Equity,Common Stock,Common Stock,SPSN,BBG000PQF258,BBG001SF2HF7,,
98,98,TICKER,SPSN,11.0,BBG005917FX9,SPSN,SWISS PRIME SITE-REG,XV,Equity,Common Stock,Common Stock,SPSN,BBG000GDB9T0,BBG001SF2HF7,,
98,98,TICKER,SPSN,12.0,BBG0075ZQ985,SPSN,SWISS PRIME SITE-REG,BW,Equity,Common Stock,Common Stock,SPSN,BBG000CGWPH1,BBG001SF2HF7,,
98,98,TICKER,SPSN,13.0,BBG00JN75305,SPSN,SWISS PRIME SITE-REG,XX,Equity,Common Stock,Common Stock,SPSN,BBG000GDB9T0,BBG001SF2HF7,,
98,98,TICKER,SPSN,14.0,BBG00PPYL2P7,SPSN,SWISS PRIME SITE-REG,EP,Equity,Common Stock,Common Stock,SPSN,BBG00PPYL2N9,BBG001SF2HF7,,
98,98,TICKER,SPSN,15.0,BBG00PPYL2R5,SPSN,SWISS PRIME SITE-REG,EZ,Equity,Common Stock,Common Stock,SPSN,BBG00PPYL2Q6,BBG001SF2HF7,,
98,98,TICKER,SPSN,16.0,BBG00QFXZS76,SPSN,SWISS PRIME SITE-REG,X1,Equity,Common Stock,Common Stock,,BBG000GDB9T0,BBG001SF2HF7,,
98,98,TICKER,SPSN,17.0,BBG00YJKFPJ8,SPSN,SWISS PRIME SITE-REG,X9,Equity,Common Stock,Common Stock,SPSN,BBG00YJKFPH0,BBG001SF2HF7,,
98,98,TICKER,SPSN,18.0,BBG01Y73XQC3,SPSN,SWISS PRIME SITE-REG,AV,Equity,Common Stock,Common Stock,SPSN,BBG01Y73XQB4,BBG001SF2HF7,,
98,98,TICKER,SPSN,19.0,BBG02509WTK5,SPSN,SWISS PRIME SITE-REG,ER,Equity,Common Stock,Common Stock,SPSN,BBG02509WTJ7,BBG001SF2HF7,,
99,99,TICKER,LUPIN,,,,,,,,,,,,No identifier found.,
100,100,TICKER,LAND,0.0,BBG000BDPHS3,LAND,LAND SECURITIES GROUP PLC,LN,Equity,REIT,REIT,LAND,BBG000BDPHB1,BBG001S62HF7,,
100,100,TICKER,LAND,1.0,BBG000DJG577,LAND,BULLAND INVESTMENTS REIT,BU,Equity,REIT,REIT,LAND,BBG000DJG4T6,BBG001SMLWZ6,,
100,100,TICKER,LAND,2.0,BBG000H73V58,LAND,LAND SECURITIES GROUP PLC,EO,Equity,REIT,REIT,LAND,BBG000H73V58,BBG001S62HF7,,
100,100,TICKER,LAND,3.0,BBG000H73WZ3,LAND,LAND SECURITIES GROUP PLC,XH,Equity,REIT,REIT,LAND,BBG000H73V58,BBG001S62HF7,,
100,100,TICKER,LAND,4.0,BBG000H73YQ9,LAND,LAND SECURITIES GROUP PLC,XF,Equity,REIT,REIT,LAND,BBG000H73V58,BBG001S62HF7,,
100,100,TICKER,LAND,5.0,BBG000H73ZL1,LAND,LAND SECURITIES GROUP PLC,XE,Equity,REIT,REIT,LAND,BBG000H73V58,BBG001S62HF7,,
100,100,TICKER,LAND,6.0,BBG000H740D6,LAND,LAND SECURITIES GROUP PLC,XJ,Equity,REIT,REIT,LAND,BBG000H73V58,BBG001S62HF7,,
100,100,TICKER,LAND,7.0,BBG000H740Y3,LAND,LAND SECURITIES GROUP PLC,XL,Equity,REIT,REIT,LAND,BBG000H73V58,BBG001S62HF7,,
100,100,TICKER,LAND,8.0,BBG000H741T7,LAND,LAND SECURITIES GROUP PLC,XG,Equity,REIT,REIT,LAND,BBG000H73V58,BBG001S62HF7,,
100,100,TICKER,LAND,9.0,BBG000H74242,LAND,LAND SECURITIES GROUP PLC,XO,Equity,REIT,REIT,LAND,BBG000H73V58,BBG001S62HF7,,
100,100,TICKER,LAND,10.0,BBG000H744Y5,LAND,LAND SECURITIES GROUP PLC,XS,Equity,REIT,REIT,LAND,BBG000H73V58,BBG001S62HF7,,
100,100,TICKER,LAND,11.0,BBG000H745M5,LAND,LAND SECURITIES GROUP PLC,XA,Equity,REIT,REIT,LAND,BBG000H73V58,BBG001S62HF7,,
100,100,TICKER,LAND,12.0,BBG000H757J4,LAND,LAND SECURITIES GROUP PLC,E1,Equity,REIT,REIT,LAND,BBG000H73V58,BBG001S62HF7,,
100,100,TICKER,LAND,13.0,BBG000H75B05,LAND,LAND SECURITIES GROUP PLC,EU,Equity,REIT,REIT,LAND,BBG000H75991,BBG001S62HF7,,
100,100,TICKER,LAND,14.0,BBG0013SL4W5,LAND,LAND SECURITIES PLC,,M-Mkt,STERLING CP,CP,LAND SCP,,,,
100,100,TICKER,LAND,15.0,BBG0013TWKP3,LAND,LANDMARK NO LA,,M-Mkt,RETAIL CD,CD,LAND RCD,,,,
100,100,TICKER,LAND,16.0,BBG0013WDMZ2,LAND,LAND SECURITIES PLC,,M-Mkt,EURO CP,CP,LAND ECP,,,,
100,100,TICKER,LAND,17.0,BBG0014JY842,LAND,GLADSTONE LAND CORP,US,Equity,REIT,REIT,LAND,BBG0014JY842,BBG001TB7TR1,,
100,100,TICKER,LAND,18.0,BBG001D8W7X8,LAND,GLADSTONE LAND CORP,UA,Equity,REIT,REIT,LAND,BBG0014JY842,BBG001TB7TR1,,
100,100,TICKER,LAND,19.0,BBG001D8W811,LAND,GLADSTONE LAND CORP,UC,Equity,REIT,REIT,LAND,BBG0014JY842,BBG001TB7TR1,,
100,100,TICKER,LAND,20.0,BBG001D8W857,LAND,GLADSTONE LAND CORP,UN,Equity,REIT,REIT,LAND,BBG0014JY842,BBG001TB7TR1,,
100,100,TICKER,LAND,21.0,BBG001D8W875,LAND,GLADSTONE LAND CORP,UP,Equity,REIT,REIT,LAND,BBG0014JY842,BBG001TB7TR1,,
100,100,TICKER,LAND,22.0,BBG001D8W893,LAND,GLADSTONE LAND CORP,UQ,Equity,REIT,REIT,LAND,BBG0014JY842,BBG001TB7TR1,,
100,100,TICKER,LAND,23.0,BBG001D8W8B0,LAND,GLADSTONE LAND CORP,UB,Equity,REIT,REIT,LAND,BBG0014JY842,BBG001TB7TR1,,
100,100,TICKER,LAND,24.0,BBG001D8W8D8,LAND,GLADSTONE LAND CORP,UM,Equity,REIT,REIT,LAND,BBG0014JY842,BBG001TB7TR1,,
100,100,TICKER,LAND,25.0,BBG001D8W8F6,LAND,GLADSTONE LAND CORP,UX,Equity,REIT,REIT,LAND,BBG0014JY842,BBG001TB7TR1,,
100,100,TICKER,LAND,26.0,BBG001D8W8M8,LAND,GLADSTONE LAND CORP,UD,Equity,REIT,REIT,LAND,BBG0014JY842,BBG001TB7TR1,,
100,100,TICKER,LAND,27.0,BBG001D8W8R3,LAND,GLADSTONE LAND CORP,UF,Equity,REIT,REIT,LAND,BBG0014JY842,BBG001TB7TR1,,
100,100,TICKER,LAND,28.0,BBG001D8W8S2,LAND,GLADSTONE LAND CORP,VY,Equity,REIT,REIT,LAND,BBG0014JY842,BBG001TB7TR1,,
100,100,TICKER,LAND,29.0,BBG001D8W8T1,LAND,GLADSTONE LAND CORP,VJ,Equity,REIT,REIT,LAND,BBG0014JY842,BBG001TB7TR1,,
100,100,TICKER,LAND,30.0,BBG001D8W8V8,LAND,GLADSTONE LAND CORP,VK,Equity,REIT,REIT,LAND,BBG0014JY842,BBG001TB7TR1,,
100,100,TICKER,LAND,31.0,BBG002G53RF7,LAND,LAND SECURITIES GROUP PLC,XU,Equity,REIT,REIT,LAND,BBG000H73V58,BBG001S62HF7,,
100,100,TICKER,LAND,32.0,BBG004LN7CS3,LAND,LANDIS + GYR GROUP AG,SW,Equity,Common Stock,Common Stock,LAND,BBG004LN7CS3,BBG004LN7CT2,,
100,100,TICKER,LAND,33.0,BBG00591KV96,LAND,LAND SECURITIES GROUP PLC,XV,Equity,REIT,REIT,LAND,BBG000H73V58,BBG001S62HF7,,
100,100,TICKER,LAND,34.0,BBG00DJGRL36,LAND,GLADSTONE LAND CORP,VF,Equity,REIT,REIT,LAND,BBG0014JY842,BBG001TB7TR1,,
100,100,TICKER,LAND,35.0,BBG00H4DZQF7,LAND,LANDIS + GYR GROUP AG,SE,Equity,Common Stock,Common Stock,LAND,BBG004LN7CS3,BBG004LN7CT2,,
100,100,TICKER,LAND,36.0,BBG00H4DZQK1,LAND,LANDIS + GYR GROUP AG,BW,Equity,Common Stock,Common Stock,LAND,BBG004LN7CS3,BBG004LN7CT2,,
100,100,TICKER,LAND,37.0,BBG00JN7HH29,LAND,LAND SECURITIES GROUP PLC,XX,Equity,REIT,REIT,LAND,BBG000H73V58,BBG001S62HF7,,
100,100,TICKER,LAND,38.0,BBG00JN921H0,LAND,LAND SECURITIES GROUP PLC,XZ,Equity,REIT,REIT,LAND,BBG000H73V58,BBG001S62HF7,,
100,100,TICKER,LAND,39.0,BBG00LFNTML3,LAND,TRIMITRA PROPERTINDO PT,IJ,Equity,Common Stock,Common Stock,LAND,BBG00LFNTMK4,BBG00LFNTMN1,,
100,100,TICKER,LAND,40.0,BBG00PPY2V74,LAND,LAND SECURITIES GROUP PLC,EP,Equity,REIT,REIT,LAND,BBG00PPY2V65,BBG001S62HF7,,
100,100,TICKER,LAND,41.0,BBG00PPY2V92,LAND,LAND SECURITIES GROUP PLC,EZ,Equity,REIT,REIT,LAND,BBG00PPY2V83,BBG001S62HF7,,
100,100,TICKER,LAND,42.0,BBG00X1P1LV8,LAND,GLADSTONE LAND CORP,VG,Equity,REIT,REIT,LAND,BBG0014JY842,BBG001TB7TR1,,
100,100,TICKER,LAND,43.0,BBG00X1SH050,LAND,GLADSTONE LAND CORP,VP,Equity,REIT,REIT,LAND,BBG0014JY842,BBG001TB7TR1,,
100,100,TICKER,LAND,44.0,BBG00YS5GH26,LAND,LAND SECURITIES GROUP PLC,X9,Equity,REIT,REIT,LAND,BBG00YS5GH17,BBG001S62HF7,,
100,100,TICKER,LAND,45.0,BBG01X4M46H7,LAND,GLADSTONE LAND CORP,OD,Equity,REIT,REIT,LAND,BBG0014JY842,BBG001TB7TR1,,
100,100,TICKER,LAND,46.0,BBG021BZ10X7,LAND,GLADSTONE LAND CORP,VT,Equity,REIT,REIT,LAND,BBG0014JY842,BBG001TB7TR1,,
100,100,TICKER,LAND,47.0,BBG024YMCZH4,LAND,LANDIS + GYR GROUP AG,ER,Equity,Common Stock,Common Stock,LAND,BBG024YMCZF6,BBG004LN7CT2,,
100,100,TICKER,LAND,48.0,KKG00000C629,LAND,LandBox,,Curncy,Crypto,CRYPTO,,,,,
101,101,TICKER,DEMANT,0.0,BBG000J940M0,DEMANT,DEMANT A/S,DC,Equity,Common Stock,Common Stock,DEMANT,BBG000J93ZS8,BBG001S6BY88,,
101,101,TICKER,DEMANT,1.0,BBG024Y25M49,DEMANT,DEMANT A/S,ER,Equity,Common Stock,Common Stock,DEMANT,BBG024Y25M30,BBG001S6BY88,,
102,102,TICKER,301358,0.0,BBG012QXSXW5,301358,HUNAN YUNENG NEW ENERGY BA-A,CH,Equity,Common Stock,Common Stock,301358,BBG012QXSXW5,BBG012QXSXX4,,
102,102,TICKER,301358,1.0,BBG012QXSY62,301358,HUNAN YUNENG NEW ENERGY BA-A,CS,Equity,Common Stock,Common Stock,301358,BBG012QXSXW5,BBG012QXSXX4,,
102,102,TICKER,301358,2.0,BBG01G92FS65,301358,HUNAN YUNENG NEW ENERGY BA-A,C2,Equity,Common Stock,Common Stock,301358,BBG01G92FS56,BBG012QXSXX4,,
103,103,TICKER,GFC,0.0,BBG000BC2R35,GFC,GECINA SA,FP,Equity,REIT,REIT,GFC,BBG000BC2PZ4,BBG001S68HV3,,
103,103,TICKER,GFC,1.0,BBG000H0FJ93,GFC,GULF FRANCHISING HOLDING CO,KK,Equity,Common Stock,Common Stock,GFC,BBG000H0FJ20,BBG001SP2K04,,
103,103,TICKER,GFC,2.0,BBG000J0D4M1,GFC,GECINA SA,EO,Equity,REIT,REIT,GFC,BBG000J0D4M1,BBG001S68HV3,,
103,103,TICKER,GFC,3.0,BBG000J0D6D6,GFC,GECINA SA,XH,Equity,REIT,REIT,GFC,BBG000J0D4M1,BBG001S68HV3,,
103,103,TICKER,GFC,4.0,BBG000J0D7P1,GFC,GECINA SA,XF,Equity,REIT,REIT,GFC,BBG000J0D4M1,BBG001S68HV3,,
103,103,TICKER,GFC,5.0,BBG000J0D8X0,GFC,GECINA SA,XE,Equity,REIT,REIT,GFC,BBG000J0D4M1,BBG001S68HV3,,
103,103,TICKER,GFC,6.0,BBG000J0D9Q6,GFC,GECINA SA,XJ,Equity,REIT,REIT,GFC,BBG000J0D4M1,BBG001S68HV3,,
103,103,TICKER,GFC,7.0,BBG000J0DBC6,GFC,GECINA SA,XL,Equity,REIT,REIT,GFC,BBG000J0D4M1,BBG001S68HV3,,
103,103,TICKER,GFC,8.0,BBG000J0DBR0,GFC,GECINA SA,XG,Equity,REIT,REIT,GFC,BBG000J0D4M1,BBG001S68HV3,,
103,103,TICKER,GFC,9.0,BBG000J0DC25,GFC,GECINA SA,XO,Equity,REIT,REIT,GFC,BBG000J0D4M1,BBG001S68HV3,,
103,103,TICKER,GFC,10.0,BBG000J0DG53,GFC,GECINA SA,XS,Equity,REIT,REIT,GFC,BBG000J0D4M1,BBG001S68HV3,,
103,103,TICKER,GFC,11.0,BBG000J0DGS8,GFC,GECINA SA,XA,Equity,REIT,REIT,GFC,BBG000J0D4M1,BBG001S68HV3,,
103,103,TICKER,GFC,12.0,BBG000J0DHD2,GFC,GECINA SA,E1,Equity,REIT,REIT,GFC,BBG000J0D4M1,BBG001S68HV3,,
103,103,TICKER,GFC,13.0,BBG000J0DL25,GFC,GECINA SA,XW,Equity,REIT,REIT,GFC,BBG000J0D4M1,BBG001S68HV3,,
103,103,TICKER,GFC,14.0,BBG000J0DM23,GFC,GECINA SA,EU,Equity,REIT,REIT,GFC,BBG000J0DLL4,BBG001S68HV3,,
103,103,TICKER,GFC,15.0,BBG002G51914,GFC,GECINA SA,XU,Equity,REIT,REIT,GFC,BBG000J0D4M1,BBG001S68HV3,,
103,103,TICKER,GFC,16.0,BBG00591GLF6,GFC,GECINA SA,XV,Equity,REIT,REIT,GFC,BBG000J0D4M1,BBG001S68HV3,,
103,103,TICKER,GFC,17.0,BBG00JN7D7D3,GFC,GECINA SA,XX,Equity,REIT,REIT,GFC,BBG000J0D4M1,BBG001S68HV3,,
103,103,TICKER,GFC,18.0,BBG00PPYC8R2,GFC,GECINA SA,EP,Equity,REIT,REIT,GFC,BBG00PPYC8Q3,BBG001S68HV3,,
103,103,TICKER,GFC,19.0,BBG00PPYC8T0,GFC,GECINA SA,EZ,Equity,REIT,REIT,GFC,BBG00PPYC8S1,BBG001S68HV3,,
103,103,TICKER,GFC,20.0,BBG00X8QJ2F0,GFC,GECINA SA,AV,Equity,REIT,REIT,GFC,BBG00X8QJ2D2,BBG001S68HV3,,
103,103,TICKER,GFC,21.0,BBG00YLX1ZC7,GFC,GECINA SA,X9,Equity,REIT,REIT,GFC,BBG00YLX1ZB8,BBG001S68HV3,,
103,103,TICKER,GFC,22.0,BBG01H90B6L2,GFC,GENESIS FERTILITY CENTER PCL,TB,Equity,Common Stock,Common Stock,GFC,BBG01H9099V8,BBG01H9099W7,,
103,103,TICKER,GFC,23.0,BBG024Y8H489,GFC,GECINA SA,ER,Equity,REIT,REIT,GFC,BBG024Y8H470,BBG001S68HV3,,
103,103,TICKER,GFC,24.0,KKG00000HQH4,GFC,Guficoin,,Curncy,Crypto,CRYPTO,,,,,
104,104,TICKER,INSM,0.0,BBG000BL8N38,INSM,INSTITUT DR SIMO MILOSEVIC A,ME,Equity,Common Stock,Common Stock,INSM,BBG000BL8M03,BBG001SNTNY7,,
104,104,TICKER,INSM,1.0,BBG000BWM5P3,INSM,INSMED INC,US,Equity,Common Stock,Common Stock,INSM,BBG000BWM5P3,BBG001S9SKW7,,
104,104,TICKER,INSM,2.0,BBG000BWM5Y3,INSM,INSMED INC,UA,Equity,Common Stock,Common Stock,INSM,BBG000BWM5P3,BBG001S9SKW7,,
104,104,TICKER,INSM,3.0,BBG000BWM797,INSM,INSMED INC,UC,Equity,Common Stock,Common Stock,INSM,BBG000BWM5P3,BBG001S9SKW7,,
104,104,TICKER,INSM,4.0,BBG000BWM8L1,INSM,INSMED INC,UN,Equity,Common Stock,Common Stock,INSM,BBG000BWM5P3,BBG001S9SKW7,,
104,104,TICKER,INSM,5.0,BBG000BWM9G5,INSM,INSMED INC,UP,Equity,Common Stock,Common Stock,INSM,BBG000BWM5P3,BBG001S9SKW7,,
104,104,TICKER,INSM,6.0,BBG000BWMBC4,INSM,INSMED INC,UB,Equity,Common Stock,Common Stock,INSM,BBG000BWM5P3,BBG001S9SKW7,,
104,104,TICKER,INSM,7.0,BBG000BWMBX1,INSM,INSMED INC,UM,Equity,Common Stock,Common Stock,INSM,BBG000BWM5P3,BBG001S9SKW7,,
104,104,TICKER,INSM,8.0,BBG000BWMC87,INSM,INSMED INC,UX,Equity,Common Stock,Common Stock,INSM,BBG000BWM5P3,BBG001S9SKW7,,
104,104,TICKER,INSM,9.0,BBG000BWMJ19,INSM,INSMED INC,UD,Equity,Common Stock,Common Stock,INSM,BBG000BWM5P3,BBG001S9SKW7,,
104,104,TICKER,INSM,10.0,BBG000BWMLH7,INSM,INSMED INC,UW,Equity,Common Stock,Common Stock,INSM,BBG000BWM5P3,BBG001S9SKW7,,
104,104,TICKER,INSM,11.0,BBG000BWMM58,INSM,INSMED INC,UF,Equity,Common Stock,Common Stock,INSM,BBG000BWM5P3,BBG001S9SKW7,,
104,104,TICKER,INSM,12.0,BBG000BWMMD9,INSM,INSMED INC,VY,Equity,Common Stock,Common Stock,INSM,BBG000BWM5P3,BBG001S9SKW7,,
104,104,TICKER,INSM,13.0,BBG000BWMMQ5,INSM,INSMED INC,VJ,Equity,Common Stock,Common Stock,INSM,BBG000BWM5P3,BBG001S9SKW7,,
104,104,TICKER,INSM,14.0,BBG000BWMN10,INSM,INSMED INC,VK,Equity,Common Stock,Common Stock,INSM,BBG000BWM5P3,BBG001S9SKW7,,
104,104,TICKER,INSM,15.0,BBG00DJFB2R1,INSM,INSMED INC,VF,Equity,Common Stock,Common Stock,INSM,BBG000BWM5P3,BBG001S9SKW7,,
104,104,TICKER,INSM,16.0,BBG00N6LGVW5,INSM,AMUNDI EURSTX600 INSURANCE,B3,Equity,ETP,Mutual Fund,INSM,BBG00N6LGVV6,BBG00N6LB6S0,,
104,104,TICKER,INSM,17.0,BBG00N6LGW44,INSM,AMUNDI EURSTX600 INSURANCE,EB,Equity,ETP,Mutual Fund,INSM,BBG00N6LGW35,BBG00N6LB6S0,,
104,104,TICKER,INSM,18.0,BBG00N6LGWC5,INSM,AMUNDI EURSTX600 INSURANCE,IX,Equity,ETP,Mutual Fund,INSM,BBG00N6LGW99,BBG00N6LB6S0,,
104,104,TICKER,INSM,19.0,BBG00N6LGXC3,INSM,LYXOR EURSTX600 INSURANCE,L3,Equity,ETP,Mutual Fund,INSM,BBG00N6LGXB4,BBG00N6LB6S0,,
104,104,TICKER,INSM,20.0,BBG00N6LGYD0,INSM,AMUNDI EURSTX600 INSURANCE,PO,Equity,ETP,Mutual Fund,INSM,BBG00N6LGYC1,BBG00N6LB6S0,,
104,104,TICKER,INSM,21.0,BBG00NQCJDW0,INSM,AMUNDI EURSTX600 INSURANCE,I2,Equity,ETP,Mutual Fund,INSM,BBG00NQCJDV1,BBG00N6LB6S0,,
104,104,TICKER,INSM,22.0,BBG00THFJ6M6,INSM,INSMED INC,VL,Equity,Common Stock,Common Stock,INSM,BBG000BWM5P3,BBG001S9SKW7,,
104,104,TICKER,INSM,23.0,BBG00X1MMZ32,INSM,INSMED INC,VG,Equity,Common Stock,Common Stock,INSM,BBG000BWM5P3,BBG001S9SKW7,,
104,104,TICKER,INSM,24.0,BBG00X1R2HJ6,INSM,INSMED INC,VP,Equity,Common Stock,Common Stock,INSM,BBG000BWM5P3,BBG001S9SKW7,,
104,104,TICKER,INSM,25.0,BBG00Y91P443,INSM,AMUNDI EURSTX600 INSURANCE,L1,Equity,ETP,Mutual Fund,INSM,BBG00Y91P434,BBG00N6LB6S0,,
104,104,TICKER,INSM,26.0,BBG012GN9T94,INSM,AMUNDI EURSTX600 INSURANCE,BQ,Equity,ETP,Mutual Fund,INSM,BBG012GN9T85,BBG00N6LB6S0,,
104,104,TICKER,INSM,27.0,BBG01V7XFLN2,INSM,INSMED INC,OC,Equity,Common Stock,Common Stock,INSM,BBG000BWM5P3,BBG001S9SKW7,,
104,104,TICKER,INSM,28.0,BBG01X4KQL57,INSM,INSMED INC,OD,Equity,Common Stock,Common Stock,INSM,BBG000BWM5P3,BBG001S9SKW7,,
104,104,TICKER,INSM,29.0,BBG021C05JL1,INSM,INSMED INC,VT,Equity,Common Stock,Common Stock,INSM,BBG000BWM5P3,BBG001S9SKW7,,
104,104,TICKER,INSM,30.0,BBG023NXBS81,INSM,AMUNDI EURSTX600 INSURANCE,S1,Equity,ETP,Mutual Fund,INSM,BBG023NXBS72,BBG00N6LB6S0,,
104,104,TICKER,INSM,31.0,BBG023NXBXB6,INSM,AMUNDI EURSTX600 INSURANCE,S4,Equity,ETP,Mutual Fund,INSM,BBG023NXBX99,BBG00N6LB6S0,,
104,104,TICKER,INSM,32.0,BBG024Y1BJ14,INSM,AMUNDI EURSTX600 INSURANCE,ER,Equity,ETP,Mutual Fund,INSM,BBG024Y1BJ05,BBG00N6LB6S0,,
105,105,TICKER,REC,0.0,BBG000BC7PF1,REC,RECORDATI INDUSTRIA CHIMICA,IM,Equity,Common Stock,Common Stock,REC,BBG000BC7P43,BBG001S699H6,,
105,105,TICKER,REC,1.0,BBG000BC7PV3,REC,RECORDATI INDUSTRIA CHIMICA,IC,Equity,Common Stock,Common Stock,REC,BBG000BC7P43,BBG001S699H6,,
105,105,TICKER,REC,2.0,BBG000BC7Q32,REC,RECORDATI INDUSTRIA CHIMICA,IF,Equity,Common Stock,Common Stock,REC,BBG000BC7P43,BBG001S699H6,,
105,105,TICKER,REC,3.0,BBG000BQFND8,REC,RECORD PLC,LN,Equity,Common Stock,Common Stock,REC,BBG000BQFMZ6,BBG001SGDWY9,,
105,105,TICKER,REC,4.0,BBG000C0RMW2,REC,ALLEGRO CULTURE LTD,GR,Equity,Common Stock,Common Stock,REC,BBG000C0RMW2,BBG001SFLYX9,,
105,105,TICKER,REC,5.0,BBG000C0RN32,REC,ALLEGRO CULTURE LTD,GF,Equity,Common Stock,Common Stock,REC,BBG000C0RMW2,BBG001SFLYX9,,
105,105,TICKER,REC,6.0,BBG000C1QWQ6,REC,RECORD ELECTRIC SAECA,PN,Equity,Common Stock,Common Stock,REC,BBG000C1QWH6,BBG001STWVV5,,
105,105,TICKER,REC,7.0,BBG00257DRN5,REC,RECORD RESOURCES INC,CN,Equity,Common Stock,Common Stock,REC,BBG00257DRN5,BBG00257DS80,,
105,105,TICKER,REC,8.0,BBG00257DRR1,REC,RECORD RESOURCES INC,CV,Equity,Common Stock,Common Stock,REC,BBG00257DRN5,BBG00257DS80,,
105,105,TICKER,REC,9.0,BBG00257DRW5,REC,RECORD RESOURCES INC,CJ,Equity,Common Stock,Common Stock,REC,BBG00257DRN5,BBG00257DS80,,
105,105,TICKER,REC,10.0,BBG00257DRZ2,REC,RECORD RESOURCES INC,TV,Equity,Common Stock,Common Stock,REC,BBG00257DRN5,BBG00257DS80,,
105,105,TICKER,REC,11.0,BBG00257DS26,REC,RECORD RESOURCES INC,TN,Equity,Common Stock,Common Stock,REC,BBG00257DRN5,BBG00257DS80,,
105,105,TICKER,REC,12.0,BBG00257DS35,REC,RECORD RESOURCES INC,TG,Equity,Common Stock,Common Stock,REC,BBG00257DRN5,BBG00257DS80,,
105,105,TICKER,REC,13.0,BBG00257DS44,REC,RECORD RESOURCES INC,TK,Equity,Common Stock,Common Stock,REC,BBG00257DRN5,BBG00257DS80,,
105,105,TICKER,REC,14.0,BBG00257DS53,REC,RECORD RESOURCES INC,TW,Equity,Common Stock,Common Stock,REC,BBG00257DRN5,BBG00257DS80,,
105,105,TICKER,REC,15.0,BBG003G8C0X8,REC,RECORD RESOURCES INC,DV,Equity,Common Stock,Common Stock,REC,BBG00257DRN5,BBG00257DS80,,
105,105,TICKER,REC,16.0,BBG004J9YTZ2,REC,RECORD RESOURCES INC,DS,Equity,Common Stock,Common Stock,REC,BBG00257DRN5,BBG00257DS80,,
105,105,TICKER,REC,17.0,BBG005XRLCZ4,REC,RECORD RESOURCES INC,DG,Equity,Common Stock,Common Stock,REC,BBG00257DRN5,BBG00257DS80,,
105,105,TICKER,REC,18.0,BBG0086KLDL6,REC,RECORD RESOURCES INC,QF,Equity,Common Stock,Common Stock,REC,BBG00257DRN5,BBG00257DS80,,
105,105,TICKER,REC,19.0,BBG0086KLDM5,REC,RECORD RESOURCES INC,QH,Equity,Common Stock,Common Stock,REC,BBG00257DRN5,BBG00257DS80,,
105,105,TICKER,REC,20.0,BBG00DVN47Q8,REC,RECORD RESOURCES INC,DK,Equity,Common Stock,Common Stock,REC,BBG00257DRN5,BBG00257DS80,,
105,105,TICKER,REC,21.0,BBG00HVY3697,REC,RECORDATI INDUSTRIA CHIMICA,AV,Equity,Common Stock,Common Stock,REC,BBG00HVY3688,BBG001S699H6,,
105,105,TICKER,REC,22.0,BBG00LN9LSY6,REC,RECORD RESOURCES INC,QG,Equity,Common Stock,Common Stock,REC,BBG00257DRN5,BBG00257DS80,,
105,105,TICKER,REC,23.0,BBG0125LKL49,REC,RECHARGE METALS LTD,AU,Equity,Common Stock,Common Stock,REC,BBG0125LKL49,BBG0125LKLC0,,
105,105,TICKER,REC,24.0,BBG0125LKL58,REC,RECHARGE METALS LTD,AT,Equity,Common Stock,Common Stock,REC,BBG0125LKL49,BBG0125LKLC0,,
105,105,TICKER,REC,25.0,BBG0125LKL94,REC,RECHARGE METALS LTD,AH,Equity,Common Stock,Common Stock,REC,BBG0125LKL49,BBG0125LKLC0,,
105,105,TICKER,REC,26.0,BBG019LPKKH5,REC,RECORD RESOURCES INC,BF,Equity,Common Stock,Common Stock,REC,BBG00257DRN5,BBG00257DS80,,
105,105,TICKER,REC,27.0,BBG01J14RKF7,REC,RECORD RESOURCES INC,HD,Equity,Common Stock,Common Stock,REC,BBG00257DRN5,BBG00257DS80,,
105,105,TICKER,REC,28.0,BBG01J15GVC5,REC,RECORD RESOURCES INC,HX,Equity,Common Stock,Common Stock,REC,BBG00257DRN5,BBG00257DS80,,
105,105,TICKER,REC,29.0,BBG01QLH0JQ0,REC,RECONNAISSANCE ENERGY AFRICA,NW,Equity,Common Stock,Common Stock,REC,BBG01QLH0JP1,BBG001SBJLL2,,
105,105,TICKER,REC,30.0,BBG0250G8M94,REC,RECORDATI INDUSTRIA CHIMICA,ER,Equity,Common Stock,Common Stock,REC,BBG0250G8M76,BBG001S699H6,,
105,105,TICKER,REC,31.0,KKG00000DNF7,REC,Regalcoin,,Curncy,Crypto,CRYPTO,,,,,
106,106,TICKER,2082,0.0,BBG01J19CDT3,2082,INVESTOR-MANAGEMENT UNITEONE,JP,Equity,ETP,Mutual Fund,2082,BBG01J19CDT3,BBG01J19CFF3,,
106,106,TICKER,2082,1.0,BBG01J19CDV0,2082,INVESTOR-MANAGEMENT UNITEONE,JT,Equity,ETP,Mutual Fund,2082,BBG01J19CDT3,BBG01J19CFF3,,
106,106,TICKER,2082,2.0,BBG01J19CF45,2082,INVESTOR-MANAGEMENT UNITEONE,JJ,Equity,ETP,Mutual Fund,2082,BBG01J19CDT3,BBG01J19CFF3,,
106,106,TICKER,2082,3.0,BBG01J19CF72,2082,INVESTOR-MANAGEMENT UNITEONE,JE,Equity,ETP,Mutual Fund,2082,BBG01J19CDT3,BBG01J19CFF3,,
106,106,TICKER,2082,4.0,BBG01J19CF90,2082,INVESTOR-MANAGEMENT UNITEONE,JU,Equity,ETP,Mutual Fund,2082,BBG01J19CDT3,BBG01J19CFF3,,
106,106,TICKER,2082,5.0,BBG01J19CFB7,2082,INVESTOR-MANAGEMENT UNITEONE,JW,Equity,ETP,Mutual Fund,2082,BBG01J19CDT3,BBG01J19CFF3,,
106,106,TICKER,2082,6.0,BBG01J19CFC6,2082,INVESTOR-MANAGEMENT UNITEONE,JV,Equity,ETP,Mutual Fund,2082,BBG01J19CDT3,BBG01J19CFF3,,
106,106,TICKER,2082,7.0,BBG0250FG424,2082,INVESTOR-MANAGEMENT UNITEONE,ER,Equity,ETP,Mutual Fund,2082,BBG0250FG415,BBG01J19CFF3,,
107,107,TICKER,000895,0.0,BBG000DYKF22,000895,HENAN SHUANGHUI INVESTMENT-A,CH,Equity,Common Stock,Common Stock,000895,BBG000DYKF22,BBG001SJWFK4,,
107,107,TICKER,000895,1.0,BBG000DYKFN9,000895,HENAN SHUANGHUI INVESTMENT-A,CS,Equity,Common Stock,Common Stock,000895,BBG000DYKF22,BBG001SJWFK4,,
107,107,TICKER,000895,2.0,BBG00F136NW6,000895,HENAN SHUANGHUI INVESTMENT-A,C2,Equity,Common Stock,Common Stock,000895,BBG00F136NT0,BBG001SJWFK4,,
108,108,TICKER,NESTLEIND,,,,,,,,,,,,No identifier found.,
109,109,TICKER,600905,0.0,BBG000QSRT24,600905,CHINA THREE GORGES RENEWAB-A,CH,Equity,Common Stock,Common Stock,600905,BBG000QSRT24,BBG001T8KQ71,,
109,109,TICKER,600905,1.0,BBG00T2108S3,600905,CHINA THREE GORGES RENEWAB-A,CG,Equity,Common Stock,Common Stock,600905,BBG000QSRT24,BBG001T8KQ71,,
109,109,TICKER,600905,2.0,BBG013Y4F6B4,600905,CHINA THREE GORGES RENEWAB-A,C1,Equity,Common Stock,Common Stock,600905,BBG013Y4F697,BBG001T8KQ71,,
110,110,TICKER,FIBRAPL14,,,,,,,,,,,,No identifier found.,
111,111,TICKER,LODHA,0.0,BBG000V15XP7,LODHA,LODHA DEVELOPERS LTD,IN,Equity,Common Stock,Common Stock,LODHA,BBG000V15XP7,BBG001T0XNY1,,
111,111,TICKER,LODHA,1.0,BBG000V15XY7,LODHA,LODHA DEVELOPERS LTD,IB,Equity,Common Stock,Common Stock,LODHA,BBG000V15XP7,BBG001T0XNY1,,
111,111,TICKER,LODHA,2.0,BBG000V15YB0,LODHA,LODHA DEVELOPERS LTD,IS,Equity,Common Stock,Common Stock,LODHA,BBG000V15XP7,BBG001T0XNY1,,
111,111,TICKER,LODHA,3.0,BBG024Y8JNB1,LODHA,LODHA DEVELOPERS LTD,ER,Equity,Common Stock,Common Stock,LODHA,BBG024Y8JN94,BBG001T0XNY1,,
112,112,TICKER,6446,0.0,BBG0063GF1Z0,6446,PHARMAESSENTIA CORP,TT (Taiwan Stock Exchange),Equity,Common Stock,Common Stock,6446,BBG0063GF1Y1,BBG0063GF1X2,,
112,112,TICKER,6446,1.0,BBG024YFXWS1,6446,PHARMAESSENTIA CORP,ER,Equity,Common Stock,Common Stock,6446,BBG024YFXWQ3,BBG0063GF1X2,,
113,113,TICKER,3898,0.0,BBG000C6Z021,3898,ZHUZHOU CRRC TIMES ELECTRI-H,HK,Equity,Common Stock,Common Stock,3898,BBG000C6YZR8,BBG001SLMP91,,
113,113,TICKER,3898,1.0,BBG007FFWJG0,3898,ZHUZHOU CRRC TIMES ELECTRI-H,H1,Equity,Common Stock,Common Stock,3898,BBG007FFWJF1,BBG001SLMP91,,
113,113,TICKER,3898,2.0,BBG00F1360T0,3898,ZHUZHOU CRRC TIMES ELECTRI-H,H2,Equity,Common Stock,Common Stock,3898,BBG00F1360S1,BBG001SLMP91,,
113,113,TICKER,3898,3.0,BBG024Y5WWH6,3898,ZHUZHOU CRRC TIMES ELECTRI-H,ER,Equity,Common Stock,Common Stock,3898,BBG024Y5WWG7,BBG001SLMP91,,
114,114,TICKER,3750,0.0,BBG000JMKG48,3750,ADR BIOMEDICAL HOLDINGS INC,JP,Equity,Common Stock,Common Stock,3750,BBG000JMKG48,BBG001SJ7GH4,,
114,114,TICKER,3750,1.0,BBG000JMKH55,3750,ADR BIOMEDICAL HOLDINGS INC,JT,Equity,Common Stock,Common Stock,3750,BBG000JMKG48,BBG001SJ7GH4,,
114,114,TICKER,3750,2.0,BBG000JMLSL2,3750,ADR BIOMEDICAL HOLDINGS INC,JJ,Equity,Common Stock,Common Stock,3750,BBG000JMKG48,BBG001SJ7GH4,,
114,114,TICKER,3750,3.0,BBG000JMLVJ8,3750,ADR BIOMEDICAL HOLDINGS INC,JE,Equity,Common Stock,Common Stock,3750,BBG000JMKG48,BBG001SJ7GH4,,
114,114,TICKER,3750,4.0,BBG002QKCDC7,3750,ADR BIOMEDICAL HOLDINGS INC,JU,Equity,Common Stock,Common Stock,3750,BBG000JMKG48,BBG001SJ7GH4,,
114,114,TICKER,3750,5.0,BBG00875HC99,3750,ADR BIOMEDICAL HOLDINGS INC,JW,Equity,Common Stock,Common Stock,3750,BBG000JMKG48,BBG001SJ7GH4,,
114,114,TICKER,3750,6.0,BBG0193R9LC7,3750,ADR BIOMEDICAL HOLDINGS INC,JV,Equity,Common Stock,Common Stock,3750,BBG000JMKG48,BBG001SJ7GH4,,
114,114,TICKER,3750,7.0,BBG01TYB8S12,3750,CONTEMPORARY AMPEREX TECHN-H,HK,Equity,Common Stock,Common Stock,3750,BBG01TYB8S03,BBG01TYB8S49,,
114,114,TICKER,3750,8.0,BBG01V8CD4G5,3750,CONTEMPORARY AMPEREX TECHN-H,SW,Equity,Common Stock,Common Stock,3750,BBG01V8CD4G5,BBG01TYB8S49,,
114,114,TICKER,3750,9.0,BBG01V8CD4Q4,3750,CONTEMPORARY AMPEREX TECHN-H,BW,Equity,Common Stock,Common Stock,3750,BBG01V8CD4G5,BBG01TYB8S49,,
114,114,TICKER,3750,10.0,BBG01VKPQ7N3,3750,CONTEMPORARY AMPEREX TECHN-H,H1,Equity,Common Stock,Common Stock,3750,BBG01VKPQ7M4,BBG01TYB8S49,,
114,114,TICKER,3750,11.0,BBG01VKPSX36,3750,CONTEMPORARY AMPEREX TECHN-H,H2,Equity,Common Stock,Common Stock,3750,BBG01VKPSX27,BBG01TYB8S49,,
114,114,TICKER,3750,12.0,BBG024Y0SMC9,3750,CONTEMPORARY AMPEREX TECHN-H,ER,Equity,Common Stock,Common Stock,3750,BBG024Y0SM93,BBG01TYB8S49,,
115,115,TICKER,COLPAL,,,,,,,,,,,,No identifier found.,
116,116,TICKER,3692,0.0,BBG0071FC7W5,3692,FFRI SECURITY INC,JP,Equity,Common Stock,Common Stock,3692,BBG0071FC7W5,BBG0071FC7V6,,
116,116,TICKER,3692,1.0,BBG0071FC7X4,3692,FFRI SECURITY INC,JT,Equity,Common Stock,Common Stock,3692,BBG0071FC7W5,BBG0071FC7V6,,
116,116,TICKER,3692,2.0,BBG0071FC862,3692,FFRI SECURITY INC,JJ,Equity,Common Stock,Common Stock,3692,BBG0071FC7W5,BBG0071FC7V6,,
116,116,TICKER,3692,3.0,BBG0071FC899,3692,FFRI SECURITY INC,JE,Equity,Common Stock,Common Stock,3692,BBG0071FC7W5,BBG0071FC7V6,,
116,116,TICKER,3692,4.0,BBG0071FC8C5,3692,FFRI SECURITY INC,JU,Equity,Common Stock,Common Stock,3692,BBG0071FC7W5,BBG0071FC7V6,,
116,116,TICKER,3692,5.0,BBG00875LJD4,3692,FFRI SECURITY INC,JW,Equity,Common Stock,Common Stock,3692,BBG0071FC7W5,BBG0071FC7V6,,
116,116,TICKER,3692,6.0,BBG00P78Y7N1,3692,HANSOH PHARMACEUTICAL GROUP,HK,Equity,Common Stock,Common Stock,3692,BBG00P78Y7M2,BBG00P78Y7P9,,
116,116,TICKER,3692,7.0,BBG00Q6WB3D2,3692,HANSOH PHARMACEUTICAL GROUP,H1,Equity,Common Stock,Common Stock,3692,BBG00Q6WB3C3,BBG00P78Y7P9,,
116,116,TICKER,3692,8.0,BBG00Q6WBGD3,3692,HANSOH PHARMACEUTICAL GROUP,H2,Equity,Common Stock,Common Stock,3692,BBG00Q6WBGC4,BBG00P78Y7P9,,
116,116,TICKER,3692,9.0,BBG0193RD154,3692,FFRI SECURITY INC,JV,Equity,Common Stock,Common Stock,3692,BBG0071FC7W5,BBG0071FC7V6,,
116,116,TICKER,3692,10.0,BBG024YMCB14,3692,HANSOH PHARMACEUTICAL GROUP,ER,Equity,Common Stock,Common Stock,3692,BBG024YMCB05,BBG00P78Y7P9,,
117,117,TICKER,605117,0.0,BBG00PM66Q20,605117,NINGBO DEYE TECHNOLOGY COR-A,CH,Equity,Common Stock,Common Stock,605117,BBG00PM66Q20,BBG00PM66Q39,,
117,117,TICKER,605117,1.0,BBG00PM66RH2,605117,NINGBO DEYE TECHNOLOGY COR-A,CG,Equity,Common Stock,Common Stock,605117,BBG00PM66Q20,BBG00PM66Q39,,
117,117,TICKER,605117,2.0,BBG013Y4D4B1,605117,NINGBO DEYE TECHNOLOGY COR-A,C1,Equity,Common Stock,Common Stock,605117,BBG013Y4D494,BBG00PM66Q39,,
118,118,TICKER,688187,0.0,BBG002FVD0G8,688187,ZHUZHOU CRRC TIMES ELECTRI-A,CH,Equity,Common Stock,Common Stock,688187,BBG002FVD0G8,BBG002FVD666,,
118,118,TICKER,688187,1.0,BBG00YQ8R2G8,688187,ZHUZHOU CRRC TIMES ELECTRI-A,CG,Equity,Common Stock,Common Stock,688187,BBG002FVD0G8,BBG002FVD666,,
118,118,TICKER,688187,2.0,BBG012F7HNF7,688187,ZHUZHOU CRRC TIMES ELECTRI-A,C1,Equity,Common Stock,Common Stock,688187,BBG012F7HND9,BBG002FVD666,,
119,119,TICKER,688578,0.0,BBG007J38S89,688578,SHANGHAI ALLIST PHARMACEUT-A,CH,Equity,Common Stock,Common Stock,688578,BBG007J38S89,BBG007J38S98,,
119,119,TICKER,688578,1.0,BBG00TC215P8,688578,SHANGHAI ALLIST PHARMACEUT-A,CG,Equity,Common Stock,Common Stock,688578,BBG007J38S89,BBG007J38S98,,
119,119,TICKER,688578,2.0,BBG01FR9TVM2,688578,SHANGHAI ALLIST PHARMACEUT-A,C1,Equity,Common Stock,Common Stock,688578,BBG01FR9TVL3,BBG007J38S98,,
